detection_rate_per_sec,mode,trial,animals,detected,det_rate,road_entries,collisions,col_rate,warnings,vehicles_alerted,mean_latency_s,in_range_latency_s,awareness_pct,frozen_on_road_s,n_foraging,n_approaching,n_hesitating,n_crossing,n_frozen,n_fleeing,wall_seconds
0.3,control,0,29,0,0.0,16,2,0.125,0,0,0.0,0.0,0.0,1.2,29,29,22,16,1,13,1.5261893272399902
0.3,control,1,29,0,0.0,17,1,0.058823529411764705,0,0,0.0,0.0,0.0,7.999999999999988,29,29,21,17,3,13,1.468064546585083
0.3,control,2,29,0,0.0,18,5,0.2777777777777778,0,0,0.0,0.0,0.0,5.999999999999995,29,29,21,18,3,11,1.5177075862884521
0.3,control,3,29,0,0.0,20,5,0.25,0,0,0.0,0.0,0.0,7.39999999999999,29,29,24,21,4,9,1.499927282333374
0.3,control,4,29,0,0.0,20,4,0.2,0,0,0.0,0.0,0.0,8.899999999999984,29,29,25,20,3,10,1.4905526638031006
0.3,control,5,29,0,0.0,22,2,0.09090909090909091,0,0,0.0,0.0,0.0,10.799999999999978,29,29,23,23,5,7,1.5383412837982178
0.3,control,6,29,0,0.0,21,3,0.14285714285714285,0,0,0.0,0.0,0.0,3.2000000000000015,29,29,23,22,2,8,1.500108003616333
0.3,control,7,29,0,0.0,15,3,0.2,0,0,0.0,0.0,0.0,0.6,29,29,18,15,2,14,1.4701793193817139
0.3,control,8,29,0,0.0,15,4,0.26666666666666666,0,0,0.0,0.0,0.0,16.599999999999966,29,29,22,16,7,15,1.4903223514556885
0.3,control,9,29,0,0.0,16,3,0.1875,0,0,0.0,0.0,0.0,20.200000000000017,29,29,24,17,7,14,1.5254969596862793
0.3,control,10,29,0,0.0,16,1,0.0625,0,0,0.0,0.0,0.0,9.499999999999982,29,29,21,17,3,14,1.4848308563232422
0.3,control,11,29,0,0.0,17,4,0.23529411764705882,0,0,0.0,0.0,0.0,13.09999999999997,29,29,24,17,5,14,1.491443157196045
0.3,control,12,29,0,0.0,14,2,0.14285714285714285,0,0,0.0,0.0,0.0,6.099999999999994,29,29,18,14,3,15,1.50809907913208
0.3,control,13,29,0,0.0,16,3,0.1875,0,0,0.0,0.0,0.0,0.8999999999999999,29,29,18,16,1,13,1.5359528064727783
0.3,control,14,29,0,0.0,15,2,0.13333333333333333,0,0,0.0,0.0,0.0,5.399999999999997,29,29,16,16,2,14,1.5052335262298584
0.3,detection,0,29,26,0.896551724137931,22,4,0.18181818181818182,26,260,5.0076923076980995,3.0807692307727175,10.847222222223737,3.600000000000002,29,29,25,23,2,7,2.444365978240967
0.3,detection,1,29,27,0.9310344827586207,23,2,0.08695652173913043,27,271,5.070370370372418,2.714814814817628,11.265277777779387,0.0,29,29,25,23,0,6,2.4646735191345215
0.3,detection,2,29,28,0.9655172413793104,18,0,0.0,28,281,4.696428571433765,2.7178571428604172,11.683333333335037,2.2000000000000006,29,29,26,18,1,11,2.5118675231933594
0.3,detection,3,29,28,0.9655172413793104,21,0,0.0,28,278,4.10000000000567,2.5928571428615035,11.681944444446149,0.0,29,29,25,21,0,8,2.416194200515747
0.3,detection,4,29,28,0.9655172413793104,19,1,0.05263157894736842,28,281,5.367857142862904,3.15357142857636,11.683333333335037,1.9000000000000006,29,29,26,19,1,10,2.4872922897338867
0.3,detection,5,29,27,0.9310344827586207,21,2,0.09523809523809523,27,269,4.3777777777823195,2.259259259261548,11.266666666668275,2.500000000000001,29,29,26,21,1,8,2.49379301071167
0.3,detection,6,29,25,0.8620689655172413,18,1,0.05555555555555555,25,250,4.104000000005905,1.8920000000009225,10.429166666668085,2.9000000000000012,29,29,22,18,1,11,2.4166131019592285
0.3,detection,7,29,29,1.0,22,2,0.09090909090909091,29,291,5.7034482758691265,2.855172413796675,12.100000000001799,4.000000000000002,29,29,27,22,1,7,2.422746181488037
0.3,detection,8,29,29,1.0,26,1,0.038461538461538464,29,292,4.486206896558259,1.779310344829707,12.100000000001799,3.900000000000002,29,29,29,26,1,3,2.409416913986206
0.3,detection,9,29,24,0.8275862068965517,18,0,0.0,24,239,4.379166666676348,2.6583333333383456,10.013888888890213,0.0,29,29,22,18,0,11,2.4967703819274902
0.3,detection,10,29,27,0.9310344827586207,23,3,0.13043478260869565,27,270,6.259259259266555,2.729629629633028,11.265277777779387,3.2000000000000015,29,29,26,23,1,6,2.4417366981506348
0.3,detection,11,29,26,0.896551724137931,22,1,0.045454545454545456,26,260,3.4769230769290433,2.0846153846185107,10.847222222223737,0.0,29,29,25,22,0,7,2.380099058151245
0.3,detection,12,29,27,0.9310344827586207,24,2,0.08333333333333333,27,268,4.9962962963048465,3.000000000004058,11.263888888890497,1.4000000000000001,29,29,25,24,1,6,2.4634594917297363
0.3,detection,13,29,26,0.896551724137931,20,0,0.0,26,259,4.9384615384668855,1.7807692307713279,10.848611111112625,2.9000000000000012,29,29,24,20,1,9,2.5044453144073486
0.3,detection,14,29,27,0.9310344827586207,17,1,0.058823529411764705,27,272,3.6037037037066506,1.9518518518543304,11.266666666668275,0.0,29,29,27,17,0,12,2.471219301223755
0.3,aware,0,29,27,0.9310344827586207,18,3,0.16666666666666666,27,274,4.800000000006232,2.2629629629663492,11.263888888890497,0.0,29,29,22,18,0,11,2.455265760421753
0.3,aware,1,29,26,0.896551724137931,14,1,0.07142857142857142,26,259,5.011538461545255,2.692307692311208,10.848611111112625,0.0,29,29,21,14,0,15,2.4342072010040283
0.3,aware,2,29,26,0.896551724137931,21,2,0.09523809523809523,26,261,4.942307692314254,3.1653846153881586,10.848611111112625,2.500000000000001,29,29,26,21,1,8,2.5417914390563965
0.3,aware,3,29,28,0.9655172413793104,25,1,0.04,28,286,5.521428571432786,2.5035714285747823,11.683333333335037,0.0,29,29,27,25,0,4,2.4799036979675293
0.3,aware,4,29,29,1.0,20,1,0.05,29,290,5.534482758626121,3.0620689655213384,12.100000000001799,3.5000000000000018,29,29,24,20,1,9,2.4734065532684326
0.3,aware,5,29,29,1.0,23,1,0.043478260869565216,29,292,4.60000000000788,1.9482758620735523,12.100000000001799,4.000000000000002,29,29,29,23,1,6,2.477233648300171
0.3,aware,6,29,28,0.9655172413793104,22,2,0.09090909090909091,28,280,5.28928571429003,2.9214285714308628,11.683333333335037,0.0,29,29,22,22,0,7,2.47249436378479
0.3,aware,7,29,28,0.9655172413793104,20,3,0.15,28,280,4.26428571428807,2.125000000001222,11.683333333335037,0.0,29,29,27,20,0,9,2.5462939739227295
0.3,aware,8,29,28,0.9655172413793104,23,2,0.08695652173913043,28,278,5.721428571431758,3.4142857142860072,11.683333333335037,3.4000000000000017,29,29,26,24,1,6,2.5122697353363037
0.3,aware,9,29,27,0.9310344827586207,23,1,0.043478260869565216,27,270,5.970370370378671,3.166666666672515,11.266666666668275,2.600000000000001,29,29,25,24,1,6,2.5366036891937256
0.3,aware,10,29,26,0.896551724137931,20,0,0.0,26,261,4.81538461539094,2.057692307694214,10.847222222223737,0.0,29,29,26,20,0,9,2.521259307861328
0.3,aware,11,29,28,0.9655172413793104,19,0,0.0,28,278,4.735714285718501,2.71428571428792,11.683333333335037,0.0,29,29,26,19,0,10,2.505640745162964
0.3,aware,12,29,28,0.9655172413793104,20,1,0.05,28,283,6.050000000005802,4.060714285717415,11.681944444446149,1.5000000000000002,29,29,23,20,1,9,2.5283098220825195
0.3,aware,13,29,25,0.8620689655172413,15,0,0.0,25,253,5.100000000006413,2.8040000000057272,10.431944444445863,0.0,29,29,20,15,0,14,2.5357253551483154
0.3,aware,14,29,25,0.8620689655172413,19,0,0.0,25,251,4.180000000005922,2.1080000000010046,10.431944444445863,0.0,29,29,24,19,0,10,2.5182242393493652
0.5,control,0,29,0,0.0,16,2,0.125,0,0,0.0,0.0,0.0,1.2,29,29,22,16,1,13,1.5000433921813965
0.5,control,1,29,0,0.0,17,1,0.058823529411764705,0,0,0.0,0.0,0.0,7.999999999999988,29,29,21,17,3,13,1.4911084175109863
0.5,control,2,29,0,0.0,18,5,0.2777777777777778,0,0,0.0,0.0,0.0,5.999999999999995,29,29,21,18,3,11,1.5007054805755615
0.5,control,3,29,0,0.0,20,5,0.25,0,0,0.0,0.0,0.0,7.39999999999999,29,29,24,21,4,9,1.4967021942138672
0.5,control,4,29,0,0.0,20,4,0.2,0,0,0.0,0.0,0.0,8.899999999999984,29,29,25,20,3,10,1.5423774719238281
0.5,control,5,29,0,0.0,22,2,0.09090909090909091,0,0,0.0,0.0,0.0,10.799999999999978,29,29,23,23,5,7,1.5448930263519287
0.5,control,6,29,0,0.0,21,3,0.14285714285714285,0,0,0.0,0.0,0.0,3.2000000000000015,29,29,23,22,2,8,1.5855655670166016
0.5,control,7,29,0,0.0,15,3,0.2,0,0,0.0,0.0,0.0,0.6,29,29,18,15,2,14,1.5590167045593262
0.5,control,8,29,0,0.0,15,4,0.26666666666666666,0,0,0.0,0.0,0.0,16.599999999999966,29,29,22,16,7,15,1.5343208312988281
0.5,control,9,29,0,0.0,16,3,0.1875,0,0,0.0,0.0,0.0,20.200000000000017,29,29,24,17,7,14,1.504197359085083
0.5,control,10,29,0,0.0,16,1,0.0625,0,0,0.0,0.0,0.0,9.499999999999982,29,29,21,17,3,14,1.495215654373169
0.5,control,11,29,0,0.0,17,4,0.23529411764705882,0,0,0.0,0.0,0.0,13.09999999999997,29,29,24,17,5,14,1.5395770072937012
0.5,control,12,29,0,0.0,14,2,0.14285714285714285,0,0,0.0,0.0,0.0,6.099999999999994,29,29,18,14,3,15,1.51580810546875
0.5,control,13,29,0,0.0,16,3,0.1875,0,0,0.0,0.0,0.0,0.8999999999999999,29,29,18,16,1,13,1.552196979522705
0.5,control,14,29,0,0.0,15,2,0.13333333333333333,0,0,0.0,0.0,0.0,5.399999999999997,29,29,16,16,2,14,1.5855579376220703
0.5,detection,0,29,28,0.9655172413793104,22,3,0.13636363636363635,28,285,4.339285714293844,1.6714285714312018,11.681944444446149,0.0,29,29,26,22,0,7,2.538782835006714
0.5,detection,1,29,29,1.0,17,0,0.0,29,291,2.8931034482781066,1.355172413794708,12.100000000001799,2.1000000000000005,29,29,28,17,1,12,2.4425461292266846
0.5,detection,2,29,29,1.0,21,0,0.0,29,289,3.762068965519967,1.9827586206926346,12.100000000001799,0.0,29,29,27,21,0,8,2.44653582572937
0.5,detection,3,29,29,1.0,22,1,0.045454545454545456,29,291,4.21724137931518,2.348275862071031,12.100000000001799,0.0,29,29,23,22,0,7,2.4462246894836426
0.5,detection,4,29,28,0.9655172413793104,24,1,0.041666666666666664,28,280,3.271428571431531,1.8142857142874729,11.683333333335037,0.0,29,29,27,24,0,5,2.46604061126709
0.5,detection,5,29,28,0.9655172413793104,24,3,0.125,28,282,3.832142857148761,1.9035714285750274,11.683333333335037,0.0,29,29,25,24,0,5,2.478792190551758
0.5,detection,6,29,25,0.8620689655172413,20,1,0.05,25,251,5.312000000004185,2.2800000000026044,10.431944444445863,2.700000000000001,29,29,23,20,1,9,2.5924363136291504
0.5,detection,7,29,28,0.9655172413793104,22,1,0.045454545454545456,28,279,4.000000000003482,1.717857142857771,11.683333333335037,0.0,29,29,28,22,0,7,2.4773123264312744
0.5,detection,8,29,26,0.896551724137931,20,1,0.05,26,261,3.1576923076964243,1.0384615384623703,10.848611111112625,0.0,29,29,24,20,0,9,2.491088390350342
0.5,detection,9,29,29,1.0,23,2,0.08695652173913043,29,288,2.7551724137972955,1.1862068965527015,12.100000000001799,2.600000000000001,29,29,28,23,1,6,2.496915578842163
0.5,detection,10,29,28,0.9655172413793104,24,0,0.0,28,273,5.046428571435064,1.8821428571441072,11.683333333335037,0.0,29,29,26,24,0,5,2.517225980758667
0.5,detection,11,29,29,1.0,23,1,0.043478260869565216,29,290,3.4206896551772177,1.3827586206910505,12.100000000001799,0.0,29,29,28,23,0,6,2.4654734134674072
0.5,detection,12,29,29,1.0,25,2,0.08,29,292,4.717241379317398,2.396551724140204,12.100000000001799,0.0,29,29,28,25,0,4,2.5062832832336426
0.5,detection,13,29,26,0.896551724137931,19,0,0.0,26,265,3.053846153848925,1.8576923076935827,10.848611111112625,0.0,29,29,23,19,0,10,2.462465763092041
0.5,detection,14,29,28,0.9655172413793104,19,3,0.15789473684210525,28,278,4.98214285714879,1.871428571430959,11.681944444446149,3.0000000000000013,29,29,25,19,1,10,2.5158257484436035
0.5,aware,0,29,29,1.0,23,0,0.0,29,295,3.920689655175971,1.0275862068975028,12.100000000001799,0.0,29,29,25,23,0,6,2.43823504447937
0.5,aware,1,29,29,1.0,19,3,0.15789473684210525,29,282,4.4931034482798236,1.7965517241395588,12.100000000001799,2.2000000000000006,29,29,25,19,1,10,2.5226190090179443
0.5,aware,2,29,29,1.0,23,1,0.043478260869565216,29,294,4.589655172418391,2.048275862070093,12.100000000001799,3.4000000000000017,29,29,28,23,1,6,2.461854934692383
0.5,aware,3,29,28,0.9655172413793104,18,1,0.05555555555555555,28,284,5.5107142857197156,2.057142857144623,11.683333333335037,0.0,29,29,25,18,0,11,2.4492809772491455
0.5,aware,4,29,28,0.9655172413793104,18,2,0.1111111111111111,28,281,3.339285714291287,1.3321428571450826,11.681944444446149,2.2000000000000006,29,29,22,18,1,12,2.4760468006134033
0.5,aware,5,29,29,1.0,23,0,0.0,29,291,2.9034482758650313,1.0206896551742846,12.100000000001799,0.0,29,29,28,23,0,6,2.496990919113159
0.5,aware,6,29,28,0.9655172413793104,23,1,0.043478260869565216,28,281,3.321428571432096,1.7964285714311603,11.683333333335037,0.0,29,29,26,23,0,6,2.4567463397979736
0.5,aware,7,29,28,0.9655172413793104,18,0,0.0,28,281,4.771428571433645,1.2750000000009802,11.681944444446149,0.0,29,29,27,18,0,11,2.493370771408081
0.5,aware,8,29,29,1.0,21,0,0.0,29,290,3.765517241384806,1.4172413793123724,12.100000000001799,0.0,29,29,27,21,0,8,2.501960039138794
0.5,aware,9,29,27,0.9310344827586207,23,3,0.13043478260869565,27,270,3.514814814819171,1.8000000000033145,11.263888888890497,0.0,29,29,24,23,0,6,2.533517599105835
0.5,aware,10,29,27,0.9310344827586207,20,2,0.1,27,270,5.3925925926025675,2.1888888888939846,11.263888888890497,0.0,29,29,23,20,0,9,2.4363996982574463
0.5,aware,11,29,29,1.0,23,3,0.13043478260869565,29,288,4.51379310345327,1.8448275862087282,12.100000000001799,3.1000000000000014,29,29,26,23,1,6,2.5156948566436768
0.5,aware,12,29,29,1.0,25,1,0.04,29,290,3.4310344827597614,1.668965517242041,12.100000000001799,2.1000000000000005,29,29,27,25,1,4,2.50400447845459
0.5,aware,13,29,29,1.0,23,0,0.0,29,287,3.1241379310377306,1.5137931034501106,12.100000000001799,0.0,29,29,27,23,0,6,2.408207654953003
0.5,aware,14,29,29,1.0,23,0,0.0,29,290,4.100000000005594,1.91724137931308,12.100000000001799,4.699999999999999,29,29,27,23,2,6,2.510395050048828
1.0,control,0,29,0,0.0,16,2,0.125,0,0,0.0,0.0,0.0,1.2,29,29,22,16,1,13,1.5307846069335938
1.0,control,1,29,0,0.0,17,1,0.058823529411764705,0,0,0.0,0.0,0.0,7.999999999999988,29,29,21,17,3,13,1.5973169803619385
1.0,control,2,29,0,0.0,18,5,0.2777777777777778,0,0,0.0,0.0,0.0,5.999999999999995,29,29,21,18,3,11,1.5692169666290283
1.0,control,3,29,0,0.0,20,5,0.25,0,0,0.0,0.0,0.0,7.39999999999999,29,29,24,21,4,9,1.5421831607818604
1.0,control,4,29,0,0.0,20,4,0.2,0,0,0.0,0.0,0.0,8.899999999999984,29,29,25,20,3,10,1.5030858516693115
1.0,control,5,29,0,0.0,22,2,0.09090909090909091,0,0,0.0,0.0,0.0,10.799999999999978,29,29,23,23,5,7,1.5531699657440186
1.0,control,6,29,0,0.0,21,3,0.14285714285714285,0,0,0.0,0.0,0.0,3.2000000000000015,29,29,23,22,2,8,1.5642633438110352
1.0,control,7,29,0,0.0,15,3,0.2,0,0,0.0,0.0,0.0,0.6,29,29,18,15,2,14,1.6440157890319824
1.0,control,8,29,0,0.0,15,4,0.26666666666666666,0,0,0.0,0.0,0.0,16.599999999999966,29,29,22,16,7,15,1.545839548110962
1.0,control,9,29,0,0.0,16,3,0.1875,0,0,0.0,0.0,0.0,20.200000000000017,29,29,24,17,7,14,1.5790064334869385
1.0,control,10,29,0,0.0,16,1,0.0625,0,0,0.0,0.0,0.0,9.499999999999982,29,29,21,17,3,14,1.5424678325653076
1.0,control,11,29,0,0.0,17,4,0.23529411764705882,0,0,0.0,0.0,0.0,13.09999999999997,29,29,24,17,5,14,1.5516290664672852
1.0,control,12,29,0,0.0,14,2,0.14285714285714285,0,0,0.0,0.0,0.0,6.099999999999994,29,29,18,14,3,15,1.5500717163085938
1.0,control,13,29,0,0.0,16,3,0.1875,0,0,0.0,0.0,0.0,0.8999999999999999,29,29,18,16,1,13,1.5691173076629639
1.0,control,14,29,0,0.0,15,2,0.13333333333333333,0,0,0.0,0.0,0.0,5.399999999999997,29,29,16,16,2,14,1.507091760635376
1.0,detection,0,29,29,1.0,25,1,0.04,29,293,2.993103448279846,0.8310344827597809,12.100000000001799,0.0,29,29,29,25,0,4,2.4326372146606445
1.0,detection,1,29,29,1.0,18,1,0.05555555555555555,29,294,2.4310344827615933,0.8137931034490695,12.100000000001799,3.600000000000002,29,29,25,18,1,11,2.4456541538238525
1.0,detection,2,29,27,0.9310344827586207,23,1,0.043478260869565216,27,270,3.255555555558763,0.8962962962977001,11.266666666668275,0.0,29,29,26,23,0,6,2.413148880004883
1.0,detection,3,29,29,1.0,20,2,0.1,29,288,2.6034482758669633,1.0379310344847843,12.100000000001799,0.0,29,29,26,20,0,9,2.4976418018341064
1.0,detection,4,29,29,1.0,18,1,0.05555555555555555,29,289,3.172413793107794,1.2172413793111323,12.100000000001799,0.0,29,29,25,18,0,11,2.4340827465057373
1.0,detection,5,29,27,0.9310344827586207,19,1,0.05263157894736842,27,272,3.2259259259281343,0.822222222222925,11.266666666668275,0.0,29,29,25,19,0,10,2.5496432781219482
1.0,detection,6,29,29,1.0,19,1,0.05263157894736842,29,294,4.531034482765562,0.7413793103457714,12.100000000001799,0.0,29,29,27,19,0,10,2.5179269313812256
1.0,detection,7,29,29,1.0,24,0,0.0,29,290,3.1793103448312894,0.9931034482774099,12.100000000001799,0.0,29,29,26,24,0,5,2.461031913757324
1.0,detection,8,29,28,0.9655172413793104,21,0,0.0,28,281,3.5178571428587153,0.9892857142863788,11.683333333335037,0.0,29,29,25,21,0,8,2.488178014755249
1.0,detection,9,29,29,1.0,19,0,0.0,29,285,2.755172413796809,0.8482758620700463,12.100000000001799,0.0,29,29,25,19,0,10,2.5742075443267822
1.0,detection,10,29,28,0.9655172413793104,25,0,0.0,28,276,1.9107142857173005,0.7500000000005949,11.683333333335037,0.0,29,29,27,25,0,4,2.564927339553833
1.0,detection,11,29,29,1.0,23,3,0.13043478260869565,29,291,2.875862068969418,0.6034482758625002,12.100000000001799,0.0,29,29,28,23,0,6,2.5031683444976807
1.0,detection,12,29,29,1.0,19,1,0.05263157894736842,29,291,3.8448275862129564,0.8310344827597888,12.100000000001799,10.29999999999998,29,29,27,19,3,10,2.4876341819763184
1.0,detection,13,29,27,0.9310344827586207,20,2,0.1,27,271,3.7259259259318047,0.7000000000008371,11.266666666668275,1.3,29,29,25,20,1,9,2.572023630142212
1.0,detection,14,29,28,0.9655172413793104,19,0,0.0,28,282,3.9071428571480786,1.0607142857151532,11.683333333335037,0.0,29,29,25,19,0,10,2.509089469909668
1.0,aware,0,29,28,0.9655172413793104,22,1,0.045454545454545456,28,279,3.1142857142885134,1.0250000000011101,11.681944444446149,0.0,29,29,27,22,0,7,2.465210437774658
1.0,aware,1,29,29,1.0,20,1,0.05,29,287,2.8482758620736077,0.5241379310348606,12.100000000001799,0.0,29,29,27,20,0,9,2.483039617538452
1.0,aware,2,29,27,0.9310344827586207,24,2,0.08333333333333333,27,273,2.955555555559519,0.9629629629638756,11.263888888890497,0.0,29,29,27,24,0,5,2.4886574745178223
1.0,aware,3,29,28,0.9655172413793104,21,1,0.047619047619047616,28,283,3.1071428571485833,1.167857142859131,11.683333333335037,3.2000000000000015,29,29,26,21,1,8,2.5193583965301514
1.0,aware,4,29,29,1.0,20,2,0.1,29,290,2.5034482758636516,1.0275862068981123,12.100000000001799,0.0,29,29,26,20,0,9,2.5892159938812256
1.0,aware,5,29,29,1.0,25,1,0.04,29,291,2.4931034482791583,0.7344827586220601,12.100000000001799,0.0,29,29,27,25,0,4,2.5438883304595947
1.0,aware,6,29,29,1.0,25,2,0.08,29,300,2.4206896551768127,0.6310344827596256,12.100000000001799,0.0,29,29,26,25,0,4,2.4743895530700684
1.0,aware,7,29,28,0.9655172413793104,24,1,0.041666666666666664,28,279,2.9607142857161373,1.2285714285723575,11.683333333335037,2.400000000000001,29,29,26,24,1,5,2.5433120727539062
1.0,aware,8,29,29,1.0,20,0,0.0,29,291,2.641379310348613,0.7620689655182458,12.100000000001799,0.0,29,29,27,20,0,9,2.549978256225586
1.0,aware,9,29,29,1.0,22,0,0.0,29,291,2.910344827589148,0.800000000001259,12.100000000001799,0.0,29,29,28,22,0,7,2.497562885284424
1.0,aware,10,29,28,0.9655172413793104,20,0,0.0,28,282,3.4464285714332683,1.367857142858339,11.683333333335037,0.0,29,29,25,20,0,9,2.557371139526367
1.0,aware,11,29,29,1.0,20,3,0.15,29,289,3.7068965517301065,0.996551724139811,12.100000000001799,0.0,29,29,26,20,0,9,2.615300416946411
1.0,aware,12,29,29,1.0,19,1,0.05263157894736842,29,293,3.0827586206910236,0.6689655172419166,12.100000000001799,0.0,29,29,26,19,0,10,2.5436878204345703
1.0,aware,13,29,29,1.0,22,2,0.09090909090909091,29,288,2.93793103448754,0.8482758620701512,12.100000000001799,0.0,29,29,27,22,0,7,2.594712257385254
1.0,aware,14,29,29,1.0,19,0,0.0,29,292,2.975862068970956,1.062068965519247,12.100000000001799,3.4000000000000017,29,29,27,19,1,10,2.4894938468933105
2.0,control,0,29,0,0.0,16,2,0.125,0,0,0.0,0.0,0.0,1.2,29,29,22,16,1,13,1.49705171585083
2.0,control,1,29,0,0.0,17,1,0.058823529411764705,0,0,0.0,0.0,0.0,7.999999999999988,29,29,21,17,3,13,1.5316493511199951
2.0,control,2,29,0,0.0,18,5,0.2777777777777778,0,0,0.0,0.0,0.0,5.999999999999995,29,29,21,18,3,11,1.6383402347564697
2.0,control,3,29,0,0.0,20,5,0.25,0,0,0.0,0.0,0.0,7.39999999999999,29,29,24,21,4,9,1.6711976528167725
2.0,control,4,29,0,0.0,20,4,0.2,0,0,0.0,0.0,0.0,8.899999999999984,29,29,25,20,3,10,1.695953130722046
2.0,control,5,29,0,0.0,22,2,0.09090909090909091,0,0,0.0,0.0,0.0,10.799999999999978,29,29,23,23,5,7,1.6436011791229248
2.0,control,6,29,0,0.0,21,3,0.14285714285714285,0,0,0.0,0.0,0.0,3.2000000000000015,29,29,23,22,2,8,1.6244707107543945
2.0,control,7,29,0,0.0,15,3,0.2,0,0,0.0,0.0,0.0,0.6,29,29,18,15,2,14,1.5921027660369873
2.0,control,8,29,0,0.0,15,4,0.26666666666666666,0,0,0.0,0.0,0.0,16.599999999999966,29,29,22,16,7,15,1.7884187698364258
2.0,control,9,29,0,0.0,16,3,0.1875,0,0,0.0,0.0,0.0,20.200000000000017,29,29,24,17,7,14,1.7271196842193604
2.0,control,10,29,0,0.0,16,1,0.0625,0,0,0.0,0.0,0.0,9.499999999999982,29,29,21,17,3,14,1.6632602214813232
2.0,control,11,29,0,0.0,17,4,0.23529411764705882,0,0,0.0,0.0,0.0,13.09999999999997,29,29,24,17,5,14,1.6963353157043457
2.0,control,12,29,0,0.0,14,2,0.14285714285714285,0,0,0.0,0.0,0.0,6.099999999999994,29,29,18,14,3,15,1.6400115489959717
2.0,control,13,29,0,0.0,16,3,0.1875,0,0,0.0,0.0,0.0,0.8999999999999999,29,29,18,16,1,13,1.5728201866149902
2.0,control,14,29,0,0.0,15,2,0.13333333333333333,0,0,0.0,0.0,0.0,5.399999999999997,29,29,16,16,2,14,1.561185598373413
2.0,detection,0,29,28,0.9655172413793104,19,0,0.0,28,282,2.114285714291099,0.6178571428583339,11.681944444446149,0.0,29,29,26,19,0,10,2.4604170322418213
2.0,detection,1,29,29,1.0,21,0,0.0,29,290,3.1827586206914766,0.8448275862078061,12.100000000001799,2.9000000000000012,29,29,29,22,1,8,2.4910130500793457
2.0,detection,2,29,28,0.9655172413793104,20,2,0.1,28,282,2.900000000003943,0.4142857142861404,11.683333333335037,0.0,29,29,25,20,0,9,2.465163230895996
2.0,detection,3,29,29,1.0,21,3,0.14285714285714285,29,287,2.2310344827586164,0.6034482758624041,12.100000000001799,3.5000000000000018,29,29,27,21,1,8,2.4324028491973877
2.0,detection,4,29,29,1.0,20,3,0.15,29,287,2.958620689658109,0.427586206897038,12.100000000001799,1.5000000000000002,29,29,25,20,1,9,2.424185037612915
2.0,detection,5,29,29,1.0,21,1,0.047619047619047616,29,287,1.9448275862072024,0.3758620689658791,12.100000000001799,0.0,29,29,25,21,0,8,2.514218330383301
2.0,detection,6,29,28,0.9655172413793104,17,0,0.0,28,278,3.0464285714324544,0.5321428571438663,11.681944444446149,0.0,29,29,24,17,0,12,2.4877469539642334
2.0,detection,7,29,29,1.0,24,2,0.08333333333333333,29,290,2.0689655172434462,0.4655172413797935,12.100000000001799,1.8000000000000005,29,29,27,24,1,5,2.488659620285034
2.0,detection,8,29,29,1.0,20,2,0.1,29,293,2.734482758622077,0.3827586206903351,12.100000000001799,5.599999999999996,29,29,26,20,2,9,2.5558462142944336
2.0,detection,9,29,29,1.0,23,0,0.0,29,289,2.6965517241406984,0.5448275862072655,12.100000000001799,0.0,29,29,29,23,0,6,2.4206488132476807
2.0,detection,10,29,28,0.9655172413793104,17,0,0.0,28,279,3.3321428571464042,0.4392857142863948,11.681944444446149,0.0,29,29,24,17,0,12,2.4361464977264404
2.0,detection,11,29,29,1.0,21,1,0.047619047619047616,29,290,3.706896551727283,0.4310344827592715,12.100000000001799,2.9000000000000012,29,29,25,21,1,8,2.538982629776001
2.0,detection,12,29,29,1.0,24,1,0.041666666666666664,29,291,2.5344827586227665,0.562068965517964,12.100000000001799,4.899999999999999,29,29,27,24,2,5,2.4672203063964844
2.0,detection,13,29,27,0.9310344827586207,22,0,0.0,27,273,2.1555555555592414,0.42962962963017365,11.266666666668275,0.0,29,29,24,22,0,7,2.4816737174987793
2.0,detection,14,29,29,1.0,20,0,0.0,29,290,2.0482758620722272,0.444827586207571,12.100000000001799,0.0,29,29,27,20,0,9,2.44256329536438
2.0,aware,0,29,28,0.9655172413793104,20,1,0.05,28,283,2.710714285716795,0.32857142857175603,11.683333333335037,0.0,29,29,23,20,0,9,2.480785608291626
2.0,aware,1,29,29,1.0,21,1,0.047619047619047616,29,290,3.5517241379348095,0.4034482758621881,12.100000000001799,1.2,29,29,27,21,1,8,2.4523417949676514
2.0,aware,2,29,29,1.0,24,1,0.041666666666666664,29,288,2.6931034482811276,0.5448275862076869,12.100000000001799,0.0,29,29,27,24,0,5,2.4965813159942627
2.0,aware,3,29,28,0.9655172413793104,24,1,0.041666666666666664,28,282,3.4000000000034487,0.5321428571436319,11.683333333335037,0.0,29,29,28,24,0,5,2.475231170654297
2.0,aware,4,29,28,0.9655172413793104,24,1,0.041666666666666664,28,282,2.3392857142882946,0.48571428571534014,11.681944444446149,0.0,29,29,26,24,0,5,2.5063064098358154
2.0,aware,5,29,28,0.9655172413793104,25,2,0.08,28,279,2.800000000002684,0.38214285714342316,11.681944444446149,2.2000000000000006,29,29,28,25,1,4,2.4478344917297363
2.0,aware,6,29,28,0.9655172413793104,18,1,0.05555555555555555,28,278,2.4750000000010366,0.6250000000007826,11.683333333335037,0.0,29,29,24,18,0,11,2.43717622756958
2.0,aware,7,29,29,1.0,19,0,0.0,29,292,1.8896551724159418,0.49655172413838206,12.100000000001799,0.0,29,29,27,19,0,10,2.496455192565918
2.0,aware,8,29,29,1.0,18,0,0.0,29,292,2.362068965520309,0.5655172413793488,12.100000000001799,2.2000000000000006,29,29,26,18,1,11,2.4546611309051514
2.0,aware,9,29,29,1.0,20,1,0.05,29,293,2.8206896551754377,0.5275862068967109,12.100000000001799,0.0,29,29,27,20,0,9,2.4964029788970947
2.0,aware,10,29,29,1.0,22,1,0.045454545454545456,29,290,3.5034482758661585,0.2827586206898694,12.100000000001799,0.0,29,29,28,22,0,7,2.4740939140319824
2.0,aware,11,29,29,1.0,24,1,0.041666666666666664,29,292,3.506896551724863,0.5206896551730565,12.100000000001799,0.0,29,29,27,24,0,5,2.41581392288208
2.0,aware,12,29,26,0.896551724137931,22,1,0.045454545454545456,26,263,2.553846153847689,0.4884615384621622,10.848611111112625,0.0,29,29,26,22,0,7,2.481785774230957
2.0,aware,13,29,29,1.0,24,2,0.08333333333333333,29,291,2.475862068966391,0.3413793103450003,12.100000000001799,0.0,29,29,29,24,0,5,2.5357613563537598
2.0,aware,14,29,29,1.0,18,2,0.1111111111111111,29,290,1.8689655172441084,0.5689655172415518,12.100000000001799,1.2,29,29,27,18,1,11,2.5155537128448486
3.0,control,0,29,0,0.0,16,2,0.125,0,0,0.0,0.0,0.0,1.2,29,29,22,16,1,13,1.578752040863037
3.0,control,1,29,0,0.0,17,1,0.058823529411764705,0,0,0.0,0.0,0.0,7.999999999999988,29,29,21,17,3,13,1.6558701992034912
3.0,control,2,29,0,0.0,18,5,0.2777777777777778,0,0,0.0,0.0,0.0,5.999999999999995,29,29,21,18,3,11,1.6311697959899902
3.0,control,3,29,0,0.0,20,5,0.25,0,0,0.0,0.0,0.0,7.39999999999999,29,29,24,21,4,9,1.5430119037628174
3.0,control,4,29,0,0.0,20,4,0.2,0,0,0.0,0.0,0.0,8.899999999999984,29,29,25,20,3,10,1.537240743637085
3.0,control,5,29,0,0.0,22,2,0.09090909090909091,0,0,0.0,0.0,0.0,10.799999999999978,29,29,23,23,5,7,1.5530240535736084
3.0,control,6,29,0,0.0,21,3,0.14285714285714285,0,0,0.0,0.0,0.0,3.2000000000000015,29,29,23,22,2,8,1.5592644214630127
3.0,control,7,29,0,0.0,15,3,0.2,0,0,0.0,0.0,0.0,0.6,29,29,18,15,2,14,1.6773755550384521
3.0,control,8,29,0,0.0,15,4,0.26666666666666666,0,0,0.0,0.0,0.0,16.599999999999966,29,29,22,16,7,15,1.6358520984649658
3.0,control,9,29,0,0.0,16,3,0.1875,0,0,0.0,0.0,0.0,20.200000000000017,29,29,24,17,7,14,1.616598129272461
3.0,control,10,29,0,0.0,16,1,0.0625,0,0,0.0,0.0,0.0,9.499999999999982,29,29,21,17,3,14,1.5407333374023438
3.0,control,11,29,0,0.0,17,4,0.23529411764705882,0,0,0.0,0.0,0.0,13.09999999999997,29,29,24,17,5,14,1.5342650413513184
3.0,control,12,29,0,0.0,14,2,0.14285714285714285,0,0,0.0,0.0,0.0,6.099999999999994,29,29,18,14,3,15,1.5457944869995117
3.0,control,13,29,0,0.0,16,3,0.1875,0,0,0.0,0.0,0.0,0.8999999999999999,29,29,18,16,1,13,1.5765035152435303
3.0,control,14,29,0,0.0,15,2,0.13333333333333333,0,0,0.0,0.0,0.0,5.399999999999997,29,29,16,16,2,14,1.5375611782073975
3.0,detection,0,29,29,1.0,21,4,0.19047619047619047,29,290,1.9034482758632378,0.2827586206898988,12.100000000001799,0.0,29,29,27,21,0,8,2.492255210876465
3.0,detection,1,29,29,1.0,21,0,0.0,29,291,1.9275862068990286,0.32758620689684576,12.100000000001799,0.0,29,29,26,21,0,8,2.493098258972168
3.0,detection,2,29,29,1.0,20,3,0.15,29,291,1.8344827586224974,0.17931034482775143,12.100000000001799,0.0,29,29,24,20,0,9,2.4708938598632812
3.0,detection,3,29,28,0.9655172413793104,20,0,0.0,28,279,2.0107142857174645,0.2892857142859516,11.683333333335037,0.0,29,29,25,20,0,9,2.507638931274414
3.0,detection,4,29,29,1.0,24,1,0.041666666666666664,29,293,3.0275862068990373,0.36206896551770495,12.100000000001799,0.0,29,29,27,24,0,5,2.437486171722412
3.0,detection,5,29,29,1.0,21,2,0.09523809523809523,29,290,3.717241379313445,0.26206896551736175,12.100000000001799,0.0,29,29,25,21,0,8,2.514504909515381
3.0,detection,6,29,29,1.0,20,1,0.05,29,290,2.141379310347702,0.2758620689657642,12.100000000001799,0.0,29,29,26,20,0,9,2.466329336166382
3.0,detection,7,29,29,1.0,25,0,0.0,29,293,2.7793103448318335,0.2689655172417472,12.100000000001799,0.0,29,29,27,25,0,4,2.510396718978882
3.0,detection,8,29,28,0.9655172413793104,19,1,0.05263157894736842,28,278,2.8678571428616033,0.303571428571591,11.683333333335037,2.400000000000001,29,29,24,19,1,10,2.5224852561950684
3.0,detection,9,29,29,1.0,19,0,0.0,29,290,1.7448275862090603,0.23103448275908778,12.100000000001799,1.3,29,29,26,19,1,10,2.4773852825164795
3.0,detection,10,29,28,0.9655172413793104,22,2,0.09090909090909091,28,278,2.4821428571473882,0.2642857142860992,11.681944444446149,0.0,29,29,26,22,0,7,2.47635555267334
3.0,detection,11,29,29,1.0,24,2,0.08333333333333333,29,289,2.2620689655190698,0.3517241379315888,12.100000000001799,0.0,29,29,29,24,0,5,2.4310872554779053
3.0,detection,12,29,28,0.9655172413793104,16,0,0.0,28,278,2.3642857142871736,0.42142857142921536,11.683333333335037,3.5000000000000018,29,29,25,16,1,13,2.5065298080444336
3.0,detection,13,29,29,1.0,25,0,0.0,29,289,1.9172413793111738,0.17931034482761915,12.100000000001799,0.0,29,29,28,25,0,4,2.454817771911621
3.0,detection,14,29,29,1.0,24,0,0.0,29,291,2.424137931036469,0.36551724137995406,12.100000000001799,0.0,29,29,28,24,0,5,2.4614548683166504
3.0,aware,0,29,29,1.0,21,0,0.0,29,295,3.089655172417807,0.2827586206898439,12.100000000001799,0.0,29,29,26,21,0,8,2.4474267959594727
3.0,aware,1,29,28,0.9655172413793104,18,1,0.05555555555555555,28,283,2.3035714285749367,0.3607142857146763,11.681944444446149,0.0,29,29,24,18,0,11,2.484619379043579
3.0,aware,2,29,29,1.0,21,3,0.14285714285714285,29,294,2.6827586206925234,0.2517241379312642,12.100000000001799,0.0,29,29,28,21,0,8,2.490203380584717
3.0,aware,3,29,29,1.0,23,1,0.043478260869565216,29,293,2.155172413794895,0.3310344827591703,12.100000000001799,0.0,29,29,28,23,0,6,2.462373971939087
3.0,aware,4,29,29,1.0,18,0,0.0,29,291,2.182758620691039,0.23793103448287348,12.100000000001799,0.0,29,29,24,18,0,11,2.618159294128418
3.0,aware,5,29,29,1.0,25,3,0.12,29,290,3.241379310349674,0.44482758620720153,12.100000000001799,0.0,29,29,27,25,0,4,2.5157294273376465
3.0,aware,6,29,28,0.9655172413793104,19,2,0.10526315789473684,28,284,2.746428571431749,0.2785714285716736,11.683333333335037,3.900000000000002,29,29,23,19,1,10,2.4834296703338623
3.0,aware,7,29,29,1.0,24,1,0.041666666666666664,29,293,2.8034482758631643,0.3310344827589253,12.100000000001799,0.0,29,29,26,24,0,5,2.4740428924560547
3.0,aware,8,29,28,0.9655172413793104,21,1,0.047619047619047616,28,281,1.8321428571458256,0.24642857142865587,11.683333333335037,0.0,29,29,26,21,0,8,2.507395029067993
3.0,aware,9,29,29,1.0,25,1,0.04,29,292,2.9206896551748294,0.34482758620723764,12.100000000001799,0.0,29,29,28,25,0,4,2.445887565612793
3.0,aware,10,29,29,1.0,18,1,0.05555555555555555,29,288,2.4275862069008123,0.286206896552092,12.100000000001799,0.0,29,29,27,18,0,11,2.468905210494995
3.0,aware,11,29,29,1.0,22,0,0.0,29,293,2.158620689657233,0.3206896551730973,12.100000000001799,0.0,29,29,27,22,0,7,2.5665712356567383
3.0,aware,12,29,29,1.0,23,0,0.0,29,293,3.4517241379319614,0.3448275862073484,12.100000000001799,1.8000000000000005,29,29,27,23,1,6,2.5080676078796387
3.0,aware,13,29,28,0.9655172413793104,23,3,0.13043478260869565,28,281,2.835714285716847,0.3250000000004921,11.683333333335037,0.0,29,29,28,23,0,6,2.471895933151245
3.0,aware,14,29,29,1.0,16,0,0.0,29,291,1.7137931034510088,0.2724137931038787,12.100000000001799,2.600000000000001,29,29,27,16,1,13,2.489365339279175
5.0,control,0,29,0,0.0,16,2,0.125,0,0,0.0,0.0,0.0,1.2,29,29,22,16,1,13,1.5194644927978516
5.0,control,1,29,0,0.0,17,1,0.058823529411764705,0,0,0.0,0.0,0.0,7.999999999999988,29,29,21,17,3,13,1.6185901165008545
5.0,control,2,29,0,0.0,18,5,0.2777777777777778,0,0,0.0,0.0,0.0,5.999999999999995,29,29,21,18,3,11,1.6545145511627197
5.0,control,3,29,0,0.0,20,5,0.25,0,0,0.0,0.0,0.0,7.39999999999999,29,29,24,21,4,9,1.6243360042572021
5.0,control,4,29,0,0.0,20,4,0.2,0,0,0.0,0.0,0.0,8.899999999999984,29,29,25,20,3,10,1.5736229419708252
5.0,control,5,29,0,0.0,22,2,0.09090909090909091,0,0,0.0,0.0,0.0,10.799999999999978,29,29,23,23,5,7,1.5782132148742676
5.0,control,6,29,0,0.0,21,3,0.14285714285714285,0,0,0.0,0.0,0.0,3.2000000000000015,29,29,23,22,2,8,1.5486419200897217
5.0,control,7,29,0,0.0,15,3,0.2,0,0,0.0,0.0,0.0,0.6,29,29,18,15,2,14,1.549257516860962
5.0,control,8,29,0,0.0,15,4,0.26666666666666666,0,0,0.0,0.0,0.0,16.599999999999966,29,29,22,16,7,15,1.5562031269073486
5.0,control,9,29,0,0.0,16,3,0.1875,0,0,0.0,0.0,0.0,20.200000000000017,29,29,24,17,7,14,1.5599327087402344
5.0,control,10,29,0,0.0,16,1,0.0625,0,0,0.0,0.0,0.0,9.499999999999982,29,29,21,17,3,14,1.5923752784729004
5.0,control,11,29,0,0.0,17,4,0.23529411764705882,0,0,0.0,0.0,0.0,13.09999999999997,29,29,24,17,5,14,1.5852017402648926
5.0,control,12,29,0,0.0,14,2,0.14285714285714285,0,0,0.0,0.0,0.0,6.099999999999994,29,29,18,14,3,15,1.5375828742980957
5.0,control,13,29,0,0.0,16,3,0.1875,0,0,0.0,0.0,0.0,0.8999999999999999,29,29,18,16,1,13,1.6039652824401855
5.0,control,14,29,0,0.0,15,2,0.13333333333333333,0,0,0.0,0.0,0.0,5.399999999999997,29,29,16,16,2,14,1.5975499153137207
5.0,detection,0,29,29,1.0,23,2,0.08695652173913043,29,293,1.7517241379329342,0.22068965517282071,12.100000000001799,0.0,29,29,29,23,0,6,2.4791653156280518
5.0,detection,1,29,29,1.0,19,1,0.05263157894736842,29,294,2.0241379310355625,0.08965517241385661,12.100000000001799,0.0,29,29,25,19,0,10,2.435964822769165
5.0,detection,2,29,29,1.0,21,0,0.0,29,289,2.806896551729711,0.16551724137949597,12.100000000001799,2.500000000000001,29,29,27,21,1,8,2.5518243312835693
5.0,detection,3,29,29,1.0,23,0,0.0,29,291,2.3620689655201943,0.22068965517248063,12.100000000001799,0.0,29,29,27,23,0,6,2.6711056232452393
5.0,detection,4,29,29,1.0,24,1,0.041666666666666664,29,292,2.665517241383219,0.17241379310354726,12.100000000001799,0.0,29,29,27,24,0,5,2.4353039264678955
5.0,detection,5,29,29,1.0,22,1,0.045454545454545456,29,291,2.786206896556408,0.11724137931049106,12.100000000001799,1.6000000000000003,29,29,27,22,1,7,2.490551233291626
5.0,detection,6,29,29,1.0,23,0,0.0,29,292,3.2965517241424576,0.268965517241415,12.100000000001799,0.0,29,29,28,23,0,6,2.6465415954589844
5.0,detection,7,29,29,1.0,23,1,0.043478260869565216,29,292,3.548275862072089,0.07931034482761992,12.100000000001799,2.800000000000001,29,29,27,23,1,6,2.538259744644165
5.0,detection,8,29,29,1.0,22,2,0.09090909090909091,29,289,2.5413793103466285,0.11379310344845463,12.100000000001799,0.0,29,29,27,22,0,7,2.456129312515259
5.0,detection,9,29,28,0.9655172413793104,20,1,0.05,28,279,0.6464285714300045,0.1607142857146014,11.681944444446149,1.3,29,29,25,20,1,9,2.4378700256347656
5.0,detection,10,29,29,1.0,23,3,0.13043478260869565,29,289,2.2965517241421303,0.14137931034497342,12.100000000001799,0.0,29,29,28,23,0,6,2.445401430130005
5.0,detection,11,29,29,1.0,25,3,0.12,29,294,1.6275862068960447,0.12068965517255492,12.100000000001799,2.600000000000001,29,29,29,25,1,4,2.516303777694702
5.0,detection,12,29,29,1.0,20,0,0.0,29,293,1.8586206896573296,0.1827586206898947,12.100000000001799,0.0,29,29,25,20,0,9,2.4481849670410156
5.0,detection,13,29,29,1.0,19,0,0.0,29,290,1.7620689655182742,0.1620689655174311,12.100000000001799,0.0,29,29,27,19,0,10,2.492258310317993
5.0,detection,14,29,29,1.0,23,1,0.043478260869565216,29,289,2.33103448276448,0.16551724137956556,12.100000000001799,0.0,29,29,26,23,0,6,2.714080333709717
5.0,aware,0,29,29,1.0,24,1,0.041666666666666664,29,292,1.7103448275898505,0.2344827586210811,12.100000000001799,0.0,29,29,27,24,0,5,2.477175712585449
5.0,aware,1,29,29,1.0,21,2,0.09523809523809523,29,289,2.806896551728861,0.1241379310346874,12.100000000001799,0.0,29,29,25,21,0,8,2.4958057403564453
5.0,aware,2,29,29,1.0,25,2,0.08,29,293,2.9896551724168683,0.15862068965542017,12.100000000001799,0.0,29,29,28,25,0,4,2.6059842109680176
5.0,aware,3,29,29,1.0,18,0,0.0,29,292,2.358620689656324,0.15172413793111994,12.100000000001799,0.0,29,29,26,18,0,11,2.55254864692688
5.0,aware,4,29,27,0.9310344827586207,21,0,0.0,27,268,2.7518518518578694,0.15925925925948706,11.265277777779387,0.0,29,29,24,21,0,8,2.422515869140625
5.0,aware,5,29,29,1.0,21,3,0.14285714285714285,29,291,2.3965517241405743,0.12413793103456978,12.100000000001799,0.0,29,29,28,21,0,8,2.5065903663635254
5.0,aware,6,29,28,0.9655172413793104,22,2,0.09090909090909091,28,284,1.7892857142868022,0.12142857142869141,11.683333333335037,0.0,29,29,25,22,0,7,2.468830108642578
5.0,aware,7,29,28,0.9655172413793104,19,0,0.0,28,283,2.289285714287537,0.18928571428586086,11.681944444446149,0.0,29,29,24,19,0,10,2.541597604751587
5.0,aware,8,29,28,0.9655172413793104,22,1,0.045454545454545456,28,281,2.878571428571935,0.1964285714287988,11.681944444446149,0.0,29,29,25,22,0,7,2.567183494567871
5.0,aware,9,29,27,0.9310344827586207,26,0,0.0,27,272,2.581481481483976,0.17037037037035963,11.265277777779387,0.0,29,29,27,26,0,3,2.485551357269287
5.0,aware,10,29,29,1.0,24,0,0.0,29,292,2.2206896551734236,0.11034482758637704,12.100000000001799,1.7000000000000004,29,29,28,24,1,5,2.460362434387207
5.0,aware,11,29,29,1.0,24,4,0.16666666666666666,29,292,2.072413793106462,0.07241379310354609,12.100000000001799,0.0,29,29,29,24,0,5,2.5060527324676514
5.0,aware,12,29,29,1.0,22,0,0.0,29,291,2.6586206896558036,0.11379310344830468,12.100000000001799,0.0,29,29,29,22,0,7,2.4938790798187256
5.0,aware,13,29,29,1.0,23,0,0.0,29,289,1.5482758620710346,0.15517241379335434,12.100000000001799,0.0,29,29,27,23,0,6,2.490626096725464
5.0,aware,14,29,29,1.0,19,0,0.0,29,294,1.4896551724161928,0.2241379310346239,12.100000000001799,0.0,29,29,28,19,0,10,2.5608885288238525
