radar_spacing,mode,trial,animals,detected,det_rate,road_entries,collisions,col_rate,warnings,vehicles_alerted,mean_latency_s,in_range_latency_s,awareness_pct,frozen_on_road_s,n_foraging,n_approaching,n_hesitating,n_crossing,n_frozen,n_fleeing,wall_seconds
5,control,0,29,0,0.0,8,2,0.25,0,0,0.0,0.0,0.0,5.4999999999999964,29,29,22,8,2,22,1.5208680629730225
5,control,1,29,0,0.0,9,0,0.0,0,0,0.0,0.0,0.0,7.19999999999999,29,29,20,9,2,20,1.54396390914917
5,control,2,29,0,0.0,7,1,0.14285714285714285,0,0,0.0,0.0,0.0,0.0,29,29,17,7,0,22,1.465782642364502
5,control,3,29,0,0.0,11,1,0.09090909090909091,0,0,0.0,0.0,0.0,0.0,29,29,24,11,0,18,1.553694486618042
5,control,4,29,0,0.0,14,1,0.07142857142857142,0,0,0.0,0.0,0.0,11.699999999999974,29,29,23,14,4,17,1.4887311458587646
5,control,5,29,0,0.0,14,0,0.0,0,0,0.0,0.0,0.0,2.0000000000000004,29,29,23,14,1,15,1.4744298458099365
5,control,6,29,0,0.0,11,2,0.18181818181818182,0,0,0.0,0.0,0.0,0.4,29,29,20,11,1,18,1.5318057537078857
5,control,7,29,0,0.0,11,2,0.18181818181818182,0,0,0.0,0.0,0.0,2.0000000000000004,29,29,20,11,1,18,1.489109754562378
5,control,8,29,0,0.0,11,2,0.18181818181818182,0,0,0.0,0.0,0.0,6.499999999999993,29,29,21,11,4,20,1.4937529563903809
5,control,9,29,0,0.0,14,3,0.21428571428571427,0,0,0.0,0.0,0.0,10.999999999999977,29,29,22,14,4,16,1.5226995944976807
5,control,10,29,0,0.0,12,0,0.0,0,0,0.0,0.0,0.0,7.599999999999989,29,29,19,12,3,17,1.5166082382202148
5,control,11,29,0,0.0,12,0,0.0,0,0,0.0,0.0,0.0,5.599999999999996,29,29,20,12,2,18,1.5137791633605957
5,control,12,29,0,0.0,11,0,0.0,0,0,0.0,0.0,0.0,11.499999999999975,29,29,21,11,4,19,1.503598928451538
5,control,13,29,0,0.0,12,3,0.25,0,0,0.0,0.0,0.0,7.499999999999989,29,29,25,13,3,17,1.4958863258361816
5,control,14,29,0,0.0,11,2,0.18181818181818182,0,0,0.0,0.0,0.0,5.399999999999997,29,29,16,12,2,18,1.5062334537506104
5,detection,0,29,29,1.0,25,1,0.04,29,293,0.1413793103449695,0.1413793103449695,12.100000000001799,0.0,29,29,29,25,0,4,4.201887607574463
5,detection,1,29,29,1.0,24,1,0.041666666666666664,29,291,0.13448275862086137,0.13448275862086137,12.100000000001799,0.0,29,29,28,24,0,5,4.203895092010498
5,detection,2,29,29,1.0,17,0,0.0,29,290,0.10689655172434159,0.10689655172434159,12.100000000001799,2.9000000000000012,29,29,27,17,2,12,4.121801137924194
5,detection,3,29,29,1.0,21,1,0.047619047619047616,29,291,0.0862068965518878,0.0862068965518878,12.100000000001799,3.3000000000000016,29,29,27,21,1,8,4.252591371536255
5,detection,4,29,29,1.0,20,1,0.05,29,291,0.10689655172426024,0.10689655172426024,12.100000000001799,0.0,29,29,29,20,0,9,4.185419321060181
5,detection,5,29,29,1.0,18,0,0.0,29,290,0.11034482758637214,0.11034482758637214,12.100000000001799,0.0,29,29,28,18,0,11,4.248801231384277
5,detection,6,29,29,1.0,22,2,0.09090909090909091,29,289,0.0965517241380265,0.0965517241380265,12.100000000001799,0.0,29,29,28,22,0,7,4.162387847900391
5,detection,7,29,29,1.0,20,0,0.0,29,290,0.12413793103464427,0.12413793103464427,12.100000000001799,0.0,29,29,28,20,0,9,4.156419038772583
5,detection,8,29,29,1.0,25,3,0.12,29,293,0.11379310344851735,0.11379310344851735,12.100000000001799,0.0,29,29,29,25,0,4,4.176696538925171
5,detection,9,29,29,1.0,19,0,0.0,29,289,0.15517241379323182,0.15517241379323182,12.100000000001799,0.0,29,29,27,19,0,10,4.147644519805908
5,detection,10,29,29,1.0,20,2,0.1,29,289,0.19310344827591774,0.19310344827591774,12.100000000001799,0.0,29,29,28,20,0,9,4.161121845245361
5,detection,11,29,29,1.0,20,0,0.0,29,288,0.12758620689657582,0.12758620689657582,12.100000000001799,0.0,29,29,26,20,0,9,4.115389585494995
5,detection,12,29,29,1.0,24,1,0.041666666666666664,29,290,0.21724137931062357,0.21724137931062357,12.100000000001799,0.0,29,29,27,24,0,5,4.196366548538208
5,detection,13,29,29,1.0,23,0,0.0,29,289,0.16896551724155787,0.16896551724155787,12.100000000001799,0.0,29,29,28,23,0,6,4.178525447845459
5,detection,14,29,29,1.0,18,1,0.05555555555555555,29,290,0.13793103448280566,0.13793103448280566,12.100000000001799,2.2000000000000006,29,29,27,18,1,11,4.149367332458496
5,aware,0,29,29,1.0,22,1,0.045454545454545456,29,293,0.1275862068966268,0.1275862068966268,12.100000000001799,0.0,29,29,28,22,0,7,4.205836057662964
5,aware,1,29,29,1.0,21,2,0.09523809523809523,29,292,0.13793103448286054,0.13793103448286054,12.100000000001799,0.0,29,29,29,21,0,8,4.222888469696045
5,aware,2,29,29,1.0,22,4,0.18181818181818182,29,292,0.16896551724151182,0.16896551724151182,12.100000000001799,2.2000000000000006,29,29,28,22,1,7,4.242090463638306
5,aware,3,29,29,1.0,25,0,0.0,29,294,0.13448275862086528,0.13448275862086528,12.100000000001799,0.0,29,29,27,25,0,4,4.174177169799805
5,aware,4,29,29,1.0,17,4,0.23529411764705882,29,293,0.06896551724136167,0.06896551724136167,12.100000000001799,0.0,29,29,28,17,0,12,4.32009744644165
5,aware,5,29,29,1.0,16,1,0.0625,29,288,0.18275862068978982,0.18275862068978982,12.100000000001799,0.0,29,29,27,16,0,13,4.275609016418457
5,aware,6,29,29,1.0,15,0,0.0,29,294,0.14137931034488913,0.14137931034488913,12.100000000001799,0.0,29,29,23,15,0,14,4.287783861160278
5,aware,7,29,29,1.0,20,1,0.05,29,296,0.1413793103448911,0.1413793103448911,12.100000000001799,0.0,29,29,27,20,0,9,4.250248670578003
5,aware,8,29,29,1.0,19,0,0.0,29,291,0.10344827586216697,0.10344827586216697,12.100000000001799,0.0,29,29,27,19,0,10,4.128598690032959
5,aware,9,29,29,1.0,18,2,0.1111111111111111,29,290,0.15517241379326713,0.15517241379326713,12.100000000001799,0.0,29,29,28,18,0,11,4.192237615585327
5,aware,10,29,29,1.0,22,1,0.045454545454545456,29,291,0.1758620689657944,0.1758620689657944,12.100000000001799,0.0,29,29,28,22,0,7,4.16234564781189
5,aware,11,29,29,1.0,21,0,0.0,29,293,0.16551724137945284,0.16551724137945284,12.100000000001799,0.0,29,29,27,21,0,8,4.359863042831421
5,aware,12,29,29,1.0,22,1,0.045454545454545456,29,293,0.20689655172431337,0.20689655172431337,12.100000000001799,3.2000000000000015,29,29,27,22,1,7,4.2194664478302
5,aware,13,29,29,1.0,21,0,0.0,29,295,0.17586206896563467,0.17586206896563467,12.100000000001799,0.0,29,29,25,21,0,8,4.310673713684082
5,aware,14,29,29,1.0,20,0,0.0,29,292,0.08965517241385661,0.08965517241385661,12.100000000001799,0.0,29,29,29,20,0,9,4.3331427574157715
10,control,0,29,0,0.0,8,2,0.25,0,0,0.0,0.0,0.0,5.4999999999999964,29,29,22,8,2,22,1.4931864738464355
10,control,1,29,0,0.0,9,0,0.0,0,0,0.0,0.0,0.0,7.19999999999999,29,29,20,9,2,20,1.5226690769195557
10,control,2,29,0,0.0,7,1,0.14285714285714285,0,0,0.0,0.0,0.0,0.0,29,29,17,7,0,22,1.514951229095459
10,control,3,29,0,0.0,11,1,0.09090909090909091,0,0,0.0,0.0,0.0,0.0,29,29,24,11,0,18,1.5155608654022217
10,control,4,29,0,0.0,14,1,0.07142857142857142,0,0,0.0,0.0,0.0,11.699999999999974,29,29,23,14,4,17,1.5449445247650146
10,control,5,29,0,0.0,14,0,0.0,0,0,0.0,0.0,0.0,2.0000000000000004,29,29,23,14,1,15,1.5328755378723145
10,control,6,29,0,0.0,11,2,0.18181818181818182,0,0,0.0,0.0,0.0,0.4,29,29,20,11,1,18,1.5229835510253906
10,control,7,29,0,0.0,11,2,0.18181818181818182,0,0,0.0,0.0,0.0,2.0000000000000004,29,29,20,11,1,18,1.5466234683990479
10,control,8,29,0,0.0,11,2,0.18181818181818182,0,0,0.0,0.0,0.0,6.499999999999993,29,29,21,11,4,20,1.5434062480926514
10,control,9,29,0,0.0,14,3,0.21428571428571427,0,0,0.0,0.0,0.0,10.999999999999977,29,29,22,14,4,16,1.5388188362121582
10,control,10,29,0,0.0,12,0,0.0,0,0,0.0,0.0,0.0,7.599999999999989,29,29,19,12,3,17,1.5304031372070312
10,control,11,29,0,0.0,12,0,0.0,0,0,0.0,0.0,0.0,5.599999999999996,29,29,20,12,2,18,1.545987844467163
10,control,12,29,0,0.0,11,0,0.0,0,0,0.0,0.0,0.0,11.499999999999975,29,29,21,11,4,19,1.5745875835418701
10,control,13,29,0,0.0,12,3,0.25,0,0,0.0,0.0,0.0,7.499999999999989,29,29,25,13,3,17,1.550114631652832
10,control,14,29,0,0.0,11,2,0.18181818181818182,0,0,0.0,0.0,0.0,5.399999999999997,29,29,16,12,2,18,1.536691427230835
10,detection,0,29,29,1.0,23,4,0.17391304347826086,29,291,0.5068965517247579,0.5068965517247579,12.100000000001799,0.0,29,29,29,23,0,6,2.8787827491760254
10,detection,1,29,29,1.0,19,1,0.05263157894736842,29,292,0.45517241379367734,0.3965517241384916,12.100000000001799,1.4000000000000001,29,29,26,19,1,10,2.870204210281372
10,detection,2,29,29,1.0,19,1,0.05263157894736842,29,291,0.32758620689697804,0.32758620689697804,12.100000000001799,0.0,29,29,28,19,0,10,2.854893207550049
10,detection,3,29,29,1.0,23,1,0.043478260869565216,29,290,0.3068965517243224,0.3068965517243224,12.100000000001799,1.6000000000000003,29,29,29,23,1,6,2.870994806289673
10,detection,4,29,29,1.0,21,0,0.0,29,293,0.8724137931044895,0.5448275862075065,12.100000000001799,0.0,29,29,29,21,0,8,2.8784847259521484
10,detection,5,29,29,1.0,27,1,0.037037037037037035,29,293,0.29655172413838854,0.21034482758635076,12.100000000001799,0.0,29,29,28,27,0,2,2.8680901527404785
10,detection,6,29,29,1.0,24,2,0.08333333333333333,29,293,0.3448275862073278,0.21724137931053142,12.100000000001799,0.0,29,29,29,24,0,5,2.920621395111084
10,detection,7,29,29,1.0,22,0,0.0,29,291,0.5206896551735093,0.2793103448278036,12.100000000001799,0.0,29,29,29,22,0,7,2.8948214054107666
10,detection,8,29,29,1.0,20,1,0.05,29,293,0.11034482758632215,0.11034482758632215,12.100000000001799,0.0,29,29,28,20,0,9,2.8835713863372803
10,detection,9,29,29,1.0,17,0,0.0,29,290,0.4344827586213794,0.3310344827589341,12.100000000001799,2.600000000000001,29,29,28,17,2,12,2.9118947982788086
10,detection,10,29,29,1.0,18,0,0.0,29,290,0.20344827586238573,0.20344827586238573,12.100000000001799,0.0,29,29,26,18,0,11,2.910162925720215
10,detection,11,29,29,1.0,23,3,0.13043478260869565,29,287,0.42068965517280543,0.3551724137934351,12.100000000001799,0.0,29,29,28,23,0,6,2.8951168060302734
10,detection,12,29,29,1.0,19,0,0.0,29,294,0.4482758620695771,0.4241379310351123,12.100000000001799,0.0,29,29,28,19,0,10,2.8892462253570557
10,detection,13,29,29,1.0,25,2,0.08,29,291,0.4379310344830836,0.4172413793105946,12.100000000001799,0.0,29,29,29,25,0,4,2.8502566814422607
10,detection,14,29,29,1.0,17,0,0.0,29,291,0.24137931034514512,0.24137931034514512,12.100000000001799,0.0,29,29,29,17,0,12,2.897395133972168
10,aware,0,29,29,1.0,26,0,0.0,29,295,0.37931034482798903,0.32413793103482597,12.100000000001799,3.600000000000002,29,29,28,26,1,3,2.958758592605591
10,aware,1,29,29,1.0,23,1,0.043478260869565216,29,292,0.4034482758625292,0.23793103448293032,12.100000000001799,2.1000000000000005,29,29,29,23,1,6,2.9206430912017822
10,aware,2,29,29,1.0,20,4,0.2,29,292,0.27586206896590537,0.27586206896590537,12.100000000001799,2.9000000000000012,29,29,27,20,1,9,2.907534599304199
10,aware,3,29,29,1.0,24,0,0.0,29,292,0.2758620689659602,0.2758620689659602,12.100000000001799,0.0,29,29,29,24,0,5,2.93044114112854
10,aware,4,29,29,1.0,20,3,0.15,29,291,0.27586206896586124,0.27586206896586124,12.100000000001799,3.0000000000000013,29,29,26,20,1,9,2.88080096244812
10,aware,5,29,29,1.0,22,1,0.045454545454545456,29,289,0.3310344827590429,0.21034482758657227,12.100000000001799,0.0,29,29,28,22,0,7,2.975663661956787
10,aware,6,29,29,1.0,18,2,0.1111111111111111,29,292,0.317241379310709,0.317241379310709,12.100000000001799,2.1000000000000005,29,29,26,18,1,11,2.8980154991149902
10,aware,7,29,29,1.0,23,1,0.043478260869565216,29,294,0.49310344827633584,0.4896551724142543,12.100000000001799,0.0,29,29,28,23,0,6,2.9131829738616943
10,aware,8,29,29,1.0,20,4,0.2,29,292,0.33793103448347056,0.28275862069027613,12.100000000001799,0.0,29,29,27,20,0,9,2.8627398014068604
10,aware,9,29,29,1.0,20,1,0.05,29,289,0.41034482758655305,0.40000000000035557,12.100000000001799,0.0,29,29,29,20,0,9,2.917401075363159
10,aware,10,29,29,1.0,23,1,0.043478260869565216,29,291,0.3275862068967605,0.3206896551726288,12.100000000001799,0.0,29,29,28,23,0,6,2.8941378593444824
10,aware,11,29,29,1.0,18,2,0.1111111111111111,29,294,0.31379310344874706,0.31379310344874706,12.100000000001799,0.0,29,29,28,18,0,11,2.9235239028930664
10,aware,12,29,29,1.0,22,0,0.0,29,292,0.4137931034486316,0.36206896551740897,12.100000000001799,0.0,29,29,29,22,0,7,2.9172892570495605
10,aware,13,29,29,1.0,24,3,0.125,29,291,0.2517241379313142,0.2517241379313142,12.100000000001799,0.0,29,29,27,24,0,5,2.9210007190704346
10,aware,14,29,29,1.0,18,1,0.05555555555555555,29,290,0.31379310344844913,0.31379310344844913,12.100000000001799,0.0,29,29,27,18,0,11,2.8942296504974365
15,control,0,29,0,0.0,8,2,0.25,0,0,0.0,0.0,0.0,5.4999999999999964,29,29,22,8,2,22,1.4777922630310059
15,control,1,29,0,0.0,9,0,0.0,0,0,0.0,0.0,0.0,7.19999999999999,29,29,20,9,2,20,1.5529003143310547
15,control,2,29,0,0.0,7,1,0.14285714285714285,0,0,0.0,0.0,0.0,0.0,29,29,17,7,0,22,1.5101826190948486
15,control,3,29,0,0.0,11,1,0.09090909090909091,0,0,0.0,0.0,0.0,0.0,29,29,24,11,0,18,1.4989302158355713
15,control,4,29,0,0.0,14,1,0.07142857142857142,0,0,0.0,0.0,0.0,11.699999999999974,29,29,23,14,4,17,1.5589408874511719
15,control,5,29,0,0.0,14,0,0.0,0,0,0.0,0.0,0.0,2.0000000000000004,29,29,23,14,1,15,1.5118112564086914
15,control,6,29,0,0.0,11,2,0.18181818181818182,0,0,0.0,0.0,0.0,0.4,29,29,20,11,1,18,1.5583784580230713
15,control,7,29,0,0.0,11,2,0.18181818181818182,0,0,0.0,0.0,0.0,2.0000000000000004,29,29,20,11,1,18,1.5067152976989746
15,control,8,29,0,0.0,11,2,0.18181818181818182,0,0,0.0,0.0,0.0,6.499999999999993,29,29,21,11,4,20,1.5812249183654785
15,control,9,29,0,0.0,14,3,0.21428571428571427,0,0,0.0,0.0,0.0,10.999999999999977,29,29,22,14,4,16,1.5651054382324219
15,control,10,29,0,0.0,12,0,0.0,0,0,0.0,0.0,0.0,7.599999999999989,29,29,19,12,3,17,1.5340662002563477
15,control,11,29,0,0.0,12,0,0.0,0,0,0.0,0.0,0.0,5.599999999999996,29,29,20,12,2,18,1.508521318435669
15,control,12,29,0,0.0,11,0,0.0,0,0,0.0,0.0,0.0,11.499999999999975,29,29,21,11,4,19,1.5171620845794678
15,control,13,29,0,0.0,12,3,0.25,0,0,0.0,0.0,0.0,7.499999999999989,29,29,25,13,3,17,1.5117993354797363
15,control,14,29,0,0.0,11,2,0.18181818181818182,0,0,0.0,0.0,0.0,5.399999999999997,29,29,16,12,2,18,1.498868703842163
15,detection,0,29,28,0.9655172413793104,20,3,0.15,28,279,1.6321428571461627,0.25357142857174914,11.683333333335037,0.0,29,29,27,20,0,9,2.4091169834136963
15,detection,1,29,29,1.0,20,2,0.1,29,291,2.717241379314691,0.2379310344827892,12.100000000001799,2.700000000000001,29,29,28,20,1,9,2.5239756107330322
15,detection,2,29,29,1.0,20,3,0.15,29,290,2.148275862071915,0.16551724137942542,12.100000000001799,0.0,29,29,25,20,0,9,2.4972305297851562
15,detection,3,29,28,0.9655172413793104,20,0,0.0,28,279,2.0107142857174645,0.2892857142859516,11.683333333335037,0.0,29,29,25,20,0,9,2.476828098297119
15,detection,4,29,29,1.0,19,2,0.10526315789473684,29,292,2.6965517241371897,0.24827586206920327,12.100000000001799,0.0,29,29,26,19,0,10,2.4857194423675537
15,detection,5,29,29,1.0,21,0,0.0,29,289,2.672413793106103,0.2758620689657035,12.100000000001799,0.0,29,29,26,21,0,8,2.544529914855957
15,detection,6,29,29,1.0,20,1,0.05,29,291,2.1965517241394537,0.36896551724176113,12.100000000001799,1.8000000000000005,29,29,28,20,1,9,2.477652072906494
15,detection,7,29,29,1.0,20,0,0.0,29,293,1.9689655172435254,0.28620689655226456,12.100000000001799,0.0,29,29,28,20,0,9,2.4277288913726807
15,detection,8,29,27,0.9310344827586207,15,2,0.13333333333333333,27,276,3.2555555555578706,0.4259259259265996,11.266666666668275,2.700000000000001,29,29,23,15,1,14,2.4528913497924805
15,detection,9,29,29,1.0,19,0,0.0,29,290,1.7448275862090603,0.23103448275908778,12.100000000001799,1.3,29,29,26,19,1,10,2.517711877822876
15,detection,10,29,28,0.9655172413793104,19,0,0.0,28,278,2.0785714285744916,0.2750000000004239,11.681944444446149,0.0,29,29,25,19,0,10,2.451033592224121
15,detection,11,29,29,1.0,23,3,0.13043478260869565,29,289,3.351724137936827,0.30000000000036614,12.100000000001799,0.0,29,29,29,23,0,6,2.4390664100646973
15,detection,12,29,28,0.9655172413793104,16,0,0.0,28,278,2.3642857142871736,0.42142857142921536,11.683333333335037,3.5000000000000018,29,29,25,16,1,13,2.4818544387817383
15,detection,13,29,29,1.0,21,0,0.0,29,289,2.103448275863591,0.2724137931038356,12.100000000001799,3.0000000000000013,29,29,28,21,1,8,2.4713354110717773
15,detection,14,29,29,1.0,24,0,0.0,29,291,2.424137931036469,0.36551724137995406,12.100000000001799,0.0,29,29,28,24,0,5,2.444875717163086
15,aware,0,29,29,1.0,20,0,0.0,29,295,3.089655172417807,0.2827586206898439,12.100000000001799,0.0,29,29,26,20,0,9,2.424285411834717
15,aware,1,29,29,1.0,17,1,0.058823529411764705,29,287,3.624137931038996,0.3793103448280135,12.100000000001799,0.0,29,29,26,17,0,12,2.515338182449341
15,aware,2,29,29,1.0,19,2,0.10526315789473684,29,294,2.7724137931066424,0.2862068965520793,12.100000000001799,0.0,29,29,28,19,0,10,2.4890263080596924
15,aware,3,29,29,1.0,22,3,0.13636363636363635,29,290,1.5586206896577575,0.1862068965518253,12.100000000001799,0.0,29,29,29,22,0,7,2.606902837753296
15,aware,4,29,29,1.0,21,1,0.047619047619047616,29,290,2.8551724137949894,0.3655172413793562,12.100000000001799,0.0,29,29,29,21,0,8,2.5202014446258545
15,aware,5,29,29,1.0,21,1,0.047619047619047616,29,290,2.4586206896573124,0.29655172413854336,12.100000000001799,0.0,29,29,28,21,0,8,2.4638314247131348
15,aware,6,29,28,0.9655172413793104,15,2,0.13333333333333333,28,284,2.514285714288047,0.2500000000001411,11.683333333335037,0.0,29,29,22,15,0,14,2.514368772506714
15,aware,7,29,29,1.0,17,1,0.058823529411764705,29,292,3.389655172417021,0.2793103448277026,12.100000000001799,0.0,29,29,26,17,0,12,2.524749755859375
15,aware,8,29,28,0.9655172413793104,19,0,0.0,28,282,2.164285714289144,0.2892857142858897,11.681944444446149,0.0,29,29,25,19,0,10,2.427860975265503
15,aware,9,29,29,1.0,17,0,0.0,29,292,3.113793103453981,0.2655172413795785,12.100000000001799,0.0,29,29,27,17,0,12,2.4995718002319336
15,aware,10,29,29,1.0,18,1,0.05555555555555555,29,288,2.4275862069008123,0.286206896552092,12.100000000001799,0.0,29,29,27,18,0,11,2.551483154296875
15,aware,11,29,29,1.0,20,1,0.05,29,292,2.7482758620716425,0.35172413793145063,12.100000000001799,0.0,29,29,27,20,0,9,2.458042860031128
15,aware,12,29,29,1.0,23,0,0.0,29,293,3.4517241379319614,0.3448275862073484,12.100000000001799,1.8000000000000005,29,29,27,23,1,6,2.454010009765625
15,aware,13,29,29,1.0,23,3,0.13043478260869565,29,290,2.7931034482785355,0.33103448275915853,12.100000000001799,2.600000000000001,29,29,29,23,1,6,2.4768340587615967
15,aware,14,29,29,1.0,20,1,0.05,29,289,2.7620689655222512,0.3482758620693897,12.100000000001799,0.0,29,29,27,20,0,9,2.499464511871338
20,control,0,29,0,0.0,8,2,0.25,0,0,0.0,0.0,0.0,5.4999999999999964,29,29,22,8,2,22,1.4714860916137695
20,control,1,29,0,0.0,9,0,0.0,0,0,0.0,0.0,0.0,7.19999999999999,29,29,20,9,2,20,1.5036981105804443
20,control,2,29,0,0.0,7,1,0.14285714285714285,0,0,0.0,0.0,0.0,0.0,29,29,17,7,0,22,1.5225300788879395
20,control,3,29,0,0.0,11,1,0.09090909090909091,0,0,0.0,0.0,0.0,0.0,29,29,24,11,0,18,1.5969212055206299
20,control,4,29,0,0.0,14,1,0.07142857142857142,0,0,0.0,0.0,0.0,11.699999999999974,29,29,23,14,4,17,1.52345871925354
20,control,5,29,0,0.0,14,0,0.0,0,0,0.0,0.0,0.0,2.0000000000000004,29,29,23,14,1,15,1.5211477279663086
20,control,6,29,0,0.0,11,2,0.18181818181818182,0,0,0.0,0.0,0.0,0.4,29,29,20,11,1,18,1.6016490459442139
20,control,7,29,0,0.0,11,2,0.18181818181818182,0,0,0.0,0.0,0.0,2.0000000000000004,29,29,20,11,1,18,1.5753302574157715
20,control,8,29,0,0.0,11,2,0.18181818181818182,0,0,0.0,0.0,0.0,6.499999999999993,29,29,21,11,4,20,1.5610530376434326
20,control,9,29,0,0.0,14,3,0.21428571428571427,0,0,0.0,0.0,0.0,10.999999999999977,29,29,22,14,4,16,1.5237178802490234
20,control,10,29,0,0.0,12,0,0.0,0,0,0.0,0.0,0.0,7.599999999999989,29,29,19,12,3,17,1.5044920444488525
20,control,11,29,0,0.0,12,0,0.0,0,0,0.0,0.0,0.0,5.599999999999996,29,29,20,12,2,18,1.5073857307434082
20,control,12,29,0,0.0,11,0,0.0,0,0,0.0,0.0,0.0,11.499999999999975,29,29,21,11,4,19,1.5106759071350098
20,control,13,29,0,0.0,12,3,0.25,0,0,0.0,0.0,0.0,7.499999999999989,29,29,25,13,3,17,1.5531916618347168
20,control,14,29,0,0.0,11,2,0.18181818181818182,0,0,0.0,0.0,0.0,5.399999999999997,29,29,16,12,2,18,1.5094430446624756
20,detection,0,29,28,0.9655172413793104,16,1,0.0625,28,279,4.11785714286406,0.30000000000044685,11.681944444446149,0.0,29,29,25,16,0,13,2.226717233657837
20,detection,1,29,28,0.9655172413793104,23,1,0.043478260869565216,28,282,4.360714285718729,0.3571428571433799,11.681944444446149,0.0,29,29,27,23,0,6,2.2074239253997803
20,detection,2,29,29,1.0,14,0,0.0,29,288,3.4413793103510386,0.28275862069014773,12.100000000001799,0.0,29,29,26,14,0,15,2.2509500980377197
20,detection,3,29,29,1.0,18,2,0.1111111111111111,29,289,4.851724137936286,0.2137931034485489,12.100000000001799,4.699999999999999,29,29,26,18,2,11,2.2606453895568848
20,detection,4,29,29,1.0,18,2,0.1111111111111111,29,291,3.6689655172454407,0.3655172413798237,12.100000000001799,0.0,29,29,25,18,0,11,2.2832770347595215
20,detection,5,29,29,1.0,25,0,0.0,29,292,3.1275862069014084,0.17241379310366978,12.100000000001799,0.0,29,29,27,25,0,4,2.184811592102051
20,detection,6,29,28,0.9655172413793104,19,0,0.0,28,280,3.5785714285747994,0.35000000000023285,11.681944444446149,0.0,29,29,25,19,0,10,2.233633518218994
20,detection,7,29,29,1.0,19,1,0.05263157894736842,29,292,3.1896551724164324,0.3413793103454158,12.100000000001799,0.0,29,29,27,19,0,10,2.211169958114624
20,detection,8,29,27,0.9310344827586207,21,1,0.047619047619047616,27,267,3.2703703703759266,0.17777777777811504,11.265277777779387,0.0,29,29,27,21,0,8,2.2003066539764404
20,detection,9,29,27,0.9310344827586207,21,0,0.0,27,270,4.107407407412275,0.2888888888893209,11.263888888890497,0.0,29,29,25,21,0,8,2.1955530643463135
20,detection,10,29,28,0.9655172413793104,17,1,0.058823529411764705,28,281,3.58571428571759,0.22857142857155768,11.683333333335037,2.700000000000001,29,29,27,17,1,12,2.235936164855957
20,detection,11,29,28,0.9655172413793104,21,1,0.047619047619047616,28,276,2.485714285716481,0.37857142857216025,11.681944444446149,0.0,29,29,27,21,0,8,2.190105438232422
20,detection,12,29,29,1.0,13,2,0.15384615384615385,29,289,5.086206896555351,0.31724137931062574,12.100000000001799,0.0,29,29,23,13,0,16,2.1889209747314453
20,detection,13,29,28,0.9655172413793104,24,1,0.041666666666666664,28,282,2.5000000000030655,0.3571428571432591,11.683333333335037,0.0,29,29,28,24,0,5,2.200739622116089
20,detection,14,29,29,1.0,22,2,0.09090909090909091,29,291,4.079310344833069,0.3172413793106169,12.100000000001799,3.0000000000000013,29,29,27,22,1,7,2.1916425228118896
20,aware,0,29,29,1.0,20,0,0.0,29,294,3.78620689655347,0.2862068965520587,12.100000000001799,2.400000000000001,29,29,29,20,1,9,2.192317247390747
20,aware,1,29,28,0.9655172413793104,22,0,0.0,28,284,4.360714285719398,0.23214285714328753,11.681944444446149,0.0,29,29,26,22,0,7,2.2595267295837402
20,aware,2,29,29,1.0,19,2,0.10526315789473684,29,290,4.1758620689675405,0.3724137931037603,12.100000000001799,0.0,29,29,26,19,0,10,2.3910579681396484
20,aware,3,29,29,1.0,18,2,0.1111111111111111,29,293,3.7068965517298342,0.2758620689657505,12.100000000001799,0.0,29,29,28,18,0,11,2.2925753593444824
20,aware,4,29,29,1.0,17,1,0.058823529411764705,29,296,3.334482758624873,0.3551724137933528,12.100000000001799,3.900000000000002,29,29,26,17,1,13,2.2150461673736572
20,aware,5,29,29,1.0,23,0,0.0,29,295,2.5827586206920548,0.2862068965521146,12.100000000001799,0.0,29,29,28,23,0,6,2.262810468673706
20,aware,6,29,29,1.0,24,2,0.08333333333333333,29,293,3.6241379310372923,0.2758620689658054,12.100000000001799,0.0,29,29,28,24,0,5,2.2296745777130127
20,aware,7,29,29,1.0,21,1,0.047619047619047616,29,296,3.0827586206911413,0.35172413793122914,12.100000000001799,1.0999999999999999,29,29,27,21,1,8,2.2224156856536865
20,aware,8,29,29,1.0,21,1,0.047619047619047616,29,293,2.8655172413808243,0.20689655172433785,12.100000000001799,0.0,29,29,25,21,0,8,2.210627794265747
20,aware,9,29,29,1.0,21,1,0.047619047619047616,29,290,4.679310344834666,0.4275862068970037,12.100000000001799,0.0,29,29,27,21,0,8,2.2580034732818604
20,aware,10,29,29,1.0,15,1,0.06666666666666667,29,287,3.979310344831205,0.36896551724176213,12.100000000001799,0.0,29,29,27,15,0,14,2.2643001079559326
20,aware,11,29,29,1.0,19,0,0.0,29,289,4.637931034486356,0.32758620689699763,12.100000000001799,4.999999999999998,29,29,28,19,2,10,2.2946672439575195
20,aware,12,29,29,1.0,20,1,0.05,29,291,2.7896551724141796,0.42068965517270057,12.100000000001799,0.0,29,29,24,20,0,9,2.2868127822875977
20,aware,13,29,29,1.0,24,2,0.08333333333333333,29,292,4.434482758625513,0.20000000000022777,12.100000000001799,0.0,29,29,28,24,0,5,2.301593065261841
20,aware,14,29,27,0.9310344827586207,17,2,0.11764705882352941,27,268,2.992592592595008,0.32222222222264074,11.265277777779387,0.0,29,29,24,17,0,12,2.3017215728759766
25,control,0,29,0,0.0,8,2,0.25,0,0,0.0,0.0,0.0,5.4999999999999964,29,29,22,8,2,22,1.545682668685913
25,control,1,29,0,0.0,9,0,0.0,0,0,0.0,0.0,0.0,7.19999999999999,29,29,20,9,2,20,1.5370736122131348
25,control,2,29,0,0.0,7,1,0.14285714285714285,0,0,0.0,0.0,0.0,0.0,29,29,17,7,0,22,1.568795919418335
25,control,3,29,0,0.0,11,1,0.09090909090909091,0,0,0.0,0.0,0.0,0.0,29,29,24,11,0,18,1.5554718971252441
25,control,4,29,0,0.0,14,1,0.07142857142857142,0,0,0.0,0.0,0.0,11.699999999999974,29,29,23,14,4,17,1.542489767074585
25,control,5,29,0,0.0,14,0,0.0,0,0,0.0,0.0,0.0,2.0000000000000004,29,29,23,14,1,15,1.5029304027557373
25,control,6,29,0,0.0,11,2,0.18181818181818182,0,0,0.0,0.0,0.0,0.4,29,29,20,11,1,18,1.5324797630310059
25,control,7,29,0,0.0,11,2,0.18181818181818182,0,0,0.0,0.0,0.0,2.0000000000000004,29,29,20,11,1,18,1.5071618556976318
25,control,8,29,0,0.0,11,2,0.18181818181818182,0,0,0.0,0.0,0.0,6.499999999999993,29,29,21,11,4,20,1.5369765758514404
25,control,9,29,0,0.0,14,3,0.21428571428571427,0,0,0.0,0.0,0.0,10.999999999999977,29,29,22,14,4,16,1.495025396347046
25,control,10,29,0,0.0,12,0,0.0,0,0,0.0,0.0,0.0,7.599999999999989,29,29,19,12,3,17,1.510735273361206
25,control,11,29,0,0.0,12,0,0.0,0,0,0.0,0.0,0.0,5.599999999999996,29,29,20,12,2,18,1.5315148830413818
25,control,12,29,0,0.0,11,0,0.0,0,0,0.0,0.0,0.0,11.499999999999975,29,29,21,11,4,19,1.5240604877471924
25,control,13,29,0,0.0,12,3,0.25,0,0,0.0,0.0,0.0,7.499999999999989,29,29,25,13,3,17,1.640604019165039
25,control,14,29,0,0.0,11,2,0.18181818181818182,0,0,0.0,0.0,0.0,5.399999999999997,29,29,16,12,2,18,1.5829813480377197
25,detection,0,29,27,0.9310344827586207,19,4,0.21052631578947367,27,273,3.8518518518569205,0.3444444444450312,11.266666666668275,0.0,29,29,25,19,0,10,2.1825032234191895
25,detection,1,29,28,0.9655172413793104,20,0,0.0,28,282,4.360714285721149,0.132142857143009,11.683333333335037,3.2000000000000015,29,29,26,20,1,9,2.4392893314361572
25,detection,2,29,28,0.9655172413793104,17,2,0.11764705882352941,28,284,4.150000000004888,0.36785714285743254,11.683333333335037,0.0,29,29,23,17,0,12,2.1937196254730225
25,detection,3,29,29,1.0,22,0,0.0,29,290,3.175862068968012,0.3344827586212763,12.100000000001799,2.0000000000000004,29,29,27,22,1,7,2.1245174407958984
25,detection,4,29,27,0.9310344827586207,20,0,0.0,27,267,5.0851851851871865,0.15555555555569092,11.266666666668275,0.0,29,29,27,20,0,9,2.2522480487823486
25,detection,5,29,28,0.9655172413793104,18,1,0.05555555555555555,28,278,4.621428571432097,0.3714285714287503,11.683333333335037,0.0,29,29,27,18,0,11,2.127908945083618
25,detection,6,29,27,0.9310344827586207,16,2,0.125,27,271,4.792592592596557,0.270370370370755,11.266666666668275,2.400000000000001,29,29,24,16,1,13,2.1222870349884033
25,detection,7,29,28,0.9655172413793104,18,0,0.0,28,281,4.371428571430634,0.31785714285760897,11.683333333335037,0.0,29,29,24,18,0,11,2.132716655731201
25,detection,8,29,29,1.0,21,3,0.14285714285714285,29,289,3.948275862072914,0.16551724137960083,12.100000000001799,0.0,29,29,27,21,0,8,2.082812786102295
25,detection,9,29,28,0.9655172413793104,15,0,0.0,28,281,4.7392857142885,0.30357142857187014,11.683333333335037,1.3,29,29,23,15,1,14,2.2261264324188232
25,detection,10,29,28,0.9655172413793104,21,0,0.0,28,283,4.871428571430902,0.4250000000007554,11.683333333335037,0.0,29,29,27,21,0,8,2.1572425365448
25,detection,11,29,25,0.8620689655172413,16,0,0.0,25,250,4.424000000006226,0.3480000000000007,10.430555555556975,0.0,29,29,23,16,0,13,2.073631525039673
25,detection,12,29,26,0.896551724137931,17,2,0.11764705882352941,26,260,5.4307692307740165,0.3000000000005142,10.850000000001517,0.0,29,29,22,17,0,12,2.0874412059783936
25,detection,13,29,27,0.9310344827586207,16,2,0.125,27,273,4.703703703711607,0.29629629629643106,11.266666666668275,0.0,29,29,24,16,0,13,2.0870144367218018
25,detection,14,29,27,0.9310344827586207,17,2,0.11764705882352941,27,269,4.433333333337057,0.2222222222223738,11.265277777779387,0.0,29,29,26,17,0,12,2.0828847885131836
25,aware,0,29,23,0.7931034482758621,13,0,0.0,23,227,4.6478260869636285,0.29565217391348636,9.595833333334562,0.0,29,29,22,13,0,16,2.105515718460083
25,aware,1,29,29,1.0,17,1,0.058823529411764705,29,287,4.855172413795909,0.237931034482848,12.100000000001799,0.0,29,29,22,17,0,12,2.2164864540100098
25,aware,2,29,29,1.0,19,1,0.05263157894736842,29,297,4.017241379313657,0.1862068965519664,12.100000000001799,0.0,29,29,27,19,0,10,2.255791187286377
25,aware,3,29,28,0.9655172413793104,14,1,0.07142857142857142,28,283,3.9750000000033117,0.396428571428824,11.681944444446149,0.0,29,29,24,14,0,15,2.244368314743042
25,aware,4,29,28,0.9655172413793104,15,0,0.0,28,284,5.310714285721424,0.33928571428611526,11.681944444446149,0.0,29,29,24,15,0,14,2.088041305541992
25,aware,5,29,29,1.0,21,3,0.14285714285714285,29,289,3.8620689655228,0.3379310344831207,12.100000000001799,0.0,29,29,28,21,0,8,2.130636692047119
25,aware,6,29,25,0.8620689655172413,13,1,0.07692307692307693,25,254,4.216000000004152,0.15200000000024147,10.431944444445863,0.0,29,29,22,13,0,16,2.154909133911133
25,aware,7,29,27,0.9310344827586207,20,1,0.05,27,276,3.6703703703740143,0.36296296296349706,11.265277777779387,0.0,29,29,26,20,0,9,2.187206506729126
25,aware,8,29,25,0.8620689655172413,14,0,0.0,25,253,2.46400000000207,0.30400000000018734,10.429166666668085,0.0,29,29,23,14,0,15,2.102092742919922
25,aware,9,29,27,0.9310344827586207,15,0,0.0,27,267,4.085185185190879,0.266666666666961,11.263888888890497,0.0,29,29,24,15,0,14,2.1136066913604736
25,aware,10,29,29,1.0,17,2,0.11764705882352941,29,291,5.579310344830847,0.5586206896556072,12.100000000001799,0.0,29,29,26,17,0,12,2.1508049964904785
25,aware,11,29,28,0.9655172413793104,22,1,0.045454545454545456,28,282,4.385714285716075,0.21428571428590107,11.683333333335037,0.0,29,29,27,22,0,7,2.168193817138672
25,aware,12,29,26,0.896551724137931,17,2,0.11764705882352941,26,261,5.196153846159187,0.4307692307695353,10.847222222223737,0.0,29,29,22,17,0,12,2.1828460693359375
25,aware,13,29,29,1.0,24,0,0.0,29,294,4.420689655176903,0.3827586206898363,12.100000000001799,0.0,29,29,28,24,0,5,2.147603750228882
25,aware,14,29,29,1.0,14,0,0.0,29,293,5.006896551730337,0.4103448275866648,12.100000000001799,0.0,29,29,23,14,0,15,2.1270835399627686
30,control,0,29,0,0.0,8,2,0.25,0,0,0.0,0.0,0.0,5.4999999999999964,29,29,22,8,2,22,1.5970065593719482
30,control,1,29,0,0.0,9,0,0.0,0,0,0.0,0.0,0.0,7.19999999999999,29,29,20,9,2,20,1.5729880332946777
30,control,2,29,0,0.0,7,1,0.14285714285714285,0,0,0.0,0.0,0.0,0.0,29,29,17,7,0,22,1.540473222732544
30,control,3,29,0,0.0,11,1,0.09090909090909091,0,0,0.0,0.0,0.0,0.0,29,29,24,11,0,18,1.5615918636322021
30,control,4,29,0,0.0,14,1,0.07142857142857142,0,0,0.0,0.0,0.0,11.699999999999974,29,29,23,14,4,17,1.5827100276947021
30,control,5,29,0,0.0,14,0,0.0,0,0,0.0,0.0,0.0,2.0000000000000004,29,29,23,14,1,15,1.5647168159484863
30,control,6,29,0,0.0,11,2,0.18181818181818182,0,0,0.0,0.0,0.0,0.4,29,29,20,11,1,18,1.5555696487426758
30,control,7,29,0,0.0,11,2,0.18181818181818182,0,0,0.0,0.0,0.0,2.0000000000000004,29,29,20,11,1,18,1.5651249885559082
30,control,8,29,0,0.0,11,2,0.18181818181818182,0,0,0.0,0.0,0.0,6.499999999999993,29,29,21,11,4,20,1.5812151432037354
30,control,9,29,0,0.0,14,3,0.21428571428571427,0,0,0.0,0.0,0.0,10.999999999999977,29,29,22,14,4,16,1.555013656616211
30,control,10,29,0,0.0,12,0,0.0,0,0,0.0,0.0,0.0,7.599999999999989,29,29,19,12,3,17,1.5523457527160645
30,control,11,29,0,0.0,12,0,0.0,0,0,0.0,0.0,0.0,5.599999999999996,29,29,20,12,2,18,1.6124658584594727
30,control,12,29,0,0.0,11,0,0.0,0,0,0.0,0.0,0.0,11.499999999999975,29,29,21,11,4,19,1.6152451038360596
30,control,13,29,0,0.0,12,3,0.25,0,0,0.0,0.0,0.0,7.499999999999989,29,29,25,13,3,17,1.587982416152954
30,control,14,29,0,0.0,11,2,0.18181818181818182,0,0,0.0,0.0,0.0,5.399999999999997,29,29,16,12,2,18,1.5289857387542725
30,detection,0,29,28,0.9655172413793104,20,2,0.1,28,282,5.4107142857252315,0.3071428571432427,11.683333333335037,0.0,29,29,27,20,0,9,2.0337655544281006
30,detection,1,29,29,1.0,20,2,0.1,29,292,5.424137931041745,0.31034482758676357,12.100000000001799,1.4000000000000001,29,29,27,20,1,9,2.0200276374816895
30,detection,2,29,29,1.0,16,4,0.25,29,290,4.882758620693956,0.31724137931047086,12.100000000001799,5.099999999999998,29,29,26,16,2,13,1.9944252967834473
30,detection,3,29,28,0.9655172413793104,18,2,0.1111111111111111,28,281,5.007142857150521,0.35000000000058,11.683333333335037,0.0,29,29,28,18,0,11,2.0038259029388428
30,detection,4,29,29,1.0,18,1,0.05555555555555555,29,293,5.441379310349057,0.22068965517280012,12.100000000001799,0.0,29,29,26,18,0,11,2.0144810676574707
30,detection,5,29,29,1.0,20,2,0.1,29,291,6.54482758621148,0.2758620689661817,12.100000000001799,0.0,29,29,26,20,0,9,1.993171215057373
30,detection,6,29,26,0.896551724137931,14,1,0.07142857142857142,26,264,5.680769230777968,0.1769230769233303,10.848611111112625,0.0,29,29,25,14,0,15,2.010096549987793
30,detection,7,29,27,0.9310344827586207,16,0,0.0,27,269,5.844444444455779,0.2888888888891746,11.266666666668275,0.0,29,29,23,16,0,13,2.0260729789733887
30,detection,8,29,29,1.0,24,1,0.041666666666666664,29,290,5.031034482763175,0.3103448275863598,12.100000000001799,1.6000000000000003,29,29,27,24,1,5,1.996122121810913
30,detection,9,29,26,0.896551724137931,15,1,0.06666666666666667,26,261,4.103846153850302,0.20000000000015478,10.848611111112625,0.0,29,29,23,15,0,14,1.959717035293579
30,detection,10,29,27,0.9310344827586207,20,2,0.1,27,272,5.514814814826065,0.3666666666669648,11.266666666668275,0.0,29,29,27,20,0,9,1.9836463928222656
30,detection,11,29,27,0.9310344827586207,20,2,0.1,27,271,4.974074074080533,0.37037037037077036,11.265277777779387,0.0,29,29,28,20,0,9,2.0088181495666504
30,detection,12,29,27,0.9310344827586207,16,0,0.0,27,269,5.4962962962995,0.27777777777801776,11.265277777779387,0.0,29,29,25,16,0,13,1.9878909587860107
30,detection,13,29,27,0.9310344827586207,20,1,0.05,27,270,5.592592592601425,0.3407407407411277,11.263888888890497,5.699999999999996,29,29,25,20,2,9,1.9776873588562012
30,detection,14,29,27,0.9310344827586207,19,2,0.10526315789473684,27,268,6.181481481489801,0.2777777777782315,11.265277777779387,0.0,29,29,24,19,0,10,1.9878995418548584
30,aware,0,29,26,0.896551724137931,17,1,0.058823529411764705,26,262,4.911538461543671,0.34230769230819863,10.848611111112625,3.900000000000002,29,29,25,18,1,12,2.006208896636963
30,aware,1,29,27,0.9310344827586207,15,1,0.06666666666666667,27,268,6.503703703708088,0.4074074074078632,11.265277777779387,0.0,29,29,24,15,0,14,2.0465946197509766
30,aware,2,29,28,0.9655172413793104,14,2,0.14285714285714285,28,281,4.150000000003429,0.3285714285717266,11.681944444446149,2.1000000000000005,29,29,23,14,1,15,2.0424695014953613
30,aware,3,29,26,0.896551724137931,16,3,0.1875,26,263,5.33846153846737,0.2769230769235378,10.848611111112625,0.0,29,29,22,16,0,13,2.090247631072998
30,aware,4,29,26,0.896551724137931,22,0,0.0,26,265,4.761538461540978,0.29615384615443274,10.850000000001517,1.2,29,29,25,22,1,7,2.0912539958953857
30,aware,5,29,26,0.896551724137931,23,0,0.0,26,264,3.4961538461560897,0.2846153846153444,10.847222222223737,0.0,29,29,24,23,0,6,2.1119279861450195
30,aware,6,29,25,0.8620689655172413,15,2,0.13333333333333333,25,251,5.624000000005975,0.17999999999994998,10.430555555556975,1.8000000000000005,29,29,20,16,1,14,2.080542802810669
30,aware,7,29,23,0.7931034482758621,12,1,0.08333333333333333,23,227,8.073913043483921,0.29565217391309956,9.598611111112342,0.0,29,29,21,12,0,17,2.1059210300445557
30,aware,8,29,27,0.9310344827586207,17,2,0.11764705882352941,27,272,6.177777777784787,0.37407407407452126,11.263888888890497,1.8000000000000005,29,29,25,17,1,12,2.0966715812683105
30,aware,9,29,26,0.896551724137931,20,0,0.0,26,258,6.2692307692393365,0.39230769230833573,10.848611111112625,0.0,29,29,25,20,0,9,2.0866549015045166
30,aware,10,29,28,0.9655172413793104,15,2,0.13333333333333333,28,281,5.542857142865034,0.2928571428573373,11.683333333335037,2.500000000000001,29,29,26,15,1,14,2.0570297241210938
30,aware,11,29,26,0.896551724137931,19,1,0.05263157894736842,26,258,6.242307692314586,0.49230769230850385,10.850000000001517,0.0,29,29,26,19,0,10,2.1336522102355957
30,aware,12,29,26,0.896551724137931,18,0,0.0,26,261,4.584615384624224,0.26153846153871885,10.848611111112625,0.0,29,29,25,18,0,11,2.0880212783813477
30,aware,13,29,27,0.9310344827586207,20,2,0.1,27,273,6.311111111117043,0.22592592592613098,11.265277777779387,2.600000000000001,29,29,25,20,1,9,2.0596044063568115
30,aware,14,29,27,0.9310344827586207,19,0,0.0,27,268,5.774074074077783,0.35925925925964414,11.266666666668275,0.0,29,29,25,19,0,10,2.095762014389038
40,control,0,29,0,0.0,8,2,0.25,0,0,0.0,0.0,0.0,5.4999999999999964,29,29,22,8,2,22,1.6002192497253418
40,control,1,29,0,0.0,9,0,0.0,0,0,0.0,0.0,0.0,7.19999999999999,29,29,20,9,2,20,1.5904920101165771
40,control,2,29,0,0.0,7,1,0.14285714285714285,0,0,0.0,0.0,0.0,0.0,29,29,17,7,0,22,1.545346736907959
40,control,3,29,0,0.0,11,1,0.09090909090909091,0,0,0.0,0.0,0.0,0.0,29,29,24,11,0,18,1.5447723865509033
40,control,4,29,0,0.0,14,1,0.07142857142857142,0,0,0.0,0.0,0.0,11.699999999999974,29,29,23,14,4,17,1.556793451309204
40,control,5,29,0,0.0,14,0,0.0,0,0,0.0,0.0,0.0,2.0000000000000004,29,29,23,14,1,15,1.5668504238128662
40,control,6,29,0,0.0,11,2,0.18181818181818182,0,0,0.0,0.0,0.0,0.4,29,29,20,11,1,18,1.5244646072387695
40,control,7,29,0,0.0,11,2,0.18181818181818182,0,0,0.0,0.0,0.0,2.0000000000000004,29,29,20,11,1,18,1.5253126621246338
40,control,8,29,0,0.0,11,2,0.18181818181818182,0,0,0.0,0.0,0.0,6.499999999999993,29,29,21,11,4,20,1.5229730606079102
40,control,9,29,0,0.0,14,3,0.21428571428571427,0,0,0.0,0.0,0.0,10.999999999999977,29,29,22,14,4,16,1.5315172672271729
40,control,10,29,0,0.0,12,0,0.0,0,0,0.0,0.0,0.0,7.599999999999989,29,29,19,12,3,17,1.520622968673706
40,control,11,29,0,0.0,12,0,0.0,0,0,0.0,0.0,0.0,5.599999999999996,29,29,20,12,2,18,1.5121197700500488
40,control,12,29,0,0.0,11,0,0.0,0,0,0.0,0.0,0.0,11.499999999999975,29,29,21,11,4,19,1.5585811138153076
40,control,13,29,0,0.0,12,3,0.25,0,0,0.0,0.0,0.0,7.499999999999989,29,29,25,13,3,17,1.5098445415496826
40,control,14,29,0,0.0,11,2,0.18181818181818182,0,0,0.0,0.0,0.0,5.399999999999997,29,29,16,12,2,18,1.5116651058197021
40,detection,0,29,26,0.896551724137931,14,2,0.14285714285714285,26,259,7.403846153852651,0.24615384615419617,10.848611111112625,1.4000000000000001,29,29,26,14,1,15,1.958252191543579
40,detection,1,29,20,0.6896551724137931,18,0,0.0,20,200,5.470000000006347,0.3500000000006338,8.3430555555565,0.0,29,29,26,18,0,11,2.018712282180786
40,detection,2,29,17,0.5862068965517241,9,2,0.2222222222222222,17,169,5.029411764711756,0.31176470588273814,7.094444444445107,0.0,29,29,23,9,0,20,2.0014874935150146
40,detection,3,29,18,0.6206896551724138,14,0,0.0,18,184,7.505555555567578,0.26111111111149415,7.5069444444452,7.799999999999988,29,29,19,14,2,15,1.9253549575805664
40,detection,4,29,24,0.8275862068965517,17,0,0.0,24,239,5.504166666674144,0.24166666666701886,10.013888888890213,0.0,29,29,26,17,0,12,1.9328088760375977
40,detection,5,29,26,0.896551724137931,20,5,0.25,26,261,4.530769230768427,0.24230769230794308,10.848611111112625,0.0,29,29,28,20,0,9,1.8884682655334473
40,detection,6,29,18,0.6206896551724138,15,1,0.06666666666666667,18,183,6.544444444452089,0.5055555555560353,7.509722222222978,0.0,29,29,26,15,0,14,1.88926100730896
40,detection,7,29,21,0.7241379310344828,16,1,0.0625,21,207,3.3952380952437826,0.32380952381015504,8.76250000000104,0.0,29,29,23,16,0,13,1.860741376876831
40,detection,8,29,19,0.6551724137931034,17,1,0.058823529411764705,19,192,5.063157894743002,0.27894736842125967,7.927777777778629,8.399999999999986,29,29,21,17,3,12,1.87442946434021
40,detection,9,29,20,0.6896551724137931,11,3,0.2727272727272727,20,202,4.060000000004647,0.17500000000019328,8.34583333333428,0.0,29,29,22,11,0,18,1.8732924461364746
40,detection,10,29,19,0.6551724137931034,17,0,0.0,19,188,5.7315789473743735,0.3473684210530756,7.926388888889739,5.999999999999995,29,29,26,17,2,12,1.9142520427703857
40,detection,11,29,18,0.6206896551724138,11,2,0.18181818181818182,18,180,4.544444444448418,0.28888888888926406,7.509722222222978,1.3,29,29,23,11,1,18,1.8775510787963867
40,detection,12,29,20,0.6896551724137931,18,0,0.0,20,196,5.895000000002881,0.2800000000001489,8.34583333333428,2.800000000000001,29,29,25,18,1,11,1.9235823154449463
40,detection,13,29,19,0.6551724137931034,13,1,0.07692307692307693,19,192,3.8000000000058245,0.24736842105310666,7.92500000000085,6.8999999999999915,29,29,24,13,3,16,1.8783698081970215
40,detection,14,29,20,0.6896551724137931,14,0,0.0,20,199,6.35000000000788,0.26000000000045986,8.34444444444539,3.800000000000002,29,29,24,14,1,16,1.8663585186004639
40,aware,0,29,17,0.5862068965517241,9,0,0.0,17,172,5.58235294118537,0.2529411764710537,7.091666666667328,7.29999999999999,29,29,21,10,3,20,1.904109001159668
40,aware,1,29,16,0.5517241379310345,14,2,0.14285714285714285,16,161,5.006250000001025,0.30000000000035953,6.677777777778345,9.299999999999983,29,29,23,15,3,16,1.9031071662902832
40,aware,2,29,17,0.5862068965517241,15,0,0.0,17,173,4.547058823532499,0.2058823529414172,7.095833333333995,1.4000000000000001,29,29,24,15,1,14,1.9141430854797363
40,aware,3,29,21,0.7241379310344828,15,0,0.0,21,212,5.233333333338935,0.2619047619049081,8.76388888888993,3.3000000000000016,29,29,24,15,1,14,1.896920919418335
40,aware,4,29,18,0.6206896551724138,16,1,0.0625,18,183,6.805555555565028,0.20555555555586125,7.5069444444452,0.0,29,29,25,16,0,13,1.9201784133911133
40,aware,5,29,18,0.6206896551724138,11,0,0.0,18,181,6.311111111120179,0.561111111111545,7.509722222222978,3.3000000000000016,29,29,24,12,1,18,1.9417695999145508
40,aware,6,29,21,0.7241379310344828,17,2,0.11764705882352941,21,211,7.304761904768462,0.41428571428602773,8.76111111111215,3.4000000000000017,29,29,25,18,2,12,1.8935749530792236
40,aware,7,29,21,0.7241379310344828,14,0,0.0,21,210,5.5333333333357455,0.4142857142860426,8.76250000000104,0.0,29,29,25,14,0,15,1.8552310466766357
40,aware,8,29,17,0.5862068965517241,18,6,0.3333333333333333,17,168,6.494117647067021,0.488235294118059,7.093055555556218,2.9000000000000012,29,29,23,19,1,11,1.9007446765899658
40,aware,9,29,18,0.6206896551724138,18,2,0.1111111111111111,18,181,6.700000000005169,0.45555555555578386,7.511111111111867,3.1000000000000014,29,29,26,18,1,12,1.885591745376587
40,aware,10,29,19,0.6551724137931034,15,0,0.0,19,191,7.04210526317087,0.5263157894744755,7.927777777778629,0.0,29,29,25,15,0,14,1.9161021709442139
40,aware,11,29,20,0.6896551724137931,16,1,0.0625,20,204,5.910000000007005,0.49000000000046384,8.34583333333428,0.0,29,29,24,16,0,13,1.9043605327606201
40,aware,12,29,18,0.6206896551724138,17,2,0.11764705882352941,18,178,5.672222222233996,0.19444444444468445,7.509722222222978,6.099999999999994,29,29,22,18,3,13,1.8822710514068604
40,aware,13,29,23,0.7931034482758621,16,0,0.0,23,229,7.230434782614793,0.3304347826088326,9.597222222223452,0.0,29,29,24,16,0,13,1.9041509628295898
40,aware,14,29,23,0.7931034482758621,16,2,0.125,23,230,5.521739130439895,0.2869565217396084,9.597222222223452,0.0,29,29,26,16,0,13,1.9335360527038574
