size_scale,mode,trial,animals,detected,det_rate,road_entries,collisions,col_rate,warnings,vehicles_alerted,mean_latency_s,in_range_latency_s,awareness_pct,frozen_on_road_s,n_foraging,n_approaching,n_hesitating,n_crossing,n_frozen,n_fleeing,wall_seconds
0.25,control,0,29,0,0.0,8,2,0.25,0,0,0.0,0.0,0.0,5.4999999999999964,29,29,22,8,2,22,1.484229326248169
0.25,control,1,29,0,0.0,9,0,0.0,0,0,0.0,0.0,0.0,7.19999999999999,29,29,20,9,2,20,1.5137879848480225
0.25,control,2,29,0,0.0,7,1,0.14285714285714285,0,0,0.0,0.0,0.0,0.0,29,29,17,7,0,22,1.5010631084442139
0.25,control,3,29,0,0.0,11,1,0.09090909090909091,0,0,0.0,0.0,0.0,0.0,29,29,24,11,0,18,1.506298542022705
0.25,control,4,29,0,0.0,14,1,0.07142857142857142,0,0,0.0,0.0,0.0,11.699999999999974,29,29,23,14,4,17,1.5019786357879639
0.25,control,5,29,0,0.0,14,0,0.0,0,0,0.0,0.0,0.0,2.0000000000000004,29,29,23,14,1,15,1.493912696838379
0.25,control,6,29,0,0.0,11,2,0.18181818181818182,0,0,0.0,0.0,0.0,0.4,29,29,20,11,1,18,1.5055723190307617
0.25,control,7,29,0,0.0,11,2,0.18181818181818182,0,0,0.0,0.0,0.0,2.0000000000000004,29,29,20,11,1,18,1.4854741096496582
0.25,control,8,29,0,0.0,11,2,0.18181818181818182,0,0,0.0,0.0,0.0,6.499999999999993,29,29,21,11,4,20,1.510202407836914
0.25,control,9,29,0,0.0,14,3,0.21428571428571427,0,0,0.0,0.0,0.0,10.999999999999977,29,29,22,14,4,16,1.524843454360962
0.25,control,10,29,0,0.0,12,0,0.0,0,0,0.0,0.0,0.0,7.599999999999989,29,29,19,12,3,17,1.4749095439910889
0.25,control,11,29,0,0.0,12,0,0.0,0,0,0.0,0.0,0.0,5.599999999999996,29,29,20,12,2,18,1.5085744857788086
0.25,control,12,29,0,0.0,11,0,0.0,0,0,0.0,0.0,0.0,11.499999999999975,29,29,21,11,4,19,1.504117488861084
0.25,control,13,29,0,0.0,12,3,0.25,0,0,0.0,0.0,0.0,7.499999999999989,29,29,25,13,3,17,1.4981718063354492
0.25,control,14,29,0,0.0,11,2,0.18181818181818182,0,0,0.0,0.0,0.0,5.399999999999997,29,29,16,12,2,18,1.5151417255401611
0.25,detection,0,29,28,0.9655172413793104,17,1,0.058823529411764705,28,282,2.4928571428588007,0.4928571428576153,11.683333333335037,0.0,29,29,24,17,0,12,2.483734607696533
0.25,detection,1,29,29,1.0,21,1,0.047619047619047616,29,291,2.958620689657175,0.5551724137935639,12.100000000001799,0.0,29,29,28,21,0,8,2.4515552520751953
0.25,detection,2,29,27,0.9310344827586207,16,0,0.0,27,276,2.4000000000046415,0.5777777777782996,11.266666666668275,0.0,29,29,26,16,0,13,2.4549386501312256
0.25,detection,3,29,27,0.9310344827586207,19,0,0.0,27,267,2.5518518518551754,0.555555555555865,11.266666666668275,1.0999999999999999,29,29,25,19,1,10,2.450979232788086
0.25,detection,4,29,29,1.0,15,2,0.13333333333333333,29,292,2.2655172413804703,0.59655172413864,12.100000000001799,0.0,29,29,25,15,0,14,2.4638466835021973
0.25,detection,5,29,29,1.0,22,0,0.0,29,290,2.2172413793113597,0.3965517241384779,12.100000000001799,3.2000000000000015,29,29,25,22,1,7,2.4495160579681396
0.25,detection,6,29,28,0.9655172413793104,22,2,0.09090909090909091,28,282,3.9857142857167593,0.5214285714291975,11.681944444446149,0.0,29,29,27,22,0,7,2.587956666946411
0.25,detection,7,29,29,1.0,23,4,0.17391304347826086,29,293,1.9137931034496058,0.5689655172420663,12.100000000001799,1.8000000000000005,29,29,27,23,1,6,2.4501821994781494
0.25,detection,8,29,29,1.0,19,0,0.0,29,293,2.6344827586223833,0.5551724137935443,12.100000000001799,2.400000000000001,29,29,26,19,1,10,2.444124698638916
0.25,detection,9,29,29,1.0,16,1,0.0625,29,288,2.1068965517262654,0.4379310344833345,12.100000000001799,0.0,29,29,24,16,0,13,2.4371511936187744
0.25,detection,10,29,29,1.0,18,1,0.05555555555555555,29,285,2.651724137935783,0.7344827586217093,12.100000000001799,3.1000000000000014,29,29,28,18,1,11,2.477788209915161
0.25,detection,11,29,29,1.0,22,2,0.09090909090909091,29,291,3.651724137935014,0.520689655173328,12.100000000001799,3.1000000000000014,29,29,28,22,1,7,2.486644744873047
0.25,detection,12,29,29,1.0,22,0,0.0,29,291,2.5172413793123747,0.47931034482781965,12.100000000001799,0.0,29,29,24,22,0,7,2.4653382301330566
0.25,detection,13,29,28,0.9655172413793104,23,1,0.043478260869565216,28,280,2.1000000000051267,0.4928571428575919,11.683333333335037,0.0,29,29,28,23,0,6,2.4493772983551025
0.25,detection,14,29,29,1.0,20,0,0.0,29,289,3.3517241379346485,0.5000000000006017,12.100000000001799,0.0,29,29,26,20,0,9,2.6430296897888184
0.25,aware,0,29,29,1.0,15,1,0.06666666666666667,29,291,4.0551724137983625,0.862068965518191,12.100000000001799,0.0,29,29,23,15,0,14,2.539654493331909
0.25,aware,1,29,29,1.0,18,1,0.05555555555555555,29,291,2.8724137931056144,0.42068965517289364,12.100000000001799,0.0,29,29,26,18,0,11,2.4832763671875
0.25,aware,2,29,29,1.0,21,0,0.0,29,293,2.962068965521055,0.5896551724144329,12.100000000001799,0.0,29,29,25,21,0,8,2.600179672241211
0.25,aware,3,29,29,1.0,19,1,0.05263157894736842,29,290,3.4517241379357992,0.8068965517244047,12.100000000001799,0.0,29,29,26,19,0,10,2.5236475467681885
0.25,aware,4,29,28,0.9655172413793104,18,0,0.0,28,280,1.867857142860704,0.40357142857155076,11.681944444446149,0.0,29,29,23,18,0,11,2.4772791862487793
0.25,aware,5,29,29,1.0,23,1,0.043478260869565216,29,295,1.824137931035165,0.4689655172421367,12.100000000001799,0.0,29,29,28,23,0,6,2.5013046264648438
0.25,aware,6,29,27,0.9310344827586207,20,1,0.05,27,272,2.462962962964983,0.45555555555607913,11.263888888890497,0.0,29,29,24,20,0,9,2.5448760986328125
0.25,aware,7,29,29,1.0,19,0,0.0,29,291,3.2862068965559663,0.6620689655178907,12.100000000001799,0.0,29,29,28,19,0,10,2.4962856769561768
0.25,aware,8,29,29,1.0,19,1,0.05263157894736842,29,291,2.682758620692635,0.5551724137935746,12.100000000001799,0.0,29,29,26,19,0,10,2.4691922664642334
0.25,aware,9,29,29,1.0,18,2,0.1111111111111111,29,296,2.9413793103485846,0.5172413793111837,12.100000000001799,0.0,29,29,27,18,0,11,2.464094877243042
0.25,aware,10,29,29,1.0,23,1,0.043478260869565216,29,291,3.110344827588176,0.41724137931109534,12.100000000001799,0.0,29,29,28,23,0,6,2.4859402179718018
0.25,aware,11,29,29,1.0,20,2,0.1,29,288,3.875862068970885,0.8137931034490872,12.100000000001799,0.0,29,29,28,20,0,9,2.4702181816101074
0.25,aware,12,29,29,1.0,23,0,0.0,29,294,2.548275862073917,0.6931034482766831,12.100000000001799,0.0,29,29,28,23,0,6,2.46928071975708
0.25,aware,13,29,28,0.9655172413793104,19,0,0.0,28,280,3.625000000006323,0.5785714285722473,11.681944444446149,0.0,29,29,26,19,0,10,2.526698350906372
0.25,aware,14,29,28,0.9655172413793104,18,1,0.05555555555555555,28,280,2.7250000000046586,0.4821428571434743,11.683333333335037,4.000000000000002,29,29,26,18,1,11,2.5925261974334717
0.5,control,0,29,0,0.0,8,2,0.25,0,0,0.0,0.0,0.0,5.4999999999999964,29,29,22,8,2,22,1.528759479522705
0.5,control,1,29,0,0.0,9,0,0.0,0,0,0.0,0.0,0.0,7.19999999999999,29,29,20,9,2,20,1.5352263450622559
0.5,control,2,29,0,0.0,7,1,0.14285714285714285,0,0,0.0,0.0,0.0,0.0,29,29,17,7,0,22,1.5627398490905762
0.5,control,3,29,0,0.0,11,1,0.09090909090909091,0,0,0.0,0.0,0.0,0.0,29,29,24,11,0,18,1.5724234580993652
0.5,control,4,29,0,0.0,14,1,0.07142857142857142,0,0,0.0,0.0,0.0,11.699999999999974,29,29,23,14,4,17,1.5478646755218506
0.5,control,5,29,0,0.0,14,0,0.0,0,0,0.0,0.0,0.0,2.0000000000000004,29,29,23,14,1,15,1.5210669040679932
0.5,control,6,29,0,0.0,11,2,0.18181818181818182,0,0,0.0,0.0,0.0,0.4,29,29,20,11,1,18,1.533799648284912
0.5,control,7,29,0,0.0,11,2,0.18181818181818182,0,0,0.0,0.0,0.0,2.0000000000000004,29,29,20,11,1,18,1.527632713317871
0.5,control,8,29,0,0.0,11,2,0.18181818181818182,0,0,0.0,0.0,0.0,6.499999999999993,29,29,21,11,4,20,1.5293357372283936
0.5,control,9,29,0,0.0,14,3,0.21428571428571427,0,0,0.0,0.0,0.0,10.999999999999977,29,29,22,14,4,16,1.5167348384857178
0.5,control,10,29,0,0.0,12,0,0.0,0,0,0.0,0.0,0.0,7.599999999999989,29,29,19,12,3,17,1.5125761032104492
0.5,control,11,29,0,0.0,12,0,0.0,0,0,0.0,0.0,0.0,5.599999999999996,29,29,20,12,2,18,1.5528273582458496
0.5,control,12,29,0,0.0,11,0,0.0,0,0,0.0,0.0,0.0,11.499999999999975,29,29,21,11,4,19,1.566136121749878
0.5,control,13,29,0,0.0,12,3,0.25,0,0,0.0,0.0,0.0,7.499999999999989,29,29,25,13,3,17,1.544731855392456
0.5,control,14,29,0,0.0,11,2,0.18181818181818182,0,0,0.0,0.0,0.0,5.399999999999997,29,29,16,12,2,18,1.5133850574493408
0.5,detection,0,29,29,1.0,21,0,0.0,29,293,2.1758620689667207,0.5000000000007517,12.100000000001799,0.0,29,29,28,21,0,8,2.4788403511047363
0.5,detection,1,29,29,1.0,19,1,0.05263157894736842,29,292,1.9000000000027841,0.43103448275874223,12.100000000001799,0.0,29,29,28,19,0,10,2.4787464141845703
0.5,detection,2,29,29,1.0,15,0,0.0,29,291,2.0000000000006457,0.46551724137986605,12.100000000001799,0.0,29,29,26,15,0,14,2.508162498474121
0.5,detection,3,29,28,0.9655172413793104,19,1,0.05263157894736842,28,282,3.0750000000029494,0.47857142857171703,11.681944444446149,0.0,29,29,24,19,0,10,2.4472551345825195
0.5,detection,4,29,29,1.0,20,1,0.05,29,289,2.8689655172441975,0.5482758620698086,12.100000000001799,0.0,29,29,27,20,0,9,2.4779860973358154
0.5,detection,5,29,29,1.0,21,2,0.09523809523809523,29,292,3.0241379310388252,0.396551724138572,12.100000000001799,0.0,29,29,28,21,0,8,2.502232313156128
0.5,detection,6,29,29,1.0,17,1,0.058823529411764705,29,290,2.086206896555762,0.3586206896556734,12.100000000001799,0.0,29,29,28,17,0,12,2.4722352027893066
0.5,detection,7,29,29,1.0,22,2,0.09090909090909091,29,291,1.9344827586222673,0.44827586206938597,12.100000000001799,1.8000000000000005,29,29,27,22,1,7,2.4839537143707275
0.5,detection,8,29,29,1.0,20,2,0.1,29,293,2.3137931034481327,0.2689655172416453,12.100000000001799,5.599999999999996,29,29,26,20,2,9,2.474078893661499
0.5,detection,9,29,29,1.0,24,2,0.08333333333333333,29,289,3.5103448275895435,0.42413793103504766,12.100000000001799,0.0,29,29,28,24,0,5,2.5421109199523926
0.5,detection,10,29,27,0.9310344827586207,16,0,0.0,27,266,3.1740740740766107,0.4407407407413757,11.265277777779387,0.0,29,29,26,16,0,13,2.427266836166382
0.5,detection,11,29,28,0.9655172413793104,20,1,0.05,28,280,3.1857142857151652,0.38214285714329727,11.683333333335037,2.9000000000000012,29,29,26,20,1,9,2.5367813110351562
0.5,detection,12,29,29,1.0,22,1,0.045454545454545456,29,289,2.9103448275886787,0.42068965517279466,12.100000000001799,0.0,29,29,25,22,0,7,2.415598154067993
0.5,detection,13,29,28,0.9655172413793104,18,0,0.0,28,283,3.3142857142935163,0.3250000000005327,11.683333333335037,0.0,29,29,25,18,0,11,2.427863597869873
0.5,detection,14,29,29,1.0,21,2,0.09523809523809523,29,290,2.7586206896574343,0.2896551724138472,12.100000000001799,1.2,29,29,26,21,1,8,2.4933271408081055
0.5,aware,0,29,29,1.0,19,0,0.0,29,292,2.6206896551738965,0.45517241379356077,12.100000000001799,0.0,29,29,26,19,0,10,2.4835619926452637
0.5,aware,1,29,29,1.0,25,2,0.08,29,292,2.6000000000026335,0.2896551724143451,12.100000000001799,0.0,29,29,29,25,0,4,2.4830236434936523
0.5,aware,2,29,29,1.0,21,1,0.047619047619047616,29,287,2.227586206899371,0.493103448276229,12.100000000001799,0.0,29,29,24,21,0,8,2.4787559509277344
0.5,aware,3,29,29,1.0,19,2,0.10526315789473684,29,294,2.617241379314335,0.3655172413794836,12.100000000001799,0.0,29,29,26,19,0,10,2.4605557918548584
0.5,aware,4,29,28,0.9655172413793104,16,0,0.0,28,280,1.0035714285718456,0.46428571428605736,11.681944444446149,0.0,29,29,24,16,0,13,2.456062078475952
0.5,aware,5,29,29,1.0,17,1,0.058823529411764705,29,294,2.968965517242369,0.3724137931038387,12.100000000001799,0.0,29,29,26,17,0,12,2.4796173572540283
0.5,aware,6,29,29,1.0,17,0,0.0,29,293,2.5862068965532834,0.2862068965519842,12.100000000001799,2.1000000000000005,29,29,25,17,1,12,2.481121778488159
0.5,aware,7,29,28,0.9655172413793104,19,1,0.05263157894736842,28,281,2.100000000002324,0.46785714285734464,11.683333333335037,0.0,29,29,25,19,0,10,2.5328996181488037
0.5,aware,8,29,27,0.9310344827586207,21,2,0.09523809523809523,27,272,1.5000000000014253,0.44814814814831744,11.263888888890497,0.0,29,29,25,21,0,8,2.476841688156128
0.5,aware,9,29,29,1.0,19,1,0.05263157894736842,29,290,2.3103448275900793,0.6448275862078311,12.100000000001799,0.0,29,29,27,19,0,10,2.4728732109069824
0.5,aware,10,29,29,1.0,19,0,0.0,29,292,3.4689655172453433,0.3689655172419072,12.100000000001799,3.900000000000002,29,29,28,19,1,10,2.495764970779419
0.5,aware,11,29,29,1.0,16,2,0.125,29,288,2.831034482761426,0.410344827586899,12.100000000001799,0.0,29,29,28,16,0,13,2.481316566467285
0.5,aware,12,29,28,0.9655172413793104,20,2,0.1,28,282,2.8357142857197553,0.5214285714291539,11.681944444446149,0.0,29,29,27,20,0,9,2.4535415172576904
0.5,aware,13,29,29,1.0,20,0,0.0,29,290,3.400000000004126,0.4379310344831571,12.100000000001799,0.0,29,29,27,20,0,9,2.493562936782837
0.5,aware,14,29,29,1.0,21,3,0.14285714285714285,29,290,2.0310344827607163,0.5172413793105958,12.100000000001799,1.2,29,29,27,21,1,8,2.425598621368408
0.75,control,0,29,0,0.0,8,2,0.25,0,0,0.0,0.0,0.0,5.4999999999999964,29,29,22,8,2,22,1.5211982727050781
0.75,control,1,29,0,0.0,9,0,0.0,0,0,0.0,0.0,0.0,7.19999999999999,29,29,20,9,2,20,1.5297698974609375
0.75,control,2,29,0,0.0,7,1,0.14285714285714285,0,0,0.0,0.0,0.0,0.0,29,29,17,7,0,22,1.507239580154419
0.75,control,3,29,0,0.0,11,1,0.09090909090909091,0,0,0.0,0.0,0.0,0.0,29,29,24,11,0,18,1.5476019382476807
0.75,control,4,29,0,0.0,14,1,0.07142857142857142,0,0,0.0,0.0,0.0,11.699999999999974,29,29,23,14,4,17,1.5004570484161377
0.75,control,5,29,0,0.0,14,0,0.0,0,0,0.0,0.0,0.0,2.0000000000000004,29,29,23,14,1,15,1.511690378189087
0.75,control,6,29,0,0.0,11,2,0.18181818181818182,0,0,0.0,0.0,0.0,0.4,29,29,20,11,1,18,1.500316858291626
0.75,control,7,29,0,0.0,11,2,0.18181818181818182,0,0,0.0,0.0,0.0,2.0000000000000004,29,29,20,11,1,18,1.5579087734222412
0.75,control,8,29,0,0.0,11,2,0.18181818181818182,0,0,0.0,0.0,0.0,6.499999999999993,29,29,21,11,4,20,1.5478644371032715
0.75,control,9,29,0,0.0,14,3,0.21428571428571427,0,0,0.0,0.0,0.0,10.999999999999977,29,29,22,14,4,16,1.5740790367126465
0.75,control,10,29,0,0.0,12,0,0.0,0,0,0.0,0.0,0.0,7.599999999999989,29,29,19,12,3,17,1.551124095916748
0.75,control,11,29,0,0.0,12,0,0.0,0,0,0.0,0.0,0.0,5.599999999999996,29,29,20,12,2,18,1.5711967945098877
0.75,control,12,29,0,0.0,11,0,0.0,0,0,0.0,0.0,0.0,11.499999999999975,29,29,21,11,4,19,1.518890142440796
0.75,control,13,29,0,0.0,12,3,0.25,0,0,0.0,0.0,0.0,7.499999999999989,29,29,25,13,3,17,1.545907735824585
0.75,control,14,29,0,0.0,11,2,0.18181818181818182,0,0,0.0,0.0,0.0,5.399999999999997,29,29,16,12,2,18,1.5159225463867188
0.75,detection,0,29,29,1.0,23,0,0.0,29,291,2.200000000001291,0.4068965517245509,12.100000000001799,0.0,29,29,28,23,0,6,2.4852285385131836
0.75,detection,1,29,29,1.0,23,4,0.17391304347826086,29,291,2.803448275864851,0.24827586206906901,12.100000000001799,1.5000000000000002,29,29,28,23,1,6,2.4384374618530273
0.75,detection,2,29,29,1.0,16,0,0.0,29,291,1.5999999999999512,0.30689655172440666,12.100000000001799,3.900000000000002,29,29,25,16,1,13,2.4512946605682373
0.75,detection,3,29,28,0.9655172413793104,19,0,0.0,28,278,1.6678571428599673,0.4178571428577586,11.683333333335037,0.0,29,29,27,19,0,10,2.4567601680755615
0.75,detection,4,29,29,1.0,16,2,0.125,29,290,3.0793103448279355,0.5000000000003342,12.100000000001799,2.500000000000001,29,29,27,16,1,13,2.4461989402770996
0.75,detection,5,29,29,1.0,20,0,0.0,29,289,2.9241379310380533,0.27931034482778494,12.100000000001799,0.0,29,29,24,20,0,9,2.479930877685547
0.75,detection,6,29,29,1.0,16,1,0.0625,29,291,3.386206896555458,0.403448275862294,12.100000000001799,1.2,29,29,28,16,1,13,2.4453628063201904
0.75,detection,7,29,28,0.9655172413793104,18,1,0.05555555555555555,28,280,2.9142857142899468,0.44642857142871456,11.683333333335037,0.0,29,29,25,18,0,11,2.500746965408325
0.75,detection,8,29,29,1.0,24,1,0.041666666666666664,29,287,1.993103448278289,0.337931034483104,12.100000000001799,4.699999999999999,29,29,28,24,2,5,2.4471354484558105
0.75,detection,9,29,29,1.0,19,1,0.05263157894736842,29,291,1.075862068967924,0.4034482758627193,12.100000000001799,0.0,29,29,28,19,0,10,2.456118106842041
0.75,detection,10,29,28,0.9655172413793104,17,1,0.058823529411764705,28,279,2.7214285714304487,0.34285714285757,11.681944444446149,0.0,29,29,25,17,0,12,2.465331792831421
0.75,detection,11,29,27,0.9310344827586207,16,1,0.0625,27,269,2.8444444444467343,0.3962962962967359,11.266666666668275,0.0,29,29,27,16,0,13,2.503342866897583
0.75,detection,12,29,29,1.0,20,0,0.0,29,291,2.2896551724183163,0.34482758620713566,12.100000000001799,3.5000000000000018,29,29,26,20,1,9,2.460921049118042
0.75,detection,13,29,29,1.0,20,0,0.0,29,289,2.465517241380346,0.35517241379360365,12.100000000001799,0.0,29,29,27,20,0,9,2.4157328605651855
0.75,detection,14,29,29,1.0,26,2,0.07692307692307693,29,290,1.5758620689666596,0.45172413793144295,12.100000000001799,0.0,29,29,28,26,0,3,2.4530413150787354
0.75,aware,0,29,29,1.0,16,2,0.125,29,292,2.258620689658882,0.2689655172416453,12.100000000001799,0.0,29,29,25,16,0,13,2.4615073204040527
0.75,aware,1,29,28,0.9655172413793104,19,2,0.10526315789473684,28,283,1.9535714285729446,0.40357142857177614,11.681944444446149,2.0000000000000004,29,29,25,19,1,10,2.4723145961761475
0.75,aware,2,29,29,1.0,19,2,0.10526315789473684,29,294,2.7724137931066424,0.2862068965520793,12.100000000001799,0.0,29,29,28,19,0,10,2.4882164001464844
0.75,aware,3,29,28,0.9655172413793104,22,0,0.0,28,282,2.3607142857150984,0.24642857142880611,11.683333333335037,0.0,29,29,27,22,0,7,2.4717929363250732
0.75,aware,4,29,28,0.9655172413793104,22,3,0.13636363636363635,28,279,2.0821428571446483,0.39285714285742096,11.681944444446149,3.2000000000000015,29,29,26,22,1,7,2.5153560638427734
0.75,aware,5,29,29,1.0,23,2,0.08695652173913043,29,292,2.9482758620720086,0.32413793103486616,12.100000000001799,0.0,29,29,29,23,0,6,2.525803565979004
0.75,aware,6,29,28,0.9655172413793104,17,3,0.17647058823529413,28,284,2.707142857146517,0.3928571428575844,11.683333333335037,0.0,29,29,23,17,0,12,2.5785696506500244
0.75,aware,7,29,29,1.0,20,1,0.05,29,294,3.434482758623955,0.4068965517243422,12.100000000001799,0.0,29,29,24,20,0,9,2.495880365371704
0.75,aware,8,29,29,1.0,19,1,0.05263157894736842,29,292,3.272413793103963,0.441379310345418,12.100000000001799,3.0000000000000013,29,29,25,19,1,10,2.4375510215759277
0.75,aware,9,29,29,1.0,22,2,0.09090909090909091,29,292,1.8758620689682322,0.3482758620693074,12.100000000001799,0.0,29,29,29,22,0,7,2.54836106300354
0.75,aware,10,29,29,1.0,20,1,0.05,29,289,2.534482758621983,0.38965517241406694,12.100000000001799,2.700000000000001,29,29,28,20,1,9,2.484307289123535
0.75,aware,11,29,28,0.9655172413793104,14,3,0.21428571428571427,28,279,2.635714285716113,0.2785714285716127,11.683333333335037,0.0,29,29,27,14,0,15,2.4927523136138916
0.75,aware,12,29,28,0.9655172413793104,23,2,0.08695652173913043,28,281,2.5178571428625767,0.6321428571439236,11.681944444446149,0.0,29,29,24,23,0,6,2.483903169631958
0.75,aware,13,29,29,1.0,23,3,0.13043478260869565,29,290,2.7931034482785355,0.33103448275915853,12.100000000001799,2.600000000000001,29,29,29,23,1,6,2.5604186058044434
0.75,aware,14,29,29,1.0,22,3,0.13636363636363635,29,288,1.2586206896563121,0.2482758620693552,12.100000000001799,0.0,29,29,29,22,0,7,2.481947898864746
1.0,control,0,29,0,0.0,8,2,0.25,0,0,0.0,0.0,0.0,5.4999999999999964,29,29,22,8,2,22,1.4933335781097412
1.0,control,1,29,0,0.0,9,0,0.0,0,0,0.0,0.0,0.0,7.19999999999999,29,29,20,9,2,20,1.5744421482086182
1.0,control,2,29,0,0.0,7,1,0.14285714285714285,0,0,0.0,0.0,0.0,0.0,29,29,17,7,0,22,1.5540454387664795
1.0,control,3,29,0,0.0,11,1,0.09090909090909091,0,0,0.0,0.0,0.0,0.0,29,29,24,11,0,18,1.5635621547698975
1.0,control,4,29,0,0.0,14,1,0.07142857142857142,0,0,0.0,0.0,0.0,11.699999999999974,29,29,23,14,4,17,1.539057731628418
1.0,control,5,29,0,0.0,14,0,0.0,0,0,0.0,0.0,0.0,2.0000000000000004,29,29,23,14,1,15,1.558269739151001
1.0,control,6,29,0,0.0,11,2,0.18181818181818182,0,0,0.0,0.0,0.0,0.4,29,29,20,11,1,18,1.5360522270202637
1.0,control,7,29,0,0.0,11,2,0.18181818181818182,0,0,0.0,0.0,0.0,2.0000000000000004,29,29,20,11,1,18,1.5246469974517822
1.0,control,8,29,0,0.0,11,2,0.18181818181818182,0,0,0.0,0.0,0.0,6.499999999999993,29,29,21,11,4,20,1.5434072017669678
1.0,control,9,29,0,0.0,14,3,0.21428571428571427,0,0,0.0,0.0,0.0,10.999999999999977,29,29,22,14,4,16,1.5423755645751953
1.0,control,10,29,0,0.0,12,0,0.0,0,0,0.0,0.0,0.0,7.599999999999989,29,29,19,12,3,17,1.5613527297973633
1.0,control,11,29,0,0.0,12,0,0.0,0,0,0.0,0.0,0.0,5.599999999999996,29,29,20,12,2,18,1.5423767566680908
1.0,control,12,29,0,0.0,11,0,0.0,0,0,0.0,0.0,0.0,11.499999999999975,29,29,21,11,4,19,1.5320467948913574
1.0,control,13,29,0,0.0,12,3,0.25,0,0,0.0,0.0,0.0,7.499999999999989,29,29,25,13,3,17,1.5422632694244385
1.0,control,14,29,0,0.0,11,2,0.18181818181818182,0,0,0.0,0.0,0.0,5.399999999999997,29,29,16,12,2,18,1.516580581665039
1.0,detection,0,29,28,0.9655172413793104,20,3,0.15,28,279,1.6321428571461627,0.25357142857174914,11.683333333335037,0.0,29,29,27,20,0,9,2.466268539428711
1.0,detection,1,29,29,1.0,20,2,0.1,29,291,2.717241379314691,0.2379310344827892,12.100000000001799,2.700000000000001,29,29,28,20,1,9,2.463325262069702
1.0,detection,2,29,29,1.0,20,3,0.15,29,290,2.148275862071915,0.16551724137942542,12.100000000001799,0.0,29,29,25,20,0,9,2.4588937759399414
1.0,detection,3,29,28,0.9655172413793104,20,0,0.0,28,279,2.0107142857174645,0.2892857142859516,11.683333333335037,0.0,29,29,25,20,0,9,2.455660820007324
1.0,detection,4,29,29,1.0,19,2,0.10526315789473684,29,292,2.6965517241371897,0.24827586206920327,12.100000000001799,0.0,29,29,26,19,0,10,2.474835157394409
1.0,detection,5,29,29,1.0,21,0,0.0,29,289,2.672413793106103,0.2758620689657035,12.100000000001799,0.0,29,29,26,21,0,8,2.470280170440674
1.0,detection,6,29,29,1.0,20,1,0.05,29,291,2.1965517241394537,0.36896551724176113,12.100000000001799,1.8000000000000005,29,29,28,20,1,9,2.4468796253204346
1.0,detection,7,29,29,1.0,20,0,0.0,29,293,1.9689655172435254,0.28620689655226456,12.100000000001799,0.0,29,29,28,20,0,9,2.4604265689849854
1.0,detection,8,29,27,0.9310344827586207,15,2,0.13333333333333333,27,276,3.2555555555578706,0.4259259259265996,11.266666666668275,2.700000000000001,29,29,23,15,1,14,2.4819726943969727
1.0,detection,9,29,29,1.0,19,0,0.0,29,290,1.7448275862090603,0.23103448275908778,12.100000000001799,1.3,29,29,26,19,1,10,2.4242913722991943
1.0,detection,10,29,28,0.9655172413793104,19,0,0.0,28,278,2.0785714285744916,0.2750000000004239,11.681944444446149,0.0,29,29,25,19,0,10,2.4542789459228516
1.0,detection,11,29,29,1.0,23,3,0.13043478260869565,29,289,3.351724137936827,0.30000000000036614,12.100000000001799,0.0,29,29,29,23,0,6,2.508601427078247
1.0,detection,12,29,28,0.9655172413793104,16,0,0.0,28,278,2.3642857142871736,0.42142857142921536,11.683333333335037,3.5000000000000018,29,29,25,16,1,13,2.4671101570129395
1.0,detection,13,29,29,1.0,21,0,0.0,29,289,2.103448275863591,0.2724137931038356,12.100000000001799,3.0000000000000013,29,29,28,21,1,8,2.477195978164673
1.0,detection,14,29,29,1.0,24,0,0.0,29,291,2.424137931036469,0.36551724137995406,12.100000000001799,0.0,29,29,28,24,0,5,2.5978033542633057
1.0,aware,0,29,29,1.0,20,0,0.0,29,295,3.089655172417807,0.2827586206898439,12.100000000001799,0.0,29,29,26,20,0,9,2.5168488025665283
1.0,aware,1,29,29,1.0,17,1,0.058823529411764705,29,287,3.624137931038996,0.3793103448280135,12.100000000001799,0.0,29,29,26,17,0,12,2.645918369293213
1.0,aware,2,29,29,1.0,19,2,0.10526315789473684,29,294,2.7724137931066424,0.2862068965520793,12.100000000001799,0.0,29,29,28,19,0,10,2.510650873184204
1.0,aware,3,29,29,1.0,22,3,0.13636363636363635,29,290,1.5586206896577575,0.1862068965518253,12.100000000001799,0.0,29,29,29,22,0,7,2.4947409629821777
1.0,aware,4,29,29,1.0,21,1,0.047619047619047616,29,290,2.8551724137949894,0.3655172413793562,12.100000000001799,0.0,29,29,29,21,0,8,2.469548463821411
1.0,aware,5,29,29,1.0,21,1,0.047619047619047616,29,290,2.4586206896573124,0.29655172413854336,12.100000000001799,0.0,29,29,28,21,0,8,2.586595058441162
1.0,aware,6,29,28,0.9655172413793104,15,2,0.13333333333333333,28,284,2.514285714288047,0.2500000000001411,11.683333333335037,0.0,29,29,22,15,0,14,2.5661957263946533
1.0,aware,7,29,29,1.0,17,1,0.058823529411764705,29,292,3.389655172417021,0.2793103448277026,12.100000000001799,0.0,29,29,26,17,0,12,2.5163164138793945
1.0,aware,8,29,28,0.9655172413793104,19,0,0.0,28,282,2.164285714289144,0.2892857142858897,11.681944444446149,0.0,29,29,25,19,0,10,2.525041341781616
1.0,aware,9,29,29,1.0,17,0,0.0,29,292,3.113793103453981,0.2655172413795785,12.100000000001799,0.0,29,29,27,17,0,12,2.5152249336242676
1.0,aware,10,29,29,1.0,18,1,0.05555555555555555,29,288,2.4275862069008123,0.286206896552092,12.100000000001799,0.0,29,29,27,18,0,11,2.575145721435547
1.0,aware,11,29,29,1.0,20,1,0.05,29,292,2.7482758620716425,0.35172413793145063,12.100000000001799,0.0,29,29,27,20,0,9,2.5552492141723633
1.0,aware,12,29,29,1.0,23,0,0.0,29,293,3.4517241379319614,0.3448275862073484,12.100000000001799,1.8000000000000005,29,29,27,23,1,6,2.5709517002105713
1.0,aware,13,29,29,1.0,23,3,0.13043478260869565,29,290,2.7931034482785355,0.33103448275915853,12.100000000001799,2.600000000000001,29,29,29,23,1,6,2.4871251583099365
1.0,aware,14,29,29,1.0,20,1,0.05,29,289,2.7620689655222512,0.3482758620693897,12.100000000001799,0.0,29,29,27,20,0,9,2.5099294185638428
1.5,control,0,29,0,0.0,8,2,0.25,0,0,0.0,0.0,0.0,5.4999999999999964,29,29,22,8,2,22,1.5917942523956299
1.5,control,1,29,0,0.0,9,0,0.0,0,0,0.0,0.0,0.0,7.19999999999999,29,29,20,9,2,20,1.57662034034729
1.5,control,2,29,0,0.0,7,1,0.14285714285714285,0,0,0.0,0.0,0.0,0.0,29,29,17,7,0,22,1.6080520153045654
1.5,control,3,29,0,0.0,11,1,0.09090909090909091,0,0,0.0,0.0,0.0,0.0,29,29,24,11,0,18,1.5882327556610107
1.5,control,4,29,0,0.0,14,1,0.07142857142857142,0,0,0.0,0.0,0.0,11.699999999999974,29,29,23,14,4,17,1.5660274028778076
1.5,control,5,29,0,0.0,14,0,0.0,0,0,0.0,0.0,0.0,2.0000000000000004,29,29,23,14,1,15,1.4926881790161133
1.5,control,6,29,0,0.0,11,2,0.18181818181818182,0,0,0.0,0.0,0.0,0.4,29,29,20,11,1,18,1.554008960723877
1.5,control,7,29,0,0.0,11,2,0.18181818181818182,0,0,0.0,0.0,0.0,2.0000000000000004,29,29,20,11,1,18,1.5244684219360352
1.5,control,8,29,0,0.0,11,2,0.18181818181818182,0,0,0.0,0.0,0.0,6.499999999999993,29,29,21,11,4,20,1.5646991729736328
1.5,control,9,29,0,0.0,14,3,0.21428571428571427,0,0,0.0,0.0,0.0,10.999999999999977,29,29,22,14,4,16,1.6196262836456299
1.5,control,10,29,0,0.0,12,0,0.0,0,0,0.0,0.0,0.0,7.599999999999989,29,29,19,12,3,17,1.6827239990234375
1.5,control,11,29,0,0.0,12,0,0.0,0,0,0.0,0.0,0.0,5.599999999999996,29,29,20,12,2,18,1.5760173797607422
1.5,control,12,29,0,0.0,11,0,0.0,0,0,0.0,0.0,0.0,11.499999999999975,29,29,21,11,4,19,1.5446083545684814
1.5,control,13,29,0,0.0,12,3,0.25,0,0,0.0,0.0,0.0,7.499999999999989,29,29,25,13,3,17,1.5617196559906006
1.5,control,14,29,0,0.0,11,2,0.18181818181818182,0,0,0.0,0.0,0.0,5.399999999999997,29,29,16,12,2,18,1.5206637382507324
1.5,detection,0,29,29,1.0,25,3,0.12,29,291,2.2517241379341524,0.16206896551731254,12.100000000001799,0.0,29,29,29,25,0,4,2.4563190937042236
1.5,detection,1,29,29,1.0,20,2,0.1,29,293,1.4000000000000516,0.15862068965538098,12.100000000001799,0.0,29,29,27,20,0,9,2.4755148887634277
1.5,detection,2,29,29,1.0,22,4,0.18181818181818182,29,290,1.7862068965533564,0.22068965517272957,12.100000000001799,0.0,29,29,26,22,0,7,2.443193197250366
1.5,detection,3,29,29,1.0,20,0,0.0,29,290,2.85517241379658,0.15862068965551523,12.100000000001799,0.0,29,29,28,20,0,9,2.482433795928955
1.5,detection,4,29,29,1.0,16,1,0.0625,29,290,2.248275862069863,0.3172413793105747,12.100000000001799,0.0,29,29,25,16,0,13,2.4523096084594727
1.5,detection,5,29,29,1.0,22,1,0.045454545454545456,29,292,2.1586206896567894,0.1689655172416353,12.100000000001799,0.0,29,29,27,22,0,7,2.500908374786377
1.5,detection,6,29,28,0.9655172413793104,16,0,0.0,28,281,3.2750000000041655,0.3428571428575436,11.683333333335037,0.0,29,29,25,16,0,13,2.4736289978027344
1.5,detection,7,29,29,1.0,22,0,0.0,29,290,2.324137931036353,0.14137931034488815,12.100000000001799,0.0,29,29,29,22,0,7,2.454777956008911
1.5,detection,8,29,28,0.9655172413793104,18,1,0.05555555555555555,28,279,3.139285714291747,0.2500000000002274,11.681944444446149,0.0,29,29,24,18,0,11,2.443403959274292
1.5,detection,9,29,29,1.0,17,1,0.058823529411764705,29,286,2.320689655175575,0.15862068965545448,12.100000000001799,1.3,29,29,27,17,1,12,2.437260627746582
1.5,detection,10,29,28,0.9655172413793104,21,0,0.0,28,280,1.2214285714293445,0.22142857142881667,11.681944444446149,2.3000000000000007,29,29,26,21,1,8,2.426215887069702
1.5,detection,11,29,29,1.0,18,2,0.1111111111111111,29,290,1.2000000000001758,0.18620689655197425,12.100000000001799,5.599999999999996,29,29,28,18,2,11,2.444607973098755
1.5,detection,12,29,29,1.0,18,2,0.1111111111111111,29,296,1.5034482758632948,0.24827586206922386,12.100000000001799,0.0,29,29,25,18,0,11,2.463585138320923
1.5,detection,13,29,29,1.0,20,2,0.1,29,290,2.817241379310763,0.30000000000008,12.100000000001799,0.0,29,29,28,20,0,9,2.5085580348968506
1.5,detection,14,29,29,1.0,21,1,0.047619047619047616,29,290,2.3827586206945486,0.2379310344831577,12.100000000001799,0.0,29,29,28,21,0,8,2.446307420730591
1.5,aware,0,29,29,1.0,22,0,0.0,29,293,2.313793103452929,0.3379310344829168,12.100000000001799,0.0,29,29,29,22,0,7,2.446613073348999
1.5,aware,1,29,28,0.9655172413793104,19,1,0.05263157894736842,28,282,2.421428571432849,0.16428571428591,11.683333333335037,0.0,29,29,27,19,0,10,2.4713172912597656
1.5,aware,2,29,29,1.0,20,0,0.0,29,293,2.075862068966993,0.18965517241409496,12.100000000001799,0.0,29,29,27,20,0,9,2.576181650161743
1.5,aware,3,29,29,1.0,21,2,0.09523809523809523,29,290,2.5310344827634106,0.19655172413833638,12.100000000001799,0.0,29,29,27,21,0,8,2.53582763671875
1.5,aware,4,29,28,0.9655172413793104,18,1,0.05555555555555555,28,277,2.932142857146831,0.2071428571430443,11.683333333335037,0.0,29,29,24,18,0,11,2.4582645893096924
1.5,aware,5,29,29,1.0,22,1,0.045454545454545456,29,291,2.62068965517541,0.18620689655199776,12.100000000001799,0.0,29,29,28,22,0,7,2.459153890609741
1.5,aware,6,29,28,0.9655172413793104,15,2,0.13333333333333333,28,283,3.0000000000041323,0.2500000000001736,11.683333333335037,0.0,29,29,23,15,0,14,2.4716062545776367
1.5,aware,7,29,29,1.0,23,1,0.043478260869565216,29,293,3.455172413798326,0.26896551724174034,12.100000000001799,2.0000000000000004,29,29,28,23,1,6,2.4787068367004395
1.5,aware,8,29,29,1.0,18,2,0.1111111111111111,29,293,2.35172413793036,0.17586206896565523,12.100000000001799,4.000000000000002,29,29,25,18,1,11,2.4390249252319336
1.5,aware,9,29,29,1.0,17,1,0.058823529411764705,29,290,1.8827586206923403,0.28620689655202053,12.100000000001799,0.0,29,29,27,17,0,12,2.456280469894409
1.5,aware,10,29,29,1.0,22,1,0.045454545454545456,29,293,2.5655172413822656,0.17931034482781222,12.100000000001799,0.0,29,29,26,22,0,7,2.497833251953125
1.5,aware,11,29,29,1.0,20,1,0.05,29,294,2.7241379310388556,0.2034482758623024,12.100000000001799,0.0,29,29,27,20,0,9,2.4790890216827393
1.5,aware,12,29,29,1.0,19,1,0.05263157894736842,29,293,2.703448275865956,0.3068965517245439,12.100000000001799,0.0,29,29,27,19,0,10,2.4675536155700684
1.5,aware,13,29,29,1.0,23,2,0.08695652173913043,29,292,2.7482758620718837,0.25862068965550955,12.100000000001799,3.3000000000000016,29,29,28,23,1,6,2.442176580429077
1.5,aware,14,29,29,1.0,20,0,0.0,29,291,2.224137931037128,0.24827586206907293,12.100000000001799,0.0,29,29,28,20,0,9,2.471827745437622
2.0,control,0,29,0,0.0,8,2,0.25,0,0,0.0,0.0,0.0,5.4999999999999964,29,29,22,8,2,22,1.5310592651367188
2.0,control,1,29,0,0.0,9,0,0.0,0,0,0.0,0.0,0.0,7.19999999999999,29,29,20,9,2,20,1.552980899810791
2.0,control,2,29,0,0.0,7,1,0.14285714285714285,0,0,0.0,0.0,0.0,0.0,29,29,17,7,0,22,1.5553126335144043
2.0,control,3,29,0,0.0,11,1,0.09090909090909091,0,0,0.0,0.0,0.0,0.0,29,29,24,11,0,18,1.5327720642089844
2.0,control,4,29,0,0.0,14,1,0.07142857142857142,0,0,0.0,0.0,0.0,11.699999999999974,29,29,23,14,4,17,1.541433572769165
2.0,control,5,29,0,0.0,14,0,0.0,0,0,0.0,0.0,0.0,2.0000000000000004,29,29,23,14,1,15,1.519446849822998
2.0,control,6,29,0,0.0,11,2,0.18181818181818182,0,0,0.0,0.0,0.0,0.4,29,29,20,11,1,18,1.5681369304656982
2.0,control,7,29,0,0.0,11,2,0.18181818181818182,0,0,0.0,0.0,0.0,2.0000000000000004,29,29,20,11,1,18,1.573559284210205
2.0,control,8,29,0,0.0,11,2,0.18181818181818182,0,0,0.0,0.0,0.0,6.499999999999993,29,29,21,11,4,20,1.5898513793945312
2.0,control,9,29,0,0.0,14,3,0.21428571428571427,0,0,0.0,0.0,0.0,10.999999999999977,29,29,22,14,4,16,1.540658712387085
2.0,control,10,29,0,0.0,12,0,0.0,0,0,0.0,0.0,0.0,7.599999999999989,29,29,19,12,3,17,1.503633737564087
2.0,control,11,29,0,0.0,12,0,0.0,0,0,0.0,0.0,0.0,5.599999999999996,29,29,20,12,2,18,1.5721049308776855
2.0,control,12,29,0,0.0,11,0,0.0,0,0,0.0,0.0,0.0,11.499999999999975,29,29,21,11,4,19,1.5758047103881836
2.0,control,13,29,0,0.0,12,3,0.25,0,0,0.0,0.0,0.0,7.499999999999989,29,29,25,13,3,17,1.5352551937103271
2.0,control,14,29,0,0.0,11,2,0.18181818181818182,0,0,0.0,0.0,0.0,5.399999999999997,29,29,16,12,2,18,1.4955642223358154
2.0,detection,0,29,29,1.0,22,2,0.09090909090909091,29,292,2.4172413793133005,0.1965517241383354,12.100000000001799,0.0,29,29,27,22,0,7,2.434640645980835
2.0,detection,1,29,29,1.0,21,2,0.09523809523809523,29,292,1.9827586206923875,0.144827586207051,12.100000000001799,0.0,29,29,28,21,0,8,2.495356321334839
2.0,detection,2,29,29,1.0,22,2,0.09090909090909091,29,289,2.2448275862103775,0.1551724137932044,12.100000000001799,2.500000000000001,29,29,28,22,1,7,2.539423704147339
2.0,detection,3,29,29,1.0,16,2,0.125,29,288,3.217241379312959,0.16551724137944304,12.100000000001799,0.0,29,29,28,16,0,13,2.498960494995117
2.0,detection,4,29,29,1.0,17,1,0.058823529411764705,29,295,2.158620689657159,0.15862068965526827,12.100000000001799,2.400000000000001,29,29,28,17,1,12,2.469987392425537
2.0,detection,5,29,29,1.0,20,0,0.0,29,291,2.5655172413824077,0.15517241379330926,12.100000000001799,0.0,29,29,27,20,0,9,2.4484167098999023
2.0,detection,6,29,29,1.0,18,1,0.05555555555555555,29,291,3.072413793107144,0.31034482758651855,12.100000000001799,0.0,29,29,27,18,0,11,2.55692458152771
2.0,detection,7,29,29,1.0,22,3,0.13636363636363635,29,292,2.103448275865222,0.13793103448280664,12.100000000001799,3.2000000000000015,29,29,27,22,1,7,2.448847770690918
2.0,detection,8,29,29,1.0,14,1,0.07142857142857142,29,291,2.182758620692786,0.13448275862073983,12.100000000001799,0.0,29,29,25,14,0,15,2.4539241790771484
2.0,detection,9,29,28,0.9655172413793104,20,1,0.05,28,279,0.6500000000014298,0.16428571428602673,11.681944444446149,1.3,29,29,25,20,1,9,2.4644479751586914
2.0,detection,10,29,28,0.9655172413793104,17,0,0.0,28,279,2.8464285714327877,0.16785714285732314,11.681944444446149,0.0,29,29,24,17,0,12,2.495777130126953
2.0,detection,11,29,29,1.0,19,2,0.10526315789473684,29,289,2.527586206901557,0.18965517241405577,12.100000000001799,3.1000000000000014,29,29,27,19,1,10,2.4816081523895264
2.0,detection,12,29,29,1.0,23,1,0.043478260869565216,29,296,1.7206896551714193,0.12758620689663758,12.100000000001799,0.0,29,29,25,23,0,6,2.440608024597168
2.0,detection,13,29,28,0.9655172413793104,17,1,0.058823529411764705,28,281,2.678571428573492,0.2857142857145699,11.681944444446149,0.0,29,29,25,17,0,12,2.4746460914611816
2.0,detection,14,29,29,1.0,24,2,0.08333333333333333,29,290,2.6000000000002736,0.13448275862083,12.100000000001799,3.3000000000000016,29,29,27,24,1,5,2.4659883975982666
2.0,aware,0,29,29,1.0,20,2,0.1,29,291,2.200000000003967,0.14137931034484896,12.100000000001799,0.0,29,29,24,20,0,9,2.4548280239105225
2.0,aware,1,29,28,0.9655172413793104,19,1,0.05263157894736842,28,282,2.421428571432849,0.16428571428591,11.683333333335037,0.0,29,29,27,19,0,10,2.554154396057129
2.0,aware,2,29,29,1.0,20,1,0.05,29,292,3.0172413793160566,0.20000000000021012,12.100000000001799,0.0,29,29,26,20,0,9,2.490222692489624
2.0,aware,3,29,28,0.9655172413793104,20,1,0.05,28,281,2.160714285717652,0.11785714285733206,11.683333333335037,0.0,29,29,27,20,0,9,2.566603183746338
2.0,aware,4,29,29,1.0,20,0,0.0,29,290,3.7620689655230537,0.1689655172415569,12.100000000001799,0.0,29,29,26,20,0,9,2.5887773036956787
2.0,aware,5,29,29,1.0,23,2,0.08695652173913043,29,289,2.182758620691058,0.14827586206910115,12.100000000001799,0.0,29,29,29,23,0,6,2.5030672550201416
2.0,aware,6,29,28,0.9655172413793104,19,2,0.10526315789473684,28,283,2.267857142862493,0.15714285714298118,11.683333333335037,0.0,29,29,20,19,0,10,2.490933418273926
2.0,aware,7,29,29,1.0,20,1,0.05,29,294,2.506896551725644,0.14482758620700983,12.100000000001799,0.0,29,29,28,20,0,9,2.4804675579071045
2.0,aware,8,29,28,0.9655172413793104,19,3,0.15789473684210525,28,281,2.464285714286208,0.28214285714316895,11.681944444446149,0.0,29,29,25,19,0,10,2.50146222114563
2.0,aware,9,29,29,1.0,22,2,0.09090909090909091,29,293,1.5689655172432835,0.28275862069014285,12.100000000001799,0.0,29,29,28,22,0,7,2.5091283321380615
2.0,aware,10,29,29,1.0,19,1,0.05263157894736842,29,288,2.679310344830971,0.19310344827615394,12.100000000001799,0.0,29,29,23,19,0,10,2.4577035903930664
2.0,aware,11,29,29,1.0,16,2,0.125,29,293,2.5379310344872383,0.14827586206915505,12.100000000001799,0.0,29,29,26,16,0,13,2.4706928730010986
2.0,aware,12,29,29,1.0,17,1,0.058823529411764705,29,293,2.2034482758647016,0.28275862068978513,12.100000000001799,2.700000000000001,29,29,22,17,1,12,2.4726004600524902
2.0,aware,13,29,29,1.0,21,1,0.047619047619047616,29,291,2.817241379314788,0.10344827586217874,12.100000000001799,0.0,29,29,26,21,0,8,2.5471811294555664
2.0,aware,14,29,29,1.0,19,1,0.05263157894736842,29,291,2.8379310344896127,0.1965517241382423,12.100000000001799,0.0,29,29,26,19,0,10,2.4913828372955322
3.0,control,0,29,0,0.0,8,2,0.25,0,0,0.0,0.0,0.0,5.4999999999999964,29,29,22,8,2,22,1.5416204929351807
3.0,control,1,29,0,0.0,9,0,0.0,0,0,0.0,0.0,0.0,7.19999999999999,29,29,20,9,2,20,1.626422643661499
3.0,control,2,29,0,0.0,7,1,0.14285714285714285,0,0,0.0,0.0,0.0,0.0,29,29,17,7,0,22,1.618945598602295
3.0,control,3,29,0,0.0,11,1,0.09090909090909091,0,0,0.0,0.0,0.0,0.0,29,29,24,11,0,18,1.6009361743927002
3.0,control,4,29,0,0.0,14,1,0.07142857142857142,0,0,0.0,0.0,0.0,11.699999999999974,29,29,23,14,4,17,1.5415709018707275
3.0,control,5,29,0,0.0,14,0,0.0,0,0,0.0,0.0,0.0,2.0000000000000004,29,29,23,14,1,15,1.6049318313598633
3.0,control,6,29,0,0.0,11,2,0.18181818181818182,0,0,0.0,0.0,0.0,0.4,29,29,20,11,1,18,1.5658979415893555
3.0,control,7,29,0,0.0,11,2,0.18181818181818182,0,0,0.0,0.0,0.0,2.0000000000000004,29,29,20,11,1,18,1.5859081745147705
3.0,control,8,29,0,0.0,11,2,0.18181818181818182,0,0,0.0,0.0,0.0,6.499999999999993,29,29,21,11,4,20,1.6014339923858643
3.0,control,9,29,0,0.0,14,3,0.21428571428571427,0,0,0.0,0.0,0.0,10.999999999999977,29,29,22,14,4,16,1.5308659076690674
3.0,control,10,29,0,0.0,12,0,0.0,0,0,0.0,0.0,0.0,7.599999999999989,29,29,19,12,3,17,1.538754940032959
3.0,control,11,29,0,0.0,12,0,0.0,0,0,0.0,0.0,0.0,5.599999999999996,29,29,20,12,2,18,1.5646607875823975
3.0,control,12,29,0,0.0,11,0,0.0,0,0,0.0,0.0,0.0,11.499999999999975,29,29,21,11,4,19,1.5290367603302002
3.0,control,13,29,0,0.0,12,3,0.25,0,0,0.0,0.0,0.0,7.499999999999989,29,29,25,13,3,17,1.553067684173584
3.0,control,14,29,0,0.0,11,2,0.18181818181818182,0,0,0.0,0.0,0.0,5.399999999999997,29,29,16,12,2,18,1.5183196067810059
3.0,detection,0,29,29,1.0,20,3,0.15,29,294,3.2655172413830313,0.14482758620709707,12.100000000001799,0.0,29,29,27,20,0,9,2.496774196624756
3.0,detection,1,29,29,1.0,20,4,0.2,29,292,2.3862068965560184,0.22413793103501983,12.100000000001799,0.0,29,29,25,20,0,9,2.4715824127197266
3.0,detection,2,29,29,1.0,18,2,0.1111111111111111,29,291,2.337931034485716,0.21724137931076568,12.100000000001799,0.0,29,29,26,18,0,11,2.4226768016815186
3.0,detection,3,29,29,1.0,18,1,0.05555555555555555,29,289,2.9344827586255366,0.13448275862088194,12.100000000001799,0.0,29,29,28,18,0,11,2.470508575439453
3.0,detection,4,29,28,0.9655172413793104,21,0,0.0,28,280,2.4178571428593107,0.17500000000010577,11.683333333335037,0.0,29,29,25,21,0,8,2.4576783180236816
3.0,detection,5,29,29,1.0,18,0,0.0,29,291,1.3275862068958666,0.11724137931042833,12.100000000001799,0.0,29,29,26,18,0,11,2.5358214378356934
3.0,detection,6,29,29,1.0,18,1,0.05555555555555555,29,294,3.4827586206948435,0.24827586206905136,12.100000000001799,0.0,29,29,27,18,0,11,2.456726312637329
3.0,detection,7,29,28,0.9655172413793104,22,2,0.09090909090909091,28,280,2.060714285717236,0.1714285714286439,11.683333333335037,3.4000000000000017,29,29,26,22,1,7,2.49076771736145
3.0,detection,8,29,29,1.0,14,0,0.0,29,291,2.110344827589231,0.1689655172415706,12.100000000001799,0.0,29,29,22,14,0,15,2.421137809753418
3.0,detection,9,29,28,0.9655172413793104,21,1,0.047619047619047616,28,282,0.9178571428595471,0.11071428571440325,11.681944444446149,1.3,29,29,26,21,1,8,2.4706509113311768
3.0,detection,10,29,29,1.0,19,1,0.05263157894736842,29,290,2.058620689656891,0.12413793103459723,12.100000000001799,0.0,29,29,27,19,0,10,2.569786548614502
3.0,detection,11,29,29,1.0,21,3,0.14285714285714285,29,296,2.7172413793161225,0.1758620689656866,12.100000000001799,0.0,29,29,25,21,0,8,2.5696918964385986
3.0,detection,12,29,29,1.0,21,2,0.09523809523809523,29,291,2.227586206900412,0.19655172413814234,12.100000000001799,0.0,29,29,27,21,0,8,2.4947636127471924
3.0,detection,13,29,29,1.0,22,0,0.0,29,290,2.341379310346604,0.16896551724156278,12.100000000001799,0.0,29,29,29,22,0,7,2.490495443344116
3.0,detection,14,29,29,1.0,19,0,0.0,29,290,1.4344827586235385,0.12758620689665326,12.100000000001799,0.0,29,29,26,19,0,10,2.4708099365234375
3.0,aware,0,29,29,1.0,22,2,0.09090909090909091,29,292,1.83793103448463,0.09310344827598026,12.100000000001799,0.0,29,29,28,22,0,7,2.4457030296325684
3.0,aware,1,29,29,1.0,18,0,0.0,29,292,1.68275862069239,0.19310344827611375,12.100000000001799,0.0,29,29,28,18,0,11,2.4929330348968506
3.0,aware,2,29,29,1.0,19,0,0.0,29,292,2.724137931038019,0.18965517241398128,12.100000000001799,0.0,29,29,25,19,0,10,2.455981969833374
3.0,aware,3,29,29,1.0,21,3,0.14285714285714285,29,290,1.7413793103468544,0.06896551724143027,12.100000000001799,0.0,29,29,27,21,0,8,2.493426561355591
3.0,aware,4,29,28,0.9655172413793104,19,0,0.0,28,280,3.4250000000024943,0.18928571428594207,11.683333333335037,1.7000000000000004,29,29,27,19,1,10,2.4904708862304688
3.0,aware,5,29,29,1.0,22,1,0.045454545454545456,29,293,1.9931034482776568,0.15172413793126108,12.100000000001799,0.0,29,29,28,22,0,7,2.4883360862731934
3.0,aware,6,29,28,0.9655172413793104,17,0,0.0,28,284,3.642857142863529,0.18928571428577254,11.683333333335037,0.0,29,29,24,17,0,12,2.494905948638916
3.0,aware,7,29,29,1.0,18,0,0.0,29,294,2.4620689655177688,0.1655172413794362,12.100000000001799,0.0,29,29,27,18,0,11,2.4628796577453613
3.0,aware,8,29,27,0.9310344827586207,15,1,0.06666666666666667,27,269,1.4555555555569666,0.17777777777791925,11.263888888890497,0.0,29,29,24,15,0,14,2.5082828998565674
3.0,aware,9,29,27,0.9310344827586207,20,1,0.05,27,271,2.0555555555563725,0.13333333333338995,11.265277777779387,0.0,29,29,27,20,0,9,2.5020432472229004
3.0,aware,10,29,28,0.9655172413793104,23,1,0.043478260869565216,28,284,3.928571428574209,0.1607142857144684,11.683333333335037,1.7000000000000004,29,29,26,23,1,6,2.4527690410614014
3.0,aware,11,29,29,1.0,18,0,0.0,29,292,1.7965517241408582,0.14137931034489795,12.100000000001799,0.0,29,29,28,18,0,11,2.4600541591644287
3.0,aware,12,29,29,1.0,17,1,0.058823529411764705,29,292,2.1379310344831888,0.14137931034503518,12.100000000001799,0.0,29,29,27,17,0,12,2.494981050491333
3.0,aware,13,29,29,1.0,21,1,0.047619047619047616,29,290,3.8206896551805074,0.12068965517258629,12.100000000001799,0.0,29,29,26,21,0,8,2.4774434566497803
3.0,aware,14,29,29,1.0,23,1,0.043478260869565216,29,289,2.313793103452137,0.16551724137958318,12.100000000001799,0.0,29,29,27,23,0,6,2.474398374557495
