radar_spacing,mode,trial,animals,detected,det_rate,road_entries,collisions,col_rate,warnings,vehicles_alerted,mean_latency_s,in_range_latency_s,awareness_pct,veh_present_known_pct,veh_coverage_pct,veh_gated_out_pct,frozen_on_road_s,n_foraging,n_approaching,n_hesitating,n_crossing,n_frozen,n_fleeing,wall_seconds
5,detection,0,29,9,0.3103448275862069,9,1,0.1111111111111111,9,93,8.544444444453774,0.1888888888889192,3.7569444444443474,100.0,100.0,0.0,0.0,29,9,9,9,0,20,6.04634952545166
5,detection,1,29,4,0.13793103448275862,4,0,0.0,4,41,9.175000000003479,0.37500000000056843,1.6708333333332976,100.0,100.0,0.0,0.0,29,4,4,4,0,25,5.988937854766846
5,detection,2,29,5,0.1724137931034483,4,0,0.0,5,51,4.660000000005698,0.10000000000029559,2.0847222222221635,100.0,100.0,0.0,0.0,29,5,4,4,0,25,6.134625196456909
5,detection,3,29,4,0.13793103448275862,4,0,0.0,4,41,8.125000000012278,0.15000000000020464,1.669444444444409,100.0,100.0,0.0,0.0,29,6,4,4,0,25,6.27075982093811
5,detection,4,29,5,0.1724137931034483,5,1,0.2,5,49,8.16000000001145,0.14000000000041837,2.086111111111052,100.0,100.0,0.0,0.0,29,7,5,5,0,24,6.0973334312438965
5,detection,5,29,8,0.27586206896551724,8,0,0.0,8,80,7.96250000001362,0.3375000000003183,3.33749999999987,100.0,100.0,0.0,0.0,29,8,8,8,0,21,6.127339124679565
5,detection,6,29,3,0.10344827586206896,3,0,0.0,3,29,8.633333333331583,0.833333333333068,1.2513888888888773,100.0,100.0,0.0,0.0,29,3,3,3,0,26,6.11962103843689
5,detection,7,29,5,0.1724137931034483,5,0,0.0,5,51,6.520000000016194,0.42000000000094245,2.0847222222221635,100.0,100.0,0.0,0.0,29,5,5,5,0,24,6.135895490646362
5,detection,8,29,4,0.13793103448275862,4,1,0.25,4,41,6.475000000012699,0.350000000001188,1.66805555555552,100.0,100.0,0.0,0.0,29,4,4,4,0,25,5.8363752365112305
5,detection,9,29,10,0.3448275862068966,10,1,0.1,10,104,6.819999999999266,0.1200000000000017,4.174999999999998,100.0,100.0,0.0,0.0,29,10,10,10,0,19,6.2017738819122314
5,detection,10,29,7,0.2413793103448276,7,0,0.0,7,71,6.97142857143217,0.3428571428574157,2.9236111111110046,100.0,100.0,0.0,0.0,29,7,7,7,0,22,6.0524890422821045
5,detection,11,29,7,0.2413793103448276,7,0,0.0,7,70,7.428571428583658,0.471428571429446,2.919444444444338,100.0,100.0,0.0,0.0,29,7,7,7,0,22,6.009213924407959
5,detection,12,29,4,0.13793103448275862,4,0,0.0,4,39,8.400000000004212,0.19999999999986073,1.669444444444409,100.0,100.0,0.0,0.0,29,4,4,4,0,25,6.021773815155029
5,detection,13,29,5,0.1724137931034483,5,0,0.0,5,50,7.720000000005507,0.1800000000001205,2.086111111111052,100.0,100.0,0.0,0.0,29,5,5,5,0,24,6.271746635437012
5,detection,14,29,4,0.13793103448275862,4,1,0.25,4,40,6.000000000005343,0.15000000000009095,1.669444444444409,100.0,100.0,0.0,0.0,29,4,4,4,0,25,6.0445005893707275
5,aware,0,29,9,0.3103448275862069,9,1,0.1111111111111111,9,93,8.544444444453774,0.1888888888889192,3.7569444444443474,100.0,100.0,0.0,0.0,29,9,9,9,0,20,5.995913982391357
5,aware,1,29,4,0.13793103448275862,4,0,0.0,4,41,9.175000000003479,0.37500000000056843,1.6708333333332976,100.0,100.0,0.0,0.0,29,4,4,4,0,25,6.126030445098877
5,aware,2,29,5,0.1724137931034483,4,0,0.0,5,51,4.660000000005698,0.10000000000029559,2.0847222222221635,100.0,100.0,0.0,0.0,29,5,4,4,0,25,6.061292409896851
5,aware,3,29,4,0.13793103448275862,4,0,0.0,4,41,8.125000000012278,0.15000000000020464,1.669444444444409,100.0,100.0,0.0,0.0,29,6,4,4,0,25,6.2664384841918945
5,aware,4,29,5,0.1724137931034483,5,1,0.2,5,49,8.16000000001145,0.14000000000041837,2.086111111111052,100.0,100.0,0.0,0.0,29,7,5,5,0,24,6.201503276824951
5,aware,5,29,8,0.27586206896551724,8,0,0.0,8,80,7.96250000001362,0.3375000000003183,3.33749999999987,100.0,100.0,0.0,0.0,29,8,8,8,0,21,5.993002653121948
5,aware,6,29,3,0.10344827586206896,3,0,0.0,3,29,8.633333333331583,0.833333333333068,1.2513888888888773,100.0,100.0,0.0,0.0,29,3,3,3,0,26,6.100278854370117
5,aware,7,29,5,0.1724137931034483,5,0,0.0,5,51,6.520000000016194,0.42000000000094245,2.0847222222221635,100.0,100.0,0.0,0.0,29,5,5,5,0,24,6.160092115402222
5,aware,8,29,4,0.13793103448275862,4,1,0.25,4,41,6.475000000012699,0.350000000001188,1.66805555555552,100.0,100.0,0.0,0.0,29,4,4,4,0,25,6.186588287353516
5,aware,9,29,10,0.3448275862068966,10,1,0.1,10,104,6.819999999999266,0.1200000000000017,4.174999999999998,100.0,100.0,0.0,0.0,29,10,10,10,0,19,5.624945402145386
5,aware,10,29,7,0.2413793103448276,7,0,0.0,7,71,6.97142857143217,0.3428571428574157,2.9236111111110046,100.0,100.0,0.0,0.0,29,7,7,7,0,22,5.534506559371948
5,aware,11,29,7,0.2413793103448276,7,0,0.0,7,70,7.428571428583658,0.471428571429446,2.919444444444338,100.0,100.0,0.0,0.0,29,7,7,7,0,22,5.535175323486328
5,aware,12,29,4,0.13793103448275862,4,0,0.0,4,39,8.400000000004212,0.19999999999986073,1.669444444444409,100.0,100.0,0.0,0.0,29,4,4,4,0,25,5.384074687957764
5,aware,13,29,5,0.1724137931034483,5,0,0.0,5,50,7.720000000005507,0.1800000000001205,2.086111111111052,100.0,100.0,0.0,0.0,29,5,5,5,0,24,5.326145887374878
5,aware,14,29,4,0.13793103448275862,4,1,0.25,4,40,6.000000000005343,0.15000000000009095,1.669444444444409,100.0,100.0,0.0,0.0,29,4,4,4,0,25,5.494228839874268
5,control,0,29,0,0.0,5,2,0.4,0,0,0.0,0.0,0.0,100.0,100.0,0.0,1.5000000000000002,29,9,5,5,1,25,2.1335909366607666
5,control,1,29,0,0.0,3,0,0.0,0,0,0.0,0.0,0.0,100.0,100.0,0.0,0.0,29,3,3,3,0,26,2.13783860206604
5,control,2,29,0,0.0,4,0,0.0,0,0,0.0,0.0,0.0,100.0,100.0,0.0,3.4000000000000017,29,4,4,5,1,25,2.073286294937134
5,control,3,29,0,0.0,4,0,0.0,0,0,0.0,0.0,0.0,100.0,100.0,0.0,0.0,29,4,4,4,0,25,2.118147611618042
5,control,4,29,0,0.0,5,1,0.2,0,0,0.0,0.0,0.0,100.0,100.0,0.0,0.0,29,5,5,5,0,24,2.1099929809570312
5,control,5,29,0,0.0,3,0,0.0,0,0,0.0,0.0,0.0,100.0,100.0,0.0,0.0,29,3,3,3,0,26,2.092052459716797
5,control,6,29,0,0.0,7,2,0.2857142857142857,0,0,0.0,0.0,0.0,100.0,100.0,0.0,0.0,29,7,7,7,0,22,2.105621337890625
5,control,7,29,0,0.0,9,0,0.0,0,0,0.0,0.0,0.0,100.0,100.0,0.0,7.499999999999989,29,10,9,10,3,22,2.134612798690796
5,control,8,29,0,0.0,4,1,0.25,0,0,0.0,0.0,0.0,100.0,100.0,0.0,0.0,29,5,4,4,0,25,1.970871925354004
5,control,9,29,0,0.0,6,1,0.16666666666666666,0,0,0.0,0.0,0.0,100.0,100.0,0.0,0.6,29,7,6,6,1,23,2.044917345046997
5,control,10,29,0,0.0,4,1,0.25,0,0,0.0,0.0,0.0,100.0,100.0,0.0,0.0,29,4,4,4,0,25,2.129591941833496
5,control,11,29,0,0.0,5,1,0.2,0,0,0.0,0.0,0.0,100.0,100.0,0.0,0.0,29,5,5,5,0,24,2.1330959796905518
5,control,12,29,0,0.0,4,0,0.0,0,0,0.0,0.0,0.0,100.0,100.0,0.0,0.0,29,5,4,4,0,25,1.9965827465057373
5,control,13,29,0,0.0,10,0,0.0,0,0,0.0,0.0,0.0,100.0,100.0,0.0,0.0,29,11,10,10,0,19,2.0002849102020264
5,control,14,29,0,0.0,3,0,0.0,0,0,0.0,0.0,0.0,100.0,100.0,0.0,0.0,29,3,3,3,0,26,2.0079238414764404
10,detection,0,29,6,0.20689655172413793,6,0,0.0,6,60,9.650000000018347,0.23333333333389325,2.5027777777776947,100.0,100.0,0.0,0.0,29,6,6,6,0,23,4.409149885177612
10,detection,1,29,5,0.1724137931034483,5,0,0.0,5,50,9.320000000000345,0.19999999999990906,2.087499999999941,100.0,100.0,0.0,0.0,29,6,5,5,0,24,4.412375211715698
10,detection,2,29,6,0.20689655172413793,5,0,0.0,6,60,5.58333333334042,0.600000000000667,2.5027777777776947,100.0,100.0,0.0,0.0,29,6,5,5,0,24,4.454690933227539
10,detection,3,29,4,0.13793103448275862,4,0,0.0,4,40,7.300000000009618,0.30000000000075033,1.669444444444409,100.0,100.0,0.0,0.0,29,5,4,4,0,25,4.390509843826294
10,detection,4,29,8,0.27586206896551724,8,0,0.0,8,80,8.11250000000436,0.48750000000035243,3.3402777777776476,100.0,100.0,0.0,0.0,29,8,8,8,0,21,4.4021828174591064
10,detection,5,29,6,0.20689655172413793,6,2,0.3333333333333333,6,60,9.166666666667274,0.18333333333346977,2.5069444444443616,100.0,100.0,0.0,0.0,29,6,6,6,0,23,4.4269936084747314
10,detection,6,29,8,0.27586206896551724,8,1,0.125,8,81,10.12500000001451,0.18750000000036948,3.33749999999987,100.0,100.0,0.0,0.0,29,8,8,8,0,21,4.547351121902466
10,detection,7,29,6,0.20689655172413793,6,1,0.16666666666666666,6,60,8.433333333350001,0.6500000000014694,2.499999999999918,100.0,100.0,0.0,0.0,29,6,6,6,0,23,4.5098631381988525
10,detection,8,29,2,0.06896551724137931,2,0,0.0,2,21,5.750000000013756,0.1500000000005457,0.8333333333333414,100.0,100.0,0.0,0.0,29,2,2,2,0,27,4.192769765853882
10,detection,9,29,4,0.13793103448275862,4,0,0.0,4,42,8.899999999998514,0.22500000000029274,1.669444444444409,100.0,100.0,0.0,0.0,29,4,4,4,0,25,4.171431303024292
10,detection,10,29,3,0.10344827586206896,3,0,0.0,3,31,6.300000000001849,0.23333333333312112,1.252777777777766,100.0,100.0,0.0,0.0,29,5,3,3,0,26,4.113953590393066
10,detection,11,29,6,0.20689655172413793,6,0,0.0,6,61,8.18333333334463,0.3833333333338989,2.5027777777776947,100.0,100.0,0.0,0.0,29,6,6,6,0,23,4.116104364395142
10,detection,12,29,5,0.1724137931034483,5,0,0.0,5,49,8.09999999999393,0.2799999999997794,2.087499999999941,100.0,100.0,0.0,0.0,29,5,5,5,0,24,4.292261600494385
10,detection,13,29,2,0.06896551724137931,2,0,0.0,2,19,10.849999999995546,0.29999999999972715,0.8347222222222304,100.0,100.0,0.0,0.0,29,3,2,2,0,27,4.302628755569458
10,detection,14,29,4,0.13793103448275862,4,1,0.25,4,40,6.000000000005343,0.15000000000009095,1.669444444444409,100.0,100.0,0.0,0.0,29,4,4,4,0,25,4.178943157196045
10,aware,0,29,6,0.20689655172413793,6,0,0.0,6,60,9.650000000018347,0.23333333333389325,2.5027777777776947,100.0,100.0,0.0,0.0,29,6,6,6,0,23,4.244735479354858
10,aware,1,29,5,0.1724137931034483,5,0,0.0,5,50,9.320000000000345,0.19999999999990906,2.087499999999941,100.0,100.0,0.0,0.0,29,6,5,5,0,24,4.519636631011963
10,aware,2,29,6,0.20689655172413793,5,0,0.0,6,60,5.58333333334042,0.600000000000667,2.5027777777776947,100.0,100.0,0.0,0.0,29,6,5,5,0,24,4.563532114028931
10,aware,3,29,4,0.13793103448275862,4,0,0.0,4,40,7.300000000009618,0.30000000000075033,1.669444444444409,100.0,100.0,0.0,0.0,29,5,4,4,0,25,4.5447587966918945
10,aware,4,29,8,0.27586206896551724,8,0,0.0,8,80,8.11250000000436,0.48750000000035243,3.3402777777776476,100.0,100.0,0.0,0.0,29,8,8,8,0,21,4.775716304779053
10,aware,5,29,6,0.20689655172413793,6,2,0.3333333333333333,6,60,9.166666666667274,0.18333333333346977,2.5069444444443616,100.0,100.0,0.0,0.0,29,6,6,6,0,23,4.638713121414185
10,aware,6,29,8,0.27586206896551724,8,1,0.125,8,81,10.12500000001451,0.18750000000036948,3.33749999999987,100.0,100.0,0.0,0.0,29,8,8,8,0,21,4.69767951965332
10,aware,7,29,6,0.20689655172413793,6,1,0.16666666666666666,6,60,8.433333333350001,0.6500000000014694,2.499999999999918,100.0,100.0,0.0,0.0,29,6,6,6,0,23,4.511307001113892
10,aware,8,29,2,0.06896551724137931,2,0,0.0,2,21,5.750000000013756,0.1500000000005457,0.8333333333333414,100.0,100.0,0.0,0.0,29,2,2,2,0,27,4.743385076522827
10,aware,9,29,4,0.13793103448275862,4,0,0.0,4,42,8.899999999998514,0.22500000000029274,1.669444444444409,100.0,100.0,0.0,0.0,29,4,4,4,0,25,3.9032697677612305
10,aware,10,29,3,0.10344827586206896,3,0,0.0,3,31,6.300000000001849,0.23333333333312112,1.252777777777766,100.0,100.0,0.0,0.0,29,5,3,3,0,26,3.893460273742676
10,aware,11,29,6,0.20689655172413793,6,0,0.0,6,61,8.18333333334463,0.3833333333338989,2.5027777777776947,100.0,100.0,0.0,0.0,29,6,6,6,0,23,3.9137604236602783
10,aware,12,29,5,0.1724137931034483,5,0,0.0,5,49,8.09999999999393,0.2799999999997794,2.087499999999941,100.0,100.0,0.0,0.0,29,5,5,5,0,24,3.84399151802063
10,aware,13,29,2,0.06896551724137931,2,0,0.0,2,19,10.849999999995546,0.29999999999972715,0.8347222222222304,100.0,100.0,0.0,0.0,29,3,2,2,0,27,3.872072696685791
10,aware,14,29,4,0.13793103448275862,4,1,0.25,4,40,6.000000000005343,0.15000000000009095,1.669444444444409,100.0,100.0,0.0,0.0,29,4,4,4,0,25,3.794473648071289
10,control,0,29,0,0.0,5,2,0.4,0,0,0.0,0.0,0.0,100.0,100.0,0.0,1.5000000000000002,29,9,5,5,1,25,2.1335909366607666
10,control,1,29,0,0.0,3,0,0.0,0,0,0.0,0.0,0.0,100.0,100.0,0.0,0.0,29,3,3,3,0,26,2.13783860206604
10,control,2,29,0,0.0,4,0,0.0,0,0,0.0,0.0,0.0,100.0,100.0,0.0,3.4000000000000017,29,4,4,5,1,25,2.073286294937134
10,control,3,29,0,0.0,4,0,0.0,0,0,0.0,0.0,0.0,100.0,100.0,0.0,0.0,29,4,4,4,0,25,2.118147611618042
10,control,4,29,0,0.0,5,1,0.2,0,0,0.0,0.0,0.0,100.0,100.0,0.0,0.0,29,5,5,5,0,24,2.1099929809570312
10,control,5,29,0,0.0,3,0,0.0,0,0,0.0,0.0,0.0,100.0,100.0,0.0,0.0,29,3,3,3,0,26,2.092052459716797
10,control,6,29,0,0.0,7,2,0.2857142857142857,0,0,0.0,0.0,0.0,100.0,100.0,0.0,0.0,29,7,7,7,0,22,2.105621337890625
10,control,7,29,0,0.0,9,0,0.0,0,0,0.0,0.0,0.0,100.0,100.0,0.0,7.499999999999989,29,10,9,10,3,22,2.134612798690796
10,control,8,29,0,0.0,4,1,0.25,0,0,0.0,0.0,0.0,100.0,100.0,0.0,0.0,29,5,4,4,0,25,1.970871925354004
10,control,9,29,0,0.0,6,1,0.16666666666666666,0,0,0.0,0.0,0.0,100.0,100.0,0.0,0.6,29,7,6,6,1,23,2.044917345046997
10,control,10,29,0,0.0,4,1,0.25,0,0,0.0,0.0,0.0,100.0,100.0,0.0,0.0,29,4,4,4,0,25,2.129591941833496
10,control,11,29,0,0.0,5,1,0.2,0,0,0.0,0.0,0.0,100.0,100.0,0.0,0.0,29,5,5,5,0,24,2.1330959796905518
10,control,12,29,0,0.0,4,0,0.0,0,0,0.0,0.0,0.0,100.0,100.0,0.0,0.0,29,5,4,4,0,25,1.9965827465057373
10,control,13,29,0,0.0,10,0,0.0,0,0,0.0,0.0,0.0,100.0,100.0,0.0,0.0,29,11,10,10,0,19,2.0002849102020264
10,control,14,29,0,0.0,3,0,0.0,0,0,0.0,0.0,0.0,100.0,100.0,0.0,0.0,29,3,3,3,0,26,2.0079238414764404
15,detection,0,29,4,0.13793103448275862,4,0,0.0,4,43,11.550000000007408,0.1499999999998849,1.669444444444409,100.0,100.0,0.0,0.0,29,4,4,4,0,25,3.5273098945617676
15,detection,1,29,6,0.20689655172413793,5,1,0.2,6,62,10.066666666667365,0.34999999999990905,2.5069444444443616,100.0,100.0,0.0,0.0,29,6,5,5,0,24,3.6493752002716064
15,detection,2,29,4,0.13793103448275862,4,0,0.0,4,42,7.550000000015359,0.37500000000085265,1.66805555555552,100.0,100.0,0.0,0.0,29,4,4,4,0,25,3.527209997177124
15,detection,3,29,4,0.13793103448275862,4,0,0.0,4,41,10.775000000019872,0.20000000000050022,1.669444444444409,100.0,100.0,0.0,0.0,29,4,4,4,0,25,3.643794536590576
15,detection,4,29,5,0.1724137931034483,5,2,0.4,5,49,8.780000000006543,0.2800000000002683,2.086111111111052,100.0,100.0,0.0,0.0,29,5,5,5,0,24,3.5659329891204834
15,detection,5,29,5,0.1724137931034483,5,0,0.0,5,50,11.320000000018263,0.24000000000005456,2.086111111111052,100.0,100.0,0.0,0.0,29,5,5,5,0,24,3.7570242881774902
15,detection,6,29,7,0.2413793103448276,7,1,0.14285714285714285,7,69,9.814285714298146,0.35714285714326316,2.919444444444338,100.0,100.0,0.0,0.0,29,7,7,7,0,22,3.7264022827148438
15,detection,7,29,5,0.1724137931034483,5,1,0.2,5,51,8.240000000018023,0.3600000000006105,2.0847222222221635,100.0,100.0,0.0,0.0,29,6,5,5,0,24,3.692253828048706
15,detection,8,29,7,0.2413793103448276,7,0,0.0,7,71,7.32857142858016,0.18571428571427923,2.920833333333227,100.0,100.0,0.0,0.0,29,7,7,7,0,22,3.68819260597229
15,detection,9,29,4,0.13793103448275862,4,0,0.0,4,40,8.399999999995735,0.1249999999999929,1.66805555555552,100.0,100.0,0.0,0.0,29,4,4,4,0,25,3.6865646839141846
15,detection,10,29,7,0.2413793103448276,7,0,0.0,7,69,10.58571428572902,0.3857142857144546,2.9222222222221155,100.0,100.0,0.0,0.0,29,7,7,7,0,22,3.6945412158966064
15,detection,11,29,8,0.27586206896551724,8,0,0.0,8,81,9.31250000001235,0.35000000000008313,3.336111111110981,100.0,100.0,0.0,0.0,29,8,8,8,0,21,3.8086981773376465
15,detection,12,29,8,0.27586206896551724,7,1,0.14285714285714285,8,79,7.750000000007741,0.5625000000001812,3.3388888888887585,100.0,100.0,0.0,0.0,29,8,7,7,0,22,3.7298362255096436
15,detection,13,29,4,0.13793103448275862,3,0,0.0,4,42,9.100000000000414,0.42499999999969873,1.669444444444409,100.0,100.0,0.0,0.0,29,4,3,3,0,26,3.7462103366851807
15,detection,14,29,5,0.1724137931034483,5,2,0.4,5,50,9.440000000021154,0.2000000000003638,2.086111111111052,100.0,100.0,0.0,0.0,29,5,5,5,0,24,3.5979132652282715
15,aware,0,29,4,0.13793103448275862,4,0,0.0,4,43,11.550000000007408,0.1499999999998849,1.669444444444409,100.0,100.0,0.0,0.0,29,4,4,4,0,25,3.8652875423431396
15,aware,1,29,6,0.20689655172413793,5,1,0.2,6,62,10.066666666667365,0.34999999999990905,2.5069444444443616,100.0,100.0,0.0,0.0,29,6,5,5,0,24,3.7681500911712646
15,aware,2,29,4,0.13793103448275862,4,0,0.0,4,42,7.550000000015359,0.37500000000085265,1.66805555555552,100.0,100.0,0.0,0.0,29,4,4,4,0,25,3.8792874813079834
15,aware,3,29,4,0.13793103448275862,4,0,0.0,4,41,10.775000000019872,0.20000000000050022,1.669444444444409,100.0,100.0,0.0,0.0,29,4,4,4,0,25,3.7346606254577637
15,aware,4,29,5,0.1724137931034483,5,2,0.4,5,49,8.780000000006543,0.2800000000002683,2.086111111111052,100.0,100.0,0.0,0.0,29,5,5,5,0,24,3.7797152996063232
15,aware,5,29,5,0.1724137931034483,5,0,0.0,5,50,11.320000000018263,0.24000000000005456,2.086111111111052,100.0,100.0,0.0,0.0,29,5,5,5,0,24,3.8669376373291016
15,aware,6,29,7,0.2413793103448276,7,1,0.14285714285714285,7,69,9.814285714298146,0.35714285714326316,2.919444444444338,100.0,100.0,0.0,0.0,29,7,7,7,0,22,3.8176021575927734
15,aware,7,29,5,0.1724137931034483,5,1,0.2,5,51,8.240000000018023,0.3600000000006105,2.0847222222221635,100.0,100.0,0.0,0.0,29,6,5,5,0,24,3.9361331462860107
15,aware,8,29,7,0.2413793103448276,7,0,0.0,7,71,7.32857142858016,0.18571428571427923,2.920833333333227,100.0,100.0,0.0,0.0,29,7,7,7,0,22,3.776984214782715
15,aware,9,29,4,0.13793103448275862,4,0,0.0,4,40,8.399999999995735,0.1249999999999929,1.66805555555552,100.0,100.0,0.0,0.0,29,4,4,4,0,25,3.505997896194458
15,aware,10,29,7,0.2413793103448276,7,0,0.0,7,69,10.58571428572902,0.3857142857144546,2.9222222222221155,100.0,100.0,0.0,0.0,29,7,7,7,0,22,3.469560384750366
15,aware,11,29,8,0.27586206896551724,8,0,0.0,8,81,9.31250000001235,0.35000000000008313,3.336111111110981,100.0,100.0,0.0,0.0,29,8,8,8,0,21,3.3699541091918945
15,aware,12,29,8,0.27586206896551724,7,1,0.14285714285714285,8,79,7.750000000007741,0.5625000000001812,3.3388888888887585,100.0,100.0,0.0,0.0,29,8,7,7,0,22,3.3895957469940186
15,aware,13,29,4,0.13793103448275862,3,0,0.0,4,42,9.100000000000414,0.42499999999969873,1.669444444444409,100.0,100.0,0.0,0.0,29,4,3,3,0,26,3.3953943252563477
15,aware,14,29,5,0.1724137931034483,5,2,0.4,5,50,9.440000000021154,0.2000000000003638,2.086111111111052,100.0,100.0,0.0,0.0,29,5,5,5,0,24,3.3174757957458496
15,control,0,29,0,0.0,5,2,0.4,0,0,0.0,0.0,0.0,100.0,100.0,0.0,1.5000000000000002,29,9,5,5,1,25,2.1335909366607666
15,control,1,29,0,0.0,3,0,0.0,0,0,0.0,0.0,0.0,100.0,100.0,0.0,0.0,29,3,3,3,0,26,2.13783860206604
15,control,2,29,0,0.0,4,0,0.0,0,0,0.0,0.0,0.0,100.0,100.0,0.0,3.4000000000000017,29,4,4,5,1,25,2.073286294937134
15,control,3,29,0,0.0,4,0,0.0,0,0,0.0,0.0,0.0,100.0,100.0,0.0,0.0,29,4,4,4,0,25,2.118147611618042
15,control,4,29,0,0.0,5,1,0.2,0,0,0.0,0.0,0.0,100.0,100.0,0.0,0.0,29,5,5,5,0,24,2.1099929809570312
15,control,5,29,0,0.0,3,0,0.0,0,0,0.0,0.0,0.0,100.0,100.0,0.0,0.0,29,3,3,3,0,26,2.092052459716797
15,control,6,29,0,0.0,7,2,0.2857142857142857,0,0,0.0,0.0,0.0,100.0,100.0,0.0,0.0,29,7,7,7,0,22,2.105621337890625
15,control,7,29,0,0.0,9,0,0.0,0,0,0.0,0.0,0.0,100.0,100.0,0.0,7.499999999999989,29,10,9,10,3,22,2.134612798690796
15,control,8,29,0,0.0,4,1,0.25,0,0,0.0,0.0,0.0,100.0,100.0,0.0,0.0,29,5,4,4,0,25,1.970871925354004
15,control,9,29,0,0.0,6,1,0.16666666666666666,0,0,0.0,0.0,0.0,100.0,100.0,0.0,0.6,29,7,6,6,1,23,2.044917345046997
15,control,10,29,0,0.0,4,1,0.25,0,0,0.0,0.0,0.0,100.0,100.0,0.0,0.0,29,4,4,4,0,25,2.129591941833496
15,control,11,29,0,0.0,5,1,0.2,0,0,0.0,0.0,0.0,100.0,100.0,0.0,0.0,29,5,5,5,0,24,2.1330959796905518
15,control,12,29,0,0.0,4,0,0.0,0,0,0.0,0.0,0.0,100.0,100.0,0.0,0.0,29,5,4,4,0,25,1.9965827465057373
15,control,13,29,0,0.0,10,0,0.0,0,0,0.0,0.0,0.0,100.0,100.0,0.0,0.0,29,11,10,10,0,19,2.0002849102020264
15,control,14,29,0,0.0,3,0,0.0,0,0,0.0,0.0,0.0,100.0,100.0,0.0,0.0,29,3,3,3,0,26,2.0079238414764404
20,detection,0,29,6,0.20689655172413793,5,0,0.0,6,60,9.21666666667771,0.13333333333335418,2.5027777777776947,100.0,100.0,0.0,0.0,29,6,5,5,0,24,3.176093578338623
20,detection,1,29,6,0.20689655172413793,5,0,0.0,6,59,10.366666666679217,0.28333333333375776,2.5027777777776947,100.0,100.0,0.0,3.600000000000002,29,7,6,6,1,24,3.12164568901062
20,detection,2,29,8,0.27586206896551724,9,0,0.0,8,79,10.287500000013011,0.3375000000004462,3.33749999999987,100.0,100.0,0.0,1.6000000000000003,29,9,9,9,1,21,3.2395169734954834
20,detection,3,29,3,0.10344827586206896,3,0,0.0,3,30,10.600000000017795,0.26666666666733363,1.2513888888888773,100.0,100.0,0.0,0.0,29,4,3,3,0,26,3.2296535968780518
20,detection,4,29,7,0.2413793103448276,7,1,0.14285714285714285,7,69,11.000000000019392,0.5000000000015754,2.919444444444338,100.0,100.0,0.0,0.0,29,7,7,7,0,22,3.289438247680664
20,detection,5,29,4,0.13793103448275862,4,0,0.0,4,40,10.875000000016371,0.4499999999999318,1.669444444444409,100.0,100.0,0.0,0.0,29,6,4,4,0,25,3.353443145751953
20,detection,6,29,6,0.20689655172413793,6,0,0.0,6,59,9.866666666680336,0.46666666666679174,2.5013888888888065,100.0,100.0,0.0,0.0,29,6,6,6,0,23,3.2624294757843018
20,detection,7,29,8,0.27586206896551724,9,2,0.2222222222222222,8,86,9.825000000011151,0.28749999999994813,3.3388888888887585,100.0,100.0,0.0,1.7000000000000004,29,9,9,9,1,20,3.3414535522460938
20,detection,8,29,2,0.06896551724137931,2,0,0.0,2,21,6.000000000014666,0.1500000000005457,0.8333333333333414,100.0,100.0,0.0,0.0,29,2,2,2,0,27,3.3149094581604004
20,detection,9,29,8,0.27586206896551724,7,0,0.0,8,82,9.28750000000634,0.112499999999919,3.3388888888887585,100.0,100.0,0.0,2.1000000000000005,29,9,8,8,1,22,3.473860502243042
20,detection,10,29,7,0.2413793103448276,7,0,0.0,7,70,9.014285714306359,0.1142857142858702,2.920833333333227,100.0,100.0,0.0,0.0,29,7,7,7,0,22,3.368250846862793
20,detection,11,29,8,0.27586206896551724,8,0,0.0,8,81,9.225000000002623,0.29999999999989413,3.33749999999987,100.0,100.0,0.0,0.0,29,9,8,8,0,21,3.287717819213867
20,detection,12,29,5,0.1724137931034483,5,0,0.0,5,50,12.200000000016832,0.3,2.086111111111052,100.0,100.0,0.0,0.0,29,6,5,5,0,24,3.3431410789489746
20,detection,13,29,6,0.20689655172413793,5,0,0.0,6,62,10.633333333343955,0.6666666666679362,2.5027777777776947,100.0,100.0,0.0,0.0,29,6,5,5,0,24,3.384243965148926
20,detection,14,29,4,0.13793103448275862,4,1,0.25,4,40,9.700000000018804,0.20000000000027285,1.669444444444409,100.0,100.0,0.0,0.0,29,4,4,4,0,25,3.413194417953491
20,aware,0,29,6,0.20689655172413793,5,0,0.0,6,60,9.21666666667771,0.13333333333335418,2.5027777777776947,100.0,100.0,0.0,0.0,29,6,5,5,0,24,3.454451084136963
20,aware,1,29,6,0.20689655172413793,5,0,0.0,6,59,10.366666666679217,0.28333333333375776,2.5027777777776947,100.0,100.0,0.0,3.600000000000002,29,7,6,6,1,24,3.3745551109313965
20,aware,2,29,8,0.27586206896551724,9,0,0.0,8,79,10.287500000013011,0.3375000000004462,3.33749999999987,100.0,100.0,0.0,1.6000000000000003,29,9,9,9,1,21,3.2933919429779053
20,aware,3,29,3,0.10344827586206896,3,0,0.0,3,30,10.600000000017795,0.26666666666733363,1.2513888888888773,100.0,100.0,0.0,0.0,29,4,3,3,0,26,3.3194258213043213
20,aware,4,29,7,0.2413793103448276,7,1,0.14285714285714285,7,69,11.000000000019392,0.5000000000015754,2.919444444444338,100.0,100.0,0.0,0.0,29,7,7,7,0,22,3.3643946647644043
20,aware,5,29,4,0.13793103448275862,4,0,0.0,4,40,10.875000000016371,0.4499999999999318,1.669444444444409,100.0,100.0,0.0,0.0,29,6,4,4,0,25,3.350996971130371
20,aware,6,29,6,0.20689655172413793,6,0,0.0,6,59,9.866666666680336,0.46666666666679174,2.5013888888888065,100.0,100.0,0.0,0.0,29,6,6,6,0,23,3.391871690750122
20,aware,7,29,8,0.27586206896551724,9,2,0.2222222222222222,8,86,9.825000000011151,0.28749999999994813,3.3388888888887585,100.0,100.0,0.0,1.7000000000000004,29,9,9,9,1,20,3.379603624343872
20,aware,8,29,2,0.06896551724137931,2,0,0.0,2,21,6.000000000014666,0.1500000000005457,0.8333333333333414,100.0,100.0,0.0,0.0,29,2,2,2,0,27,3.2500572204589844
20,aware,9,29,8,0.27586206896551724,7,0,0.0,8,82,9.28750000000634,0.112499999999919,3.3388888888887585,100.0,100.0,0.0,2.1000000000000005,29,9,8,8,1,22,3.0502707958221436
20,aware,10,29,7,0.2413793103448276,7,0,0.0,7,70,9.014285714306359,0.1142857142858702,2.920833333333227,100.0,100.0,0.0,0.0,29,7,7,7,0,22,3.0992794036865234
20,aware,11,29,8,0.27586206896551724,8,0,0.0,8,81,9.225000000002623,0.29999999999989413,3.33749999999987,100.0,100.0,0.0,0.0,29,9,8,8,0,21,3.048794746398926
20,aware,12,29,5,0.1724137931034483,5,0,0.0,5,50,12.200000000016832,0.3,2.086111111111052,100.0,100.0,0.0,0.0,29,6,5,5,0,24,3.079397201538086
20,aware,13,29,6,0.20689655172413793,5,0,0.0,6,62,10.633333333343955,0.6666666666679362,2.5027777777776947,100.0,100.0,0.0,0.0,29,6,5,5,0,24,3.0003273487091064
20,aware,14,29,4,0.13793103448275862,4,1,0.25,4,40,9.700000000018804,0.20000000000027285,1.669444444444409,100.0,100.0,0.0,0.0,29,4,4,4,0,25,2.9361789226531982
20,control,0,29,0,0.0,5,2,0.4,0,0,0.0,0.0,0.0,100.0,100.0,0.0,1.5000000000000002,29,9,5,5,1,25,2.1335909366607666
20,control,1,29,0,0.0,3,0,0.0,0,0,0.0,0.0,0.0,100.0,100.0,0.0,0.0,29,3,3,3,0,26,2.13783860206604
20,control,2,29,0,0.0,4,0,0.0,0,0,0.0,0.0,0.0,100.0,100.0,0.0,3.4000000000000017,29,4,4,5,1,25,2.073286294937134
20,control,3,29,0,0.0,4,0,0.0,0,0,0.0,0.0,0.0,100.0,100.0,0.0,0.0,29,4,4,4,0,25,2.118147611618042
20,control,4,29,0,0.0,5,1,0.2,0,0,0.0,0.0,0.0,100.0,100.0,0.0,0.0,29,5,5,5,0,24,2.1099929809570312
20,control,5,29,0,0.0,3,0,0.0,0,0,0.0,0.0,0.0,100.0,100.0,0.0,0.0,29,3,3,3,0,26,2.092052459716797
20,control,6,29,0,0.0,7,2,0.2857142857142857,0,0,0.0,0.0,0.0,100.0,100.0,0.0,0.0,29,7,7,7,0,22,2.105621337890625
20,control,7,29,0,0.0,9,0,0.0,0,0,0.0,0.0,0.0,100.0,100.0,0.0,7.499999999999989,29,10,9,10,3,22,2.134612798690796
20,control,8,29,0,0.0,4,1,0.25,0,0,0.0,0.0,0.0,100.0,100.0,0.0,0.0,29,5,4,4,0,25,1.970871925354004
20,control,9,29,0,0.0,6,1,0.16666666666666666,0,0,0.0,0.0,0.0,100.0,100.0,0.0,0.6,29,7,6,6,1,23,2.044917345046997
20,control,10,29,0,0.0,4,1,0.25,0,0,0.0,0.0,0.0,100.0,100.0,0.0,0.0,29,4,4,4,0,25,2.129591941833496
20,control,11,29,0,0.0,5,1,0.2,0,0,0.0,0.0,0.0,100.0,100.0,0.0,0.0,29,5,5,5,0,24,2.1330959796905518
20,control,12,29,0,0.0,4,0,0.0,0,0,0.0,0.0,0.0,100.0,100.0,0.0,0.0,29,5,4,4,0,25,1.9965827465057373
20,control,13,29,0,0.0,10,0,0.0,0,0,0.0,0.0,0.0,100.0,100.0,0.0,0.0,29,11,10,10,0,19,2.0002849102020264
20,control,14,29,0,0.0,3,0,0.0,0,0,0.0,0.0,0.0,100.0,100.0,0.0,0.0,29,3,3,3,0,26,2.0079238414764404
25,detection,0,29,1,0.034482758620689655,1,0,0.0,1,10,13.89999999999921,0.09999999999999432,0.4166666666666688,100.0,100.0,0.0,0.0,29,1,1,1,0,28,3.0055644512176514
25,detection,1,29,4,0.13793103448275862,6,1,0.16666666666666666,4,42,8.650000000006685,0.1250000000001137,1.669444444444409,100.0,100.0,0.0,0.0,29,7,6,6,0,23,2.9133999347686768
25,detection,2,29,2,0.06896551724137931,3,1,0.3333333333333333,2,22,7.6500000000165755,0.15000000000020464,0.8333333333333414,100.0,100.0,0.0,0.0,29,3,3,3,0,26,3.0062143802642822
25,detection,3,29,4,0.13793103448275862,4,0,0.0,4,40,10.175000000012915,0.5000000000015916,1.669444444444409,100.0,100.0,0.0,0.0,29,4,4,4,0,25,2.9338746070861816
25,detection,4,29,5,0.1724137931034483,6,1,0.16666666666666666,5,50,13.200000000029172,0.7400000000012141,2.0847222222221635,100.0,100.0,0.0,6.099999999999994,29,6,6,7,2,24,3.0441036224365234
25,detection,5,29,5,0.1724137931034483,7,2,0.2857142857142857,5,50,14.57999999998674,0.1799999999998363,2.0902777777777186,100.0,100.0,0.0,0.6,29,7,7,7,1,22,3.03975248336792
25,detection,6,29,7,0.2413793103448276,8,1,0.125,7,70,9.64285714288001,0.18571428571452284,2.9180555555554495,100.0,100.0,0.0,0.0,29,8,8,8,0,21,3.0172712802886963
25,detection,7,29,4,0.13793103448275862,5,1,0.2,4,40,12.299999999996103,0.14999999999997016,1.669444444444409,100.0,100.0,0.0,0.0,29,6,5,5,0,24,2.9773476123809814
25,detection,8,29,6,0.20689655172413793,6,2,0.3333333333333333,6,61,6.950000000018046,0.20000000000067075,2.5013888888888065,100.0,100.0,0.0,2.400000000000001,29,6,6,6,1,23,3.169689655303955
25,detection,9,29,5,0.1724137931034483,7,0,0.0,5,50,10.179999999992328,0.15999999999987152,2.08888888888883,100.0,100.0,0.0,0.0,29,9,7,7,0,22,3.156438112258911
25,detection,10,29,5,0.1724137931034483,8,0,0.0,5,50,10.8800000000193,0.18000000000010913,2.086111111111052,100.0,100.0,0.0,0.0,29,8,8,8,0,21,3.3129758834838867
25,detection,11,29,3,0.10344827586206896,3,0,0.0,3,30,11.566666666659358,0.19999999999987494,1.252777777777766,100.0,100.0,0.0,0.0,29,4,3,3,0,26,3.1274666786193848
25,detection,12,29,3,0.10344827586206896,5,0,0.0,3,29,7.2000000000034845,0.8666666666660584,1.2513888888888773,100.0,100.0,0.0,0.0,29,5,5,5,0,24,3.189135789871216
25,detection,13,29,3,0.10344827586206896,3,0,0.0,3,31,9.066666666662428,0.3999999999997499,1.252777777777766,100.0,100.0,0.0,0.0,29,3,3,3,0,26,3.1410226821899414
25,detection,14,29,3,0.10344827586206896,4,0,0.0,3,30,10.433333333355677,0.26666666666718203,1.2513888888888773,100.0,100.0,0.0,0.0,29,4,4,4,0,25,3.1613478660583496
25,aware,0,29,1,0.034482758620689655,1,0,0.0,1,10,13.89999999999921,0.09999999999999432,0.4166666666666688,100.0,100.0,0.0,0.0,29,1,1,1,0,28,3.163435935974121
25,aware,1,29,4,0.13793103448275862,6,1,0.16666666666666666,4,42,8.650000000006685,0.1250000000001137,1.669444444444409,100.0,100.0,0.0,0.0,29,7,6,6,0,23,3.2203633785247803
25,aware,2,29,2,0.06896551724137931,3,1,0.3333333333333333,2,22,7.6500000000165755,0.15000000000020464,0.8333333333333414,100.0,100.0,0.0,0.0,29,3,3,3,0,26,3.130315065383911
25,aware,3,29,4,0.13793103448275862,4,0,0.0,4,40,10.175000000012915,0.5000000000015916,1.669444444444409,100.0,100.0,0.0,0.0,29,4,4,4,0,25,3.1385891437530518
25,aware,4,29,5,0.1724137931034483,6,1,0.16666666666666666,5,50,13.200000000029172,0.7400000000012141,2.0847222222221635,100.0,100.0,0.0,6.099999999999994,29,6,6,7,2,24,3.1526951789855957
25,aware,5,29,5,0.1724137931034483,7,2,0.2857142857142857,5,50,14.57999999998674,0.1799999999998363,2.0902777777777186,100.0,100.0,0.0,0.6,29,7,7,7,1,22,3.186950206756592
25,aware,6,29,7,0.2413793103448276,8,1,0.125,7,70,9.64285714288001,0.18571428571452284,2.9180555555554495,100.0,100.0,0.0,0.0,29,8,8,8,0,21,3.2361464500427246
25,aware,7,29,4,0.13793103448275862,5,1,0.2,4,40,12.299999999996103,0.14999999999997016,1.669444444444409,100.0,100.0,0.0,0.0,29,6,5,5,0,24,3.140747547149658
25,aware,8,29,6,0.20689655172413793,6,2,0.3333333333333333,6,61,6.950000000018046,0.20000000000067075,2.5013888888888065,100.0,100.0,0.0,2.400000000000001,29,6,6,6,1,23,3.2215869426727295
25,aware,9,29,5,0.1724137931034483,7,0,0.0,5,50,10.179999999992328,0.15999999999987152,2.08888888888883,100.0,100.0,0.0,0.0,29,9,7,7,0,22,2.9040656089782715
25,aware,10,29,5,0.1724137931034483,8,0,0.0,5,50,10.8800000000193,0.18000000000010913,2.086111111111052,100.0,100.0,0.0,0.0,29,8,8,8,0,21,2.9507298469543457
25,aware,11,29,3,0.10344827586206896,3,0,0.0,3,30,11.566666666659358,0.19999999999987494,1.252777777777766,100.0,100.0,0.0,0.0,29,4,3,3,0,26,2.8751399517059326
25,aware,12,29,3,0.10344827586206896,5,0,0.0,3,29,7.2000000000034845,0.8666666666660584,1.2513888888888773,100.0,100.0,0.0,0.0,29,5,5,5,0,24,2.9041223526000977
25,aware,13,29,3,0.10344827586206896,3,0,0.0,3,31,9.066666666662428,0.3999999999997499,1.252777777777766,100.0,100.0,0.0,0.0,29,3,3,3,0,26,2.8712174892425537
25,aware,14,29,3,0.10344827586206896,4,0,0.0,3,30,10.433333333355677,0.26666666666718203,1.2513888888888773,100.0,100.0,0.0,0.0,29,4,4,4,0,25,2.888378620147705
25,control,0,29,0,0.0,5,2,0.4,0,0,0.0,0.0,0.0,100.0,100.0,0.0,1.5000000000000002,29,9,5,5,1,25,2.1335909366607666
25,control,1,29,0,0.0,3,0,0.0,0,0,0.0,0.0,0.0,100.0,100.0,0.0,0.0,29,3,3,3,0,26,2.13783860206604
25,control,2,29,0,0.0,4,0,0.0,0,0,0.0,0.0,0.0,100.0,100.0,0.0,3.4000000000000017,29,4,4,5,1,25,2.073286294937134
25,control,3,29,0,0.0,4,0,0.0,0,0,0.0,0.0,0.0,100.0,100.0,0.0,0.0,29,4,4,4,0,25,2.118147611618042
25,control,4,29,0,0.0,5,1,0.2,0,0,0.0,0.0,0.0,100.0,100.0,0.0,0.0,29,5,5,5,0,24,2.1099929809570312
25,control,5,29,0,0.0,3,0,0.0,0,0,0.0,0.0,0.0,100.0,100.0,0.0,0.0,29,3,3,3,0,26,2.092052459716797
25,control,6,29,0,0.0,7,2,0.2857142857142857,0,0,0.0,0.0,0.0,100.0,100.0,0.0,0.0,29,7,7,7,0,22,2.105621337890625
25,control,7,29,0,0.0,9,0,0.0,0,0,0.0,0.0,0.0,100.0,100.0,0.0,7.499999999999989,29,10,9,10,3,22,2.134612798690796
25,control,8,29,0,0.0,4,1,0.25,0,0,0.0,0.0,0.0,100.0,100.0,0.0,0.0,29,5,4,4,0,25,1.970871925354004
25,control,9,29,0,0.0,6,1,0.16666666666666666,0,0,0.0,0.0,0.0,100.0,100.0,0.0,0.6,29,7,6,6,1,23,2.044917345046997
25,control,10,29,0,0.0,4,1,0.25,0,0,0.0,0.0,0.0,100.0,100.0,0.0,0.0,29,4,4,4,0,25,2.129591941833496
25,control,11,29,0,0.0,5,1,0.2,0,0,0.0,0.0,0.0,100.0,100.0,0.0,0.0,29,5,5,5,0,24,2.1330959796905518
25,control,12,29,0,0.0,4,0,0.0,0,0,0.0,0.0,0.0,100.0,100.0,0.0,0.0,29,5,4,4,0,25,1.9965827465057373
25,control,13,29,0,0.0,10,0,0.0,0,0,0.0,0.0,0.0,100.0,100.0,0.0,0.0,29,11,10,10,0,19,2.0002849102020264
25,control,14,29,0,0.0,3,0,0.0,0,0,0.0,0.0,0.0,100.0,100.0,0.0,0.0,29,3,3,3,0,26,2.0079238414764404
30,detection,0,29,5,0.1724137931034483,7,0,0.0,5,53,11.80000000001824,0.14000000000043542,2.086111111111052,100.0,100.0,0.0,0.0,29,7,7,7,0,22,3.304361343383789
30,detection,1,29,3,0.10344827586206896,4,0,0.0,3,31,10.600000000009155,0.16666666666651508,1.252777777777766,100.0,100.0,0.0,0.0,29,5,4,4,0,25,3.221341848373413
30,detection,2,29,1,0.034482758620689655,2,0,0.0,1,10,3.400000000000773,0.40000000000009095,0.4166666666666688,100.0,100.0,0.0,0.0,29,2,2,2,0,27,3.2222743034362793
30,detection,3,29,1,0.034482758620689655,3,1,0.3333333333333333,1,10,13.69999999998754,0.1999999999998181,0.4180555555555578,100.0,100.0,0.0,3.2000000000000015,29,4,3,3,1,27,3.300116539001465
30,detection,4,29,5,0.1724137931034483,5,2,0.4,5,49,11.340000000012378,0.1200000000000955,2.086111111111052,100.0,100.0,0.0,0.0,29,6,5,5,0,24,3.3338966369628906
30,detection,5,29,3,0.10344827586206896,6,0,0.0,3,31,9.100000000033106,0.500000000001819,1.2499999999999885,100.0,100.0,0.0,0.0,29,6,6,6,0,23,3.3830437660217285
30,detection,6,29,3,0.10344827586206896,5,0,0.0,3,29,10.533333333347665,0.4666666666673412,1.2499999999999885,100.0,100.0,0.0,0.0,29,6,5,5,0,24,3.4282970428466797
30,detection,7,29,5,0.1724137931034483,6,1,0.16666666666666666,5,50,11.760000000012422,0.22000000000039677,2.0847222222221635,100.0,100.0,0.0,0.0,29,6,6,6,0,23,3.3196871280670166
30,detection,8,29,1,0.034482758620689655,2,0,0.0,1,10,11.000000000040018,1.1000000000040018,0.4166666666666688,100.0,100.0,0.0,0.0,29,2,2,2,0,27,3.3825125694274902
30,detection,9,29,4,0.13793103448275862,9,1,0.1111111111111111,4,40,11.950000000030741,0.6249999999995453,1.66805555555552,100.0,100.0,0.0,0.0,29,10,9,9,0,20,3.434967041015625
30,detection,10,29,0,0.0,4,1,0.25,0,0,0.0,0.0,0.0,100.0,100.0,0.0,0.0,29,4,4,4,0,25,3.327561616897583
30,detection,11,29,3,0.10344827586206896,5,1,0.2,3,30,9.56666666669211,0.5000000000004642,1.2499999999999885,100.0,100.0,0.0,0.0,29,5,5,5,0,24,3.2273173332214355
30,detection,12,29,4,0.13793103448275862,7,0,0.0,4,39,11.200000000017653,0.3750000000002487,1.6666666666666312,100.0,100.0,0.0,1.3,29,9,8,8,1,22,3.384652614593506
30,detection,13,29,6,0.20689655172413793,8,1,0.125,6,63,11.53333333333785,0.33333333333369336,2.5027777777776947,100.0,100.0,0.0,5.799999999999995,29,8,8,10,3,21,3.3079769611358643
30,detection,14,29,4,0.13793103448275862,4,1,0.25,4,40,7.325000000010164,0.09999999999990905,1.669444444444409,100.0,100.0,0.0,0.0,29,4,4,4,0,25,3.288557291030884
30,aware,0,29,5,0.1724137931034483,7,0,0.0,5,53,11.80000000001824,0.14000000000043542,2.086111111111052,100.0,100.0,0.0,0.0,29,7,7,7,0,22,3.259275436401367
30,aware,1,29,3,0.10344827586206896,4,0,0.0,3,31,10.600000000009155,0.16666666666651508,1.252777777777766,100.0,100.0,0.0,0.0,29,5,4,4,0,25,2.9975297451019287
30,aware,2,29,1,0.034482758620689655,2,0,0.0,1,10,3.400000000000773,0.40000000000009095,0.4166666666666688,100.0,100.0,0.0,0.0,29,2,2,2,0,27,2.9736831188201904
30,aware,3,29,1,0.034482758620689655,3,1,0.3333333333333333,1,10,13.69999999998754,0.1999999999998181,0.4180555555555578,100.0,100.0,0.0,3.2000000000000015,29,4,3,3,1,27,2.92192006111145
30,aware,4,29,5,0.1724137931034483,5,2,0.4,5,49,11.340000000012378,0.1200000000000955,2.086111111111052,100.0,100.0,0.0,0.0,29,6,5,5,0,24,3.033104658126831
30,aware,5,29,3,0.10344827586206896,6,0,0.0,3,31,9.100000000033106,0.500000000001819,1.2499999999999885,100.0,100.0,0.0,0.0,29,6,6,6,0,23,3.060192584991455
30,aware,6,29,3,0.10344827586206896,5,0,0.0,3,29,10.533333333347665,0.4666666666673412,1.2499999999999885,100.0,100.0,0.0,0.0,29,6,5,5,0,24,2.940692186355591
30,aware,7,29,5,0.1724137931034483,6,1,0.16666666666666666,5,50,11.760000000012422,0.22000000000039677,2.0847222222221635,100.0,100.0,0.0,0.0,29,6,6,6,0,23,3.0830743312835693
30,aware,8,29,1,0.034482758620689655,2,0,0.0,1,10,11.000000000040018,1.1000000000040018,0.4166666666666688,100.0,100.0,0.0,0.0,29,2,2,2,0,27,3.095529794692993
30,aware,9,29,4,0.13793103448275862,9,1,0.1111111111111111,4,40,11.950000000030741,0.6249999999995453,1.66805555555552,100.0,100.0,0.0,0.0,29,10,9,9,0,20,2.782475233078003
30,aware,10,29,0,0.0,4,1,0.25,0,0,0.0,0.0,0.0,100.0,100.0,0.0,0.0,29,4,4,4,0,25,2.7276456356048584
30,aware,11,29,3,0.10344827586206896,5,1,0.2,3,30,9.56666666669211,0.5000000000004642,1.2499999999999885,100.0,100.0,0.0,0.0,29,5,5,5,0,24,2.742832660675049
30,aware,12,29,4,0.13793103448275862,7,0,0.0,4,39,11.200000000017653,0.3750000000002487,1.6666666666666312,100.0,100.0,0.0,1.3,29,9,8,8,1,22,2.7249302864074707
30,aware,13,29,6,0.20689655172413793,8,1,0.125,6,63,11.53333333333785,0.33333333333369336,2.5027777777776947,100.0,100.0,0.0,5.799999999999995,29,8,8,10,3,21,2.6998960971832275
30,aware,14,29,4,0.13793103448275862,4,1,0.25,4,40,7.325000000010164,0.09999999999990905,1.669444444444409,100.0,100.0,0.0,0.0,29,4,4,4,0,25,2.6595282554626465
30,control,0,29,0,0.0,5,2,0.4,0,0,0.0,0.0,0.0,100.0,100.0,0.0,1.5000000000000002,29,9,5,5,1,25,2.1335909366607666
30,control,1,29,0,0.0,3,0,0.0,0,0,0.0,0.0,0.0,100.0,100.0,0.0,0.0,29,3,3,3,0,26,2.13783860206604
30,control,2,29,0,0.0,4,0,0.0,0,0,0.0,0.0,0.0,100.0,100.0,0.0,3.4000000000000017,29,4,4,5,1,25,2.073286294937134
30,control,3,29,0,0.0,4,0,0.0,0,0,0.0,0.0,0.0,100.0,100.0,0.0,0.0,29,4,4,4,0,25,2.118147611618042
30,control,4,29,0,0.0,5,1,0.2,0,0,0.0,0.0,0.0,100.0,100.0,0.0,0.0,29,5,5,5,0,24,2.1099929809570312
30,control,5,29,0,0.0,3,0,0.0,0,0,0.0,0.0,0.0,100.0,100.0,0.0,0.0,29,3,3,3,0,26,2.092052459716797
30,control,6,29,0,0.0,7,2,0.2857142857142857,0,0,0.0,0.0,0.0,100.0,100.0,0.0,0.0,29,7,7,7,0,22,2.105621337890625
30,control,7,29,0,0.0,9,0,0.0,0,0,0.0,0.0,0.0,100.0,100.0,0.0,7.499999999999989,29,10,9,10,3,22,2.134612798690796
30,control,8,29,0,0.0,4,1,0.25,0,0,0.0,0.0,0.0,100.0,100.0,0.0,0.0,29,5,4,4,0,25,1.970871925354004
30,control,9,29,0,0.0,6,1,0.16666666666666666,0,0,0.0,0.0,0.0,100.0,100.0,0.0,0.6,29,7,6,6,1,23,2.044917345046997
30,control,10,29,0,0.0,4,1,0.25,0,0,0.0,0.0,0.0,100.0,100.0,0.0,0.0,29,4,4,4,0,25,2.129591941833496
30,control,11,29,0,0.0,5,1,0.2,0,0,0.0,0.0,0.0,100.0,100.0,0.0,0.0,29,5,5,5,0,24,2.1330959796905518
30,control,12,29,0,0.0,4,0,0.0,0,0,0.0,0.0,0.0,100.0,100.0,0.0,0.0,29,5,4,4,0,25,1.9965827465057373
30,control,13,29,0,0.0,10,0,0.0,0,0,0.0,0.0,0.0,100.0,100.0,0.0,0.0,29,11,10,10,0,19,2.0002849102020264
30,control,14,29,0,0.0,3,0,0.0,0,0,0.0,0.0,0.0,100.0,100.0,0.0,0.0,29,3,3,3,0,26,2.0079238414764404
40,detection,0,29,0,0.0,5,2,0.4,0,0,0.0,0.0,0.0,100.0,100.0,0.0,1.5000000000000002,29,9,5,5,1,25,2.745016098022461
40,detection,1,29,4,0.13793103448275862,4,1,0.25,4,40,10.899999999999295,0.17499999999984084,1.669444444444409,100.0,100.0,0.0,0.0,29,4,4,4,0,25,2.6294479370117188
40,detection,2,29,5,0.1724137931034483,9,0,0.0,5,50,10.640000000009422,0.08000000000013188,2.086111111111052,100.0,100.0,0.0,0.0,29,9,9,9,0,20,2.8301892280578613
40,detection,3,29,2,0.06896551724137931,3,0,0.0,2,20,12.14999999998895,0.09999999999990905,0.8361111111111192,100.0,100.0,0.0,0.0,29,3,3,3,0,26,2.7750189304351807
40,detection,4,29,3,0.10344827586206896,4,1,0.25,3,29,13.933333333343171,0.16666666666715932,1.2513888888888773,100.0,100.0,0.0,0.0,29,7,4,4,0,25,2.836057186126709
40,detection,5,29,3,0.10344827586206896,6,1,0.16666666666666666,3,29,10.266666666704017,0.500000000001819,1.2499999999999885,100.0,100.0,0.0,0.0,29,6,6,6,0,23,2.7478904724121094
40,detection,6,29,2,0.06896551724137931,5,1,0.2,2,19,10.550000000002399,0.4500000000001023,0.8333333333333414,100.0,100.0,0.0,0.0,29,6,5,5,0,24,2.7936697006225586
40,detection,7,29,4,0.13793103448275862,8,2,0.25,4,41,9.825000000018917,0.29999999999983373,1.66805555555552,100.0,100.0,0.0,0.6,29,8,8,8,1,21,2.7605628967285156
40,detection,8,29,2,0.06896551724137931,3,0,0.0,2,21,7.95000000002176,0.1000000000003638,0.8333333333333414,100.0,100.0,0.0,0.0,29,3,3,3,0,26,2.7915608882904053
40,detection,9,29,5,0.1724137931034483,7,0,0.0,5,50,12.020000000002431,0.2800000000002001,2.087499999999941,100.0,100.0,0.0,0.0,29,8,7,7,0,22,2.880079507827759
40,detection,10,29,3,0.10344827586206896,5,0,0.0,3,32,7.999999999992724,0.16666666666651508,1.2541666666666549,100.0,100.0,0.0,0.0,29,6,5,5,0,24,2.932408571243286
40,detection,11,29,6,0.20689655172413793,10,1,0.1,6,60,9.333333333333181,0.23333333333312112,2.5069444444443616,100.0,100.0,0.0,0.0,29,10,10,10,0,19,2.7775073051452637
40,detection,12,29,5,0.1724137931034483,9,0,0.0,5,50,7.820000000005234,0.08000000000022282,2.086111111111052,100.0,100.0,0.0,0.0,29,9,9,9,0,20,2.7685904502868652
40,detection,13,29,2,0.06896551724137931,4,0,0.0,2,20,9.25000000001296,0.14999999999986358,0.8347222222222304,100.0,100.0,0.0,0.0,29,4,4,4,0,25,2.9095990657806396
40,detection,14,29,4,0.13793103448275862,5,1,0.2,4,40,10.000000000019895,0.15000000000009095,1.669444444444409,100.0,100.0,0.0,0.0,29,5,5,5,0,24,2.7910170555114746
40,aware,0,29,0,0.0,5,2,0.4,0,0,0.0,0.0,0.0,100.0,100.0,0.0,1.5000000000000002,29,9,5,5,1,25,2.9610910415649414
40,aware,1,29,4,0.13793103448275862,4,1,0.25,4,40,10.899999999999295,0.17499999999984084,1.669444444444409,100.0,100.0,0.0,0.0,29,4,4,4,0,25,2.738727569580078
40,aware,2,29,5,0.1724137931034483,9,0,0.0,5,50,10.640000000009422,0.08000000000013188,2.086111111111052,100.0,100.0,0.0,0.0,29,9,9,9,0,20,2.792691707611084
40,aware,3,29,2,0.06896551724137931,3,0,0.0,2,20,12.14999999998895,0.09999999999990905,0.8361111111111192,100.0,100.0,0.0,0.0,29,3,3,3,0,26,2.8430991172790527
40,aware,4,29,3,0.10344827586206896,4,1,0.25,3,29,13.933333333343171,0.16666666666715932,1.2513888888888773,100.0,100.0,0.0,0.0,29,7,4,4,0,25,2.8832571506500244
40,aware,5,29,3,0.10344827586206896,6,1,0.16666666666666666,3,29,10.266666666704017,0.500000000001819,1.2499999999999885,100.0,100.0,0.0,0.0,29,6,6,6,0,23,2.8103537559509277
40,aware,6,29,2,0.06896551724137931,5,1,0.2,2,19,10.550000000002399,0.4500000000001023,0.8333333333333414,100.0,100.0,0.0,0.0,29,6,5,5,0,24,2.749612808227539
40,aware,7,29,4,0.13793103448275862,8,2,0.25,4,41,9.825000000018917,0.29999999999983373,1.66805555555552,100.0,100.0,0.0,0.6,29,8,8,8,1,21,2.8648648262023926
40,aware,8,29,2,0.06896551724137931,3,0,0.0,2,21,7.95000000002176,0.1000000000003638,0.8333333333333414,100.0,100.0,0.0,0.0,29,3,3,3,0,26,2.8348844051361084
40,aware,9,29,5,0.1724137931034483,7,0,0.0,5,50,12.020000000002431,0.2800000000002001,2.087499999999941,100.0,100.0,0.0,0.0,29,8,7,7,0,22,2.5857014656066895
40,aware,10,29,3,0.10344827586206896,5,0,0.0,3,32,7.999999999992724,0.16666666666651508,1.2541666666666549,100.0,100.0,0.0,0.0,29,6,5,5,0,24,2.541308879852295
40,aware,11,29,6,0.20689655172413793,10,1,0.1,6,60,9.333333333333181,0.23333333333312112,2.5069444444443616,100.0,100.0,0.0,0.0,29,10,10,10,0,19,2.5659565925598145
40,aware,12,29,5,0.1724137931034483,9,0,0.0,5,50,7.820000000005234,0.08000000000022282,2.086111111111052,100.0,100.0,0.0,0.0,29,9,9,9,0,20,2.5789103507995605
40,aware,13,29,2,0.06896551724137931,4,0,0.0,2,20,9.25000000001296,0.14999999999986358,0.8347222222222304,100.0,100.0,0.0,0.0,29,4,4,4,0,25,2.5601646900177
40,aware,14,29,4,0.13793103448275862,5,1,0.2,4,40,10.000000000019895,0.15000000000009095,1.669444444444409,100.0,100.0,0.0,0.0,29,5,5,5,0,24,2.5365309715270996
40,control,0,29,0,0.0,5,2,0.4,0,0,0.0,0.0,0.0,100.0,100.0,0.0,1.5000000000000002,29,9,5,5,1,25,2.1335909366607666
40,control,1,29,0,0.0,3,0,0.0,0,0,0.0,0.0,0.0,100.0,100.0,0.0,0.0,29,3,3,3,0,26,2.13783860206604
40,control,2,29,0,0.0,4,0,0.0,0,0,0.0,0.0,0.0,100.0,100.0,0.0,3.4000000000000017,29,4,4,5,1,25,2.073286294937134
40,control,3,29,0,0.0,4,0,0.0,0,0,0.0,0.0,0.0,100.0,100.0,0.0,0.0,29,4,4,4,0,25,2.118147611618042
40,control,4,29,0,0.0,5,1,0.2,0,0,0.0,0.0,0.0,100.0,100.0,0.0,0.0,29,5,5,5,0,24,2.1099929809570312
40,control,5,29,0,0.0,3,0,0.0,0,0,0.0,0.0,0.0,100.0,100.0,0.0,0.0,29,3,3,3,0,26,2.092052459716797
40,control,6,29,0,0.0,7,2,0.2857142857142857,0,0,0.0,0.0,0.0,100.0,100.0,0.0,0.0,29,7,7,7,0,22,2.105621337890625
40,control,7,29,0,0.0,9,0,0.0,0,0,0.0,0.0,0.0,100.0,100.0,0.0,7.499999999999989,29,10,9,10,3,22,2.134612798690796
40,control,8,29,0,0.0,4,1,0.25,0,0,0.0,0.0,0.0,100.0,100.0,0.0,0.0,29,5,4,4,0,25,1.970871925354004
40,control,9,29,0,0.0,6,1,0.16666666666666666,0,0,0.0,0.0,0.0,100.0,100.0,0.0,0.6,29,7,6,6,1,23,2.044917345046997
40,control,10,29,0,0.0,4,1,0.25,0,0,0.0,0.0,0.0,100.0,100.0,0.0,0.0,29,4,4,4,0,25,2.129591941833496
40,control,11,29,0,0.0,5,1,0.2,0,0,0.0,0.0,0.0,100.0,100.0,0.0,0.0,29,5,5,5,0,24,2.1330959796905518
40,control,12,29,0,0.0,4,0,0.0,0,0,0.0,0.0,0.0,100.0,100.0,0.0,0.0,29,5,4,4,0,25,1.9965827465057373
40,control,13,29,0,0.0,10,0,0.0,0,0,0.0,0.0,0.0,100.0,100.0,0.0,0.0,29,11,10,10,0,19,2.0002849102020264
40,control,14,29,0,0.0,3,0,0.0,0,0,0.0,0.0,0.0,100.0,100.0,0.0,0.0,29,3,3,3,0,26,2.0079238414764404
