detection_rate_per_sec,mode,trial,animals,detected,det_rate,road_entries,collisions,col_rate,warnings,vehicles_alerted,mean_latency_s,in_range_latency_s,awareness_pct,veh_present_known_pct,veh_coverage_pct,veh_gated_out_pct,frozen_on_road_s,n_foraging,n_approaching,n_hesitating,n_crossing,n_frozen,n_fleeing,wall_seconds
0.3,detection,0,29,6,0.20689655172413793,6,0,0.0,6,61,11.250000000014202,0.7833333333338336,2.5027777777776947,100.0,100.0,0.0,0.0,29,6,6,6,0,23,3.5240914821624756
0.3,detection,1,29,4,0.13793103448275862,5,1,0.2,4,42,8.950000000002092,2.099999999998545,1.6708333333332976,100.0,100.0,0.0,0.0,29,5,5,5,0,24,3.467602491378784
0.3,detection,2,29,5,0.1724137931034483,6,1,0.16666666666666666,5,53,7.72000000001317,0.6999999999997272,2.086111111111052,100.0,100.0,0.0,0.0,29,7,6,6,0,23,3.668403148651123
0.3,detection,3,29,3,0.10344827586206896,4,0,0.0,3,31,13.266666666664301,4.966666666663059,1.252777777777766,100.0,100.0,0.0,0.0,29,6,4,4,0,25,3.4984779357910156
0.3,detection,4,29,8,0.27586206896551724,8,2,0.25,8,78,11.487500000014748,3.0875000000069264,3.3388888888887585,100.0,100.0,0.0,0.0,29,9,8,8,0,21,3.528803825378418
0.3,detection,5,29,2,0.06896551724137931,4,2,0.5,2,20,9.750000000006821,4.550000000000182,0.8347222222222304,100.0,100.0,0.0,3.700000000000002,29,4,4,5,2,25,3.5591745376586914
0.3,detection,6,29,7,0.2413793103448276,8,0,0.0,7,69,10.371428571440138,2.285714285715098,2.920833333333227,100.0,100.0,0.0,0.0,29,8,8,8,0,21,3.659820795059204
0.3,detection,7,29,9,0.3103448275862069,9,0,0.0,9,90,10.577777777795824,1.5222222222227484,3.7527777777776796,100.0,100.0,0.0,0.0,29,9,9,9,0,20,3.548717737197876
0.3,detection,8,29,5,0.1724137931034483,5,1,0.2,5,50,8.520000000004007,1.9800000000029967,2.086111111111052,100.0,100.0,0.0,0.0,29,6,5,5,0,24,3.542456865310669
0.3,detection,9,29,8,0.27586206896551724,7,2,0.2857142857142857,8,81,11.975000000016262,3.625000000007841,3.33749999999987,100.0,100.0,0.0,6.199999999999994,29,8,8,8,2,23,3.6039769649505615
0.3,detection,10,29,3,0.10344827586206896,3,1,0.3333333333333333,3,30,9.133333333337154,1.333333333335607,1.252777777777766,100.0,100.0,0.0,0.0,29,3,3,3,0,26,3.5557267665863037
0.3,detection,11,29,3,0.10344827586206896,4,0,0.0,3,30,12.166666666657818,1.5333333333323083,1.252777777777766,100.0,100.0,0.0,3.0000000000000013,29,5,4,5,1,25,3.7510719299316406
0.3,detection,12,29,6,0.20689655172413793,7,0,0.0,6,61,12.199999999995276,3.8333333333327126,2.504166666666584,100.0,100.0,0.0,3.700000000000002,29,9,7,7,2,23,3.5513808727264404
0.3,detection,13,29,8,0.27586206896551724,7,1,0.14285714285714285,8,82,9.750000000010598,2.6625000000035897,3.33749999999987,100.0,100.0,0.0,0.0,29,8,7,7,0,22,3.6429812908172607
0.3,detection,14,29,7,0.2413793103448276,7,2,0.2857142857142857,7,68,11.071428571446761,2.97142857143308,2.920833333333227,100.0,100.0,0.0,0.1,29,7,7,7,1,22,3.6624438762664795
0.3,aware,0,29,6,0.20689655172413793,6,0,0.0,6,61,11.250000000014202,0.7833333333338336,2.5027777777776947,100.0,100.0,0.0,0.0,29,6,6,6,0,23,3.7276124954223633
0.3,aware,1,29,4,0.13793103448275862,5,1,0.2,4,42,8.950000000002092,2.099999999998545,1.6708333333332976,100.0,100.0,0.0,0.0,29,5,5,5,0,24,3.576307773590088
0.3,aware,2,29,5,0.1724137931034483,6,1,0.16666666666666666,5,53,7.72000000001317,0.6999999999997272,2.086111111111052,100.0,100.0,0.0,0.0,29,7,6,6,0,23,3.7674648761749268
0.3,aware,3,29,3,0.10344827586206896,4,0,0.0,3,31,13.266666666664301,4.966666666663059,1.252777777777766,100.0,100.0,0.0,0.0,29,6,4,4,0,25,3.711336135864258
0.3,aware,4,29,8,0.27586206896551724,8,2,0.25,8,78,11.487500000014748,3.0875000000069264,3.3388888888887585,100.0,100.0,0.0,0.0,29,9,8,8,0,21,3.6328277587890625
0.3,aware,5,29,2,0.06896551724137931,4,2,0.5,2,20,9.750000000006821,4.550000000000182,0.8347222222222304,100.0,100.0,0.0,3.700000000000002,29,4,4,5,2,25,3.706324577331543
0.3,aware,6,29,7,0.2413793103448276,8,0,0.0,7,69,10.371428571440138,2.285714285715098,2.920833333333227,100.0,100.0,0.0,0.0,29,8,8,8,0,21,3.712012529373169
0.3,aware,7,29,9,0.3103448275862069,9,0,0.0,9,90,10.577777777795824,1.5222222222227484,3.7527777777776796,100.0,100.0,0.0,0.0,29,9,9,9,0,20,3.6239516735076904
0.3,aware,8,29,5,0.1724137931034483,5,1,0.2,5,50,8.520000000004007,1.9800000000029967,2.086111111111052,100.0,100.0,0.0,0.0,29,6,5,5,0,24,3.7334134578704834
0.3,aware,9,29,8,0.27586206896551724,7,2,0.2857142857142857,8,81,11.975000000016262,3.625000000007841,3.33749999999987,100.0,100.0,0.0,6.199999999999994,29,8,8,8,2,23,3.4592623710632324
0.3,aware,10,29,3,0.10344827586206896,3,1,0.3333333333333333,3,30,9.133333333337154,1.333333333335607,1.252777777777766,100.0,100.0,0.0,0.0,29,3,3,3,0,26,3.3266396522521973
0.3,aware,11,29,3,0.10344827586206896,4,0,0.0,3,30,12.166666666657818,1.5333333333323083,1.252777777777766,100.0,100.0,0.0,3.0000000000000013,29,5,4,5,1,25,3.3776726722717285
0.3,aware,12,29,6,0.20689655172413793,7,0,0.0,6,61,12.199999999995276,3.8333333333327126,2.504166666666584,100.0,100.0,0.0,3.700000000000002,29,9,7,7,2,23,3.387770652770996
0.3,aware,13,29,8,0.27586206896551724,7,1,0.14285714285714285,8,82,9.750000000010598,2.6625000000035897,3.33749999999987,100.0,100.0,0.0,0.0,29,8,7,7,0,22,3.5040392875671387
0.3,aware,14,29,7,0.2413793103448276,7,2,0.2857142857142857,7,68,11.071428571446761,2.97142857143308,2.920833333333227,100.0,100.0,0.0,0.1,29,7,7,7,1,22,3.293342351913452
0.3,control,0,29,0,0.0,5,2,0.4,0,0,0.0,0.0,0.0,100.0,100.0,0.0,1.5000000000000002,29,9,5,5,1,25,2.1005678176879883
0.3,control,1,29,0,0.0,3,0,0.0,0,0,0.0,0.0,0.0,100.0,100.0,0.0,0.0,29,3,3,3,0,26,2.1242058277130127
0.3,control,2,29,0,0.0,4,0,0.0,0,0,0.0,0.0,0.0,100.0,100.0,0.0,3.4000000000000017,29,4,4,5,1,25,2.1697583198547363
0.3,control,3,29,0,0.0,4,0,0.0,0,0,0.0,0.0,0.0,100.0,100.0,0.0,0.0,29,4,4,4,0,25,2.2913320064544678
0.3,control,4,29,0,0.0,5,1,0.2,0,0,0.0,0.0,0.0,100.0,100.0,0.0,0.0,29,5,5,5,0,24,2.345593214035034
0.3,control,5,29,0,0.0,3,0,0.0,0,0,0.0,0.0,0.0,100.0,100.0,0.0,0.0,29,3,3,3,0,26,2.2512948513031006
0.3,control,6,29,0,0.0,7,2,0.2857142857142857,0,0,0.0,0.0,0.0,100.0,100.0,0.0,0.0,29,7,7,7,0,22,2.1848926544189453
0.3,control,7,29,0,0.0,9,0,0.0,0,0,0.0,0.0,0.0,100.0,100.0,0.0,7.499999999999989,29,10,9,10,3,22,2.294304132461548
0.3,control,8,29,0,0.0,4,1,0.25,0,0,0.0,0.0,0.0,100.0,100.0,0.0,0.0,29,5,4,4,0,25,2.333538293838501
0.3,control,9,29,0,0.0,6,1,0.16666666666666666,0,0,0.0,0.0,0.0,100.0,100.0,0.0,0.6,29,7,6,6,1,23,2.3321280479431152
0.3,control,10,29,0,0.0,4,1,0.25,0,0,0.0,0.0,0.0,100.0,100.0,0.0,0.0,29,4,4,4,0,25,2.372246026992798
0.3,control,11,29,0,0.0,5,1,0.2,0,0,0.0,0.0,0.0,100.0,100.0,0.0,0.0,29,5,5,5,0,24,2.3262836933135986
0.3,control,12,29,0,0.0,4,0,0.0,0,0,0.0,0.0,0.0,100.0,100.0,0.0,0.0,29,5,4,4,0,25,2.269022226333618
0.3,control,13,29,0,0.0,10,0,0.0,0,0,0.0,0.0,0.0,100.0,100.0,0.0,0.0,29,11,10,10,0,19,2.2114627361297607
0.3,control,14,29,0,0.0,3,0,0.0,0,0,0.0,0.0,0.0,100.0,100.0,0.0,0.0,29,3,3,3,0,26,2.2943484783172607
0.5,detection,0,29,6,0.20689655172413793,6,0,0.0,6,61,11.250000000014202,0.7833333333338336,2.5027777777776947,100.0,100.0,0.0,0.0,29,6,6,6,0,23,3.42268967628479
0.5,detection,1,29,8,0.27586206896551724,8,0,0.0,8,83,8.937500000019611,1.3500000000020123,3.33749999999987,100.0,100.0,0.0,0.0,29,8,8,8,0,21,3.505218744277954
0.5,detection,2,29,5,0.1724137931034483,5,0,0.0,5,51,9.820000000025676,1.2800000000038836,2.0847222222221635,100.0,100.0,0.0,0.0,29,5,5,5,0,24,3.6606502532958984
0.5,detection,3,29,3,0.10344827586206896,3,0,0.0,3,30,9.066666666676005,0.8999999999994847,1.252777777777766,100.0,100.0,0.0,0.0,29,4,3,3,0,26,3.3682541847229004
0.5,detection,4,29,6,0.20689655172413793,6,0,0.0,6,59,9.983333333333823,1.4999999999999432,2.5055555555554725,100.0,100.0,0.0,0.0,29,8,6,6,0,23,3.5758628845214844
0.5,detection,5,29,7,0.2413793103448276,7,1,0.14285714285714285,7,71,8.828571428585747,0.9857142857147535,2.919444444444338,100.0,100.0,0.0,0.0,29,8,7,7,0,22,3.6128761768341064
0.5,detection,6,29,7,0.2413793103448276,6,0,0.0,7,70,10.671428571428951,2.1714285714293573,2.920833333333227,100.0,100.0,0.0,0.0,29,9,6,6,0,23,3.5680248737335205
0.5,detection,7,29,8,0.27586206896551724,8,0,0.0,8,80,9.062500000006,1.712500000000876,3.336111111110981,100.0,100.0,0.0,0.0,29,8,8,8,0,21,3.557819128036499
0.5,detection,8,29,7,0.2413793103448276,6,1,0.16666666666666666,7,71,9.342857142871853,1.5000000000024525,2.919444444444338,100.0,100.0,0.0,0.0,29,8,6,6,0,23,3.4893910884857178
0.5,detection,9,29,10,0.3448275862068966,10,1,0.1,10,100,11.180000000016012,0.9900000000015978,4.169444444444441,100.0,100.0,0.0,3.1000000000000014,29,10,10,11,1,19,3.57179594039917
0.5,detection,10,29,5,0.1724137931034483,5,1,0.2,5,50,9.980000000018663,1.660000000004493,2.086111111111052,100.0,100.0,0.0,0.0,29,5,5,5,0,24,3.5643651485443115
0.5,detection,11,29,5,0.1724137931034483,6,0,0.0,5,51,9.440000000014937,1.0400000000010947,2.0847222222221635,100.0,100.0,0.0,0.0,29,7,6,6,0,23,3.5815377235412598
0.5,detection,12,29,4,0.13793103448275862,5,1,0.2,4,39,8.575000000010185,0.7750000000017039,1.66805555555552,100.0,100.0,0.0,0.0,29,5,5,5,0,24,3.5155107975006104
0.5,detection,13,29,3,0.10344827586206896,3,0,0.0,3,31,10.466666666661155,0.566666666666265,1.252777777777766,100.0,100.0,0.0,0.0,29,4,3,3,0,26,3.543422222137451
0.5,detection,14,29,7,0.2413793103448276,7,2,0.2857142857142857,7,69,8.90000000000821,1.3428571428579354,2.9222222222221155,100.0,100.0,0.0,0.0,29,7,7,7,0,22,3.6188440322875977
0.5,aware,0,29,6,0.20689655172413793,6,0,0.0,6,61,11.250000000014202,0.7833333333338336,2.5027777777776947,100.0,100.0,0.0,0.0,29,6,6,6,0,23,3.607407331466675
0.5,aware,1,29,8,0.27586206896551724,8,0,0.0,8,83,8.937500000019611,1.3500000000020123,3.33749999999987,100.0,100.0,0.0,0.0,29,8,8,8,0,21,3.738717555999756
0.5,aware,2,29,5,0.1724137931034483,5,0,0.0,5,51,9.820000000025676,1.2800000000038836,2.0847222222221635,100.0,100.0,0.0,0.0,29,5,5,5,0,24,3.712352752685547
0.5,aware,3,29,3,0.10344827586206896,3,0,0.0,3,30,9.066666666676005,0.8999999999994847,1.252777777777766,100.0,100.0,0.0,0.0,29,4,3,3,0,26,3.6038920879364014
0.5,aware,4,29,6,0.20689655172413793,6,0,0.0,6,59,9.983333333333823,1.4999999999999432,2.5055555555554725,100.0,100.0,0.0,0.0,29,8,6,6,0,23,3.6583807468414307
0.5,aware,5,29,7,0.2413793103448276,7,1,0.14285714285714285,7,71,8.828571428585747,0.9857142857147535,2.919444444444338,100.0,100.0,0.0,0.0,29,8,7,7,0,22,3.7404696941375732
0.5,aware,6,29,7,0.2413793103448276,6,0,0.0,7,70,10.671428571428951,2.1714285714293573,2.920833333333227,100.0,100.0,0.0,0.0,29,9,6,6,0,23,3.7233197689056396
0.5,aware,7,29,8,0.27586206896551724,8,0,0.0,8,80,9.062500000006,1.712500000000876,3.336111111110981,100.0,100.0,0.0,0.0,29,8,8,8,0,21,3.741011381149292
0.5,aware,8,29,7,0.2413793103448276,6,1,0.16666666666666666,7,71,9.342857142871853,1.5000000000024525,2.919444444444338,100.0,100.0,0.0,0.0,29,8,6,6,0,23,3.66347599029541
0.5,aware,9,29,10,0.3448275862068966,10,1,0.1,10,100,11.180000000016012,0.9900000000015978,4.169444444444441,100.0,100.0,0.0,3.1000000000000014,29,10,10,11,1,19,3.480280876159668
0.5,aware,10,29,5,0.1724137931034483,5,1,0.2,5,50,9.980000000018663,1.660000000004493,2.086111111111052,100.0,100.0,0.0,0.0,29,5,5,5,0,24,3.3599159717559814
0.5,aware,11,29,5,0.1724137931034483,6,0,0.0,5,51,9.440000000014937,1.0400000000010947,2.0847222222221635,100.0,100.0,0.0,0.0,29,7,6,6,0,23,3.355691909790039
0.5,aware,12,29,4,0.13793103448275862,5,1,0.2,4,39,8.575000000010185,0.7750000000017039,1.66805555555552,100.0,100.0,0.0,0.0,29,5,5,5,0,24,3.3257381916046143
0.5,aware,13,29,3,0.10344827586206896,3,0,0.0,3,31,10.466666666661155,0.566666666666265,1.252777777777766,100.0,100.0,0.0,0.0,29,4,3,3,0,26,3.3063459396362305
0.5,aware,14,29,7,0.2413793103448276,7,2,0.2857142857142857,7,69,8.90000000000821,1.3428571428579354,2.9222222222221155,100.0,100.0,0.0,0.0,29,7,7,7,0,22,3.2776596546173096
0.5,control,0,29,0,0.0,5,2,0.4,0,0,0.0,0.0,0.0,100.0,100.0,0.0,1.5000000000000002,29,9,5,5,1,25,2.1005678176879883
0.5,control,1,29,0,0.0,3,0,0.0,0,0,0.0,0.0,0.0,100.0,100.0,0.0,0.0,29,3,3,3,0,26,2.1242058277130127
0.5,control,2,29,0,0.0,4,0,0.0,0,0,0.0,0.0,0.0,100.0,100.0,0.0,3.4000000000000017,29,4,4,5,1,25,2.1697583198547363
0.5,control,3,29,0,0.0,4,0,0.0,0,0,0.0,0.0,0.0,100.0,100.0,0.0,0.0,29,4,4,4,0,25,2.2913320064544678
0.5,control,4,29,0,0.0,5,1,0.2,0,0,0.0,0.0,0.0,100.0,100.0,0.0,0.0,29,5,5,5,0,24,2.345593214035034
0.5,control,5,29,0,0.0,3,0,0.0,0,0,0.0,0.0,0.0,100.0,100.0,0.0,0.0,29,3,3,3,0,26,2.2512948513031006
0.5,control,6,29,0,0.0,7,2,0.2857142857142857,0,0,0.0,0.0,0.0,100.0,100.0,0.0,0.0,29,7,7,7,0,22,2.1848926544189453
0.5,control,7,29,0,0.0,9,0,0.0,0,0,0.0,0.0,0.0,100.0,100.0,0.0,7.499999999999989,29,10,9,10,3,22,2.294304132461548
0.5,control,8,29,0,0.0,4,1,0.25,0,0,0.0,0.0,0.0,100.0,100.0,0.0,0.0,29,5,4,4,0,25,2.333538293838501
0.5,control,9,29,0,0.0,6,1,0.16666666666666666,0,0,0.0,0.0,0.0,100.0,100.0,0.0,0.6,29,7,6,6,1,23,2.3321280479431152
0.5,control,10,29,0,0.0,4,1,0.25,0,0,0.0,0.0,0.0,100.0,100.0,0.0,0.0,29,4,4,4,0,25,2.372246026992798
0.5,control,11,29,0,0.0,5,1,0.2,0,0,0.0,0.0,0.0,100.0,100.0,0.0,0.0,29,5,5,5,0,24,2.3262836933135986
0.5,control,12,29,0,0.0,4,0,0.0,0,0,0.0,0.0,0.0,100.0,100.0,0.0,0.0,29,5,4,4,0,25,2.269022226333618
0.5,control,13,29,0,0.0,10,0,0.0,0,0,0.0,0.0,0.0,100.0,100.0,0.0,0.0,29,11,10,10,0,19,2.2114627361297607
0.5,control,14,29,0,0.0,3,0,0.0,0,0,0.0,0.0,0.0,100.0,100.0,0.0,0.0,29,3,3,3,0,26,2.2943484783172607
1.0,detection,0,29,4,0.13793103448275862,3,0,0.0,4,41,9.325000000007748,1.1000000000019412,1.66805555555552,100.0,100.0,0.0,0.0,29,5,3,3,0,26,3.4919447898864746
1.0,detection,1,29,6,0.20689655172413793,6,0,0.0,6,59,8.900000000006079,1.400000000000091,2.504166666666584,100.0,100.0,0.0,0.0,29,6,6,6,0,23,3.510502576828003
1.0,detection,2,29,9,0.3103448275862069,9,1,0.1111111111111111,9,91,10.511111111143968,1.4333333333383205,3.7513888888887905,100.0,100.0,0.0,0.0,29,9,9,9,0,20,3.6793274879455566
1.0,detection,3,29,3,0.10344827586206896,3,1,0.3333333333333333,3,30,9.000000000009095,0.8333333333325754,1.252777777777766,100.0,100.0,0.0,0.0,29,4,3,3,0,26,3.557365655899048
1.0,detection,4,29,9,0.3103448275862069,9,2,0.2222222222222222,9,90,7.822222222237315,0.45555555555622756,3.7527777777776796,100.0,100.0,0.0,0.0,29,9,9,9,0,20,3.572530508041382
1.0,detection,5,29,8,0.27586206896551724,8,0,0.0,8,79,11.362500000003138,1.4499999999999886,3.3416666666665362,100.0,100.0,0.0,0.0,29,10,8,8,0,21,3.6459734439849854
1.0,detection,6,29,5,0.1724137931034483,5,0,0.0,5,48,10.300000000001933,1.5800000000007004,2.086111111111052,100.0,100.0,0.0,0.0,29,5,5,5,0,24,3.5706493854522705
1.0,detection,7,29,8,0.27586206896551724,8,1,0.125,8,81,10.200000000012327,2.087500000002695,3.3388888888887585,100.0,100.0,0.0,0.0,29,8,8,8,0,21,3.637125253677368
1.0,detection,8,29,9,0.3103448275862069,9,0,0.0,9,90,11.588888888896058,1.0333333333346166,3.7569444444443474,100.0,100.0,0.0,0.0,29,9,9,9,0,20,3.857605457305908
1.0,detection,9,29,4,0.13793103448275862,4,0,0.0,4,40,8.35000000000192,0.20000000000015206,1.66805555555552,100.0,100.0,0.0,0.0,29,4,4,4,0,25,3.7927963733673096
1.0,detection,10,29,6,0.20689655172413793,6,1,0.16666666666666666,6,60,9.28333333334831,1.4000000000025163,2.504166666666584,100.0,100.0,0.0,0.0,29,6,6,6,0,23,3.7652411460876465
1.0,detection,11,29,5,0.1724137931034483,5,0,0.0,5,50,10.740000000000384,1.8799999999992394,2.086111111111052,100.0,100.0,0.0,0.0,29,7,5,5,0,24,3.756805896759033
1.0,detection,12,29,9,0.3103448275862069,9,0,0.0,9,87,8.544444444457602,0.9000000000005046,3.755555555555458,100.0,100.0,0.0,0.0,29,9,9,9,0,20,3.78385066986084
1.0,detection,13,29,4,0.13793103448275862,3,0,0.0,4,42,9.100000000000414,0.42499999999969873,1.669444444444409,100.0,100.0,0.0,0.0,29,4,3,3,0,26,3.960129737854004
1.0,detection,14,29,6,0.20689655172413793,6,1,0.16666666666666666,6,60,11.683333333343626,1.3000000000028347,2.5055555555554725,100.0,100.0,0.0,0.0,29,6,6,6,0,23,3.855123281478882
1.0,aware,0,29,4,0.13793103448275862,3,0,0.0,4,41,9.325000000007748,1.1000000000019412,1.66805555555552,100.0,100.0,0.0,0.0,29,5,3,3,0,26,3.7854952812194824
1.0,aware,1,29,6,0.20689655172413793,6,0,0.0,6,59,8.900000000006079,1.400000000000091,2.504166666666584,100.0,100.0,0.0,0.0,29,6,6,6,0,23,3.7576324939727783
1.0,aware,2,29,9,0.3103448275862069,9,1,0.1111111111111111,9,91,10.511111111143968,1.4333333333383205,3.7513888888887905,100.0,100.0,0.0,0.0,29,9,9,9,0,20,3.9201676845550537
1.0,aware,3,29,3,0.10344827586206896,3,1,0.3333333333333333,3,30,9.000000000009095,0.8333333333325754,1.252777777777766,100.0,100.0,0.0,0.0,29,4,3,3,0,26,3.7421605587005615
1.0,aware,4,29,9,0.3103448275862069,9,2,0.2222222222222222,9,90,7.822222222237315,0.45555555555622756,3.7527777777776796,100.0,100.0,0.0,0.0,29,9,9,9,0,20,3.6952695846557617
1.0,aware,5,29,8,0.27586206896551724,8,0,0.0,8,79,11.362500000003138,1.4499999999999886,3.3416666666665362,100.0,100.0,0.0,0.0,29,10,8,8,0,21,3.7049224376678467
1.0,aware,6,29,5,0.1724137931034483,5,0,0.0,5,48,10.300000000001933,1.5800000000007004,2.086111111111052,100.0,100.0,0.0,0.0,29,5,5,5,0,24,3.859525203704834
1.0,aware,7,29,8,0.27586206896551724,8,1,0.125,8,81,10.200000000012327,2.087500000002695,3.3388888888887585,100.0,100.0,0.0,0.0,29,8,8,8,0,21,3.6939101219177246
1.0,aware,8,29,9,0.3103448275862069,9,0,0.0,9,90,11.588888888896058,1.0333333333346166,3.7569444444443474,100.0,100.0,0.0,0.0,29,9,9,9,0,20,3.8059990406036377
1.0,aware,9,29,4,0.13793103448275862,4,0,0.0,4,40,8.35000000000192,0.20000000000015206,1.66805555555552,100.0,100.0,0.0,0.0,29,4,4,4,0,25,3.358567953109741
1.0,aware,10,29,6,0.20689655172413793,6,1,0.16666666666666666,6,60,9.28333333334831,1.4000000000025163,2.504166666666584,100.0,100.0,0.0,0.0,29,6,6,6,0,23,3.3942763805389404
1.0,aware,11,29,5,0.1724137931034483,5,0,0.0,5,50,10.740000000000384,1.8799999999992394,2.086111111111052,100.0,100.0,0.0,0.0,29,7,5,5,0,24,3.3578810691833496
1.0,aware,12,29,9,0.3103448275862069,9,0,0.0,9,87,8.544444444457602,0.9000000000005046,3.755555555555458,100.0,100.0,0.0,0.0,29,9,9,9,0,20,3.4754436016082764
1.0,aware,13,29,4,0.13793103448275862,3,0,0.0,4,42,9.100000000000414,0.42499999999969873,1.669444444444409,100.0,100.0,0.0,0.0,29,4,3,3,0,26,3.405601978302002
1.0,aware,14,29,6,0.20689655172413793,6,1,0.16666666666666666,6,60,11.683333333343626,1.3000000000028347,2.5055555555554725,100.0,100.0,0.0,0.0,29,6,6,6,0,23,3.268806219100952
1.0,control,0,29,0,0.0,5,2,0.4,0,0,0.0,0.0,0.0,100.0,100.0,0.0,1.5000000000000002,29,9,5,5,1,25,2.1005678176879883
1.0,control,1,29,0,0.0,3,0,0.0,0,0,0.0,0.0,0.0,100.0,100.0,0.0,0.0,29,3,3,3,0,26,2.1242058277130127
1.0,control,2,29,0,0.0,4,0,0.0,0,0,0.0,0.0,0.0,100.0,100.0,0.0,3.4000000000000017,29,4,4,5,1,25,2.1697583198547363
1.0,control,3,29,0,0.0,4,0,0.0,0,0,0.0,0.0,0.0,100.0,100.0,0.0,0.0,29,4,4,4,0,25,2.2913320064544678
1.0,control,4,29,0,0.0,5,1,0.2,0,0,0.0,0.0,0.0,100.0,100.0,0.0,0.0,29,5,5,5,0,24,2.345593214035034
1.0,control,5,29,0,0.0,3,0,0.0,0,0,0.0,0.0,0.0,100.0,100.0,0.0,0.0,29,3,3,3,0,26,2.2512948513031006
1.0,control,6,29,0,0.0,7,2,0.2857142857142857,0,0,0.0,0.0,0.0,100.0,100.0,0.0,0.0,29,7,7,7,0,22,2.1848926544189453
1.0,control,7,29,0,0.0,9,0,0.0,0,0,0.0,0.0,0.0,100.0,100.0,0.0,7.499999999999989,29,10,9,10,3,22,2.294304132461548
1.0,control,8,29,0,0.0,4,1,0.25,0,0,0.0,0.0,0.0,100.0,100.0,0.0,0.0,29,5,4,4,0,25,2.333538293838501
1.0,control,9,29,0,0.0,6,1,0.16666666666666666,0,0,0.0,0.0,0.0,100.0,100.0,0.0,0.6,29,7,6,6,1,23,2.3321280479431152
1.0,control,10,29,0,0.0,4,1,0.25,0,0,0.0,0.0,0.0,100.0,100.0,0.0,0.0,29,4,4,4,0,25,2.372246026992798
1.0,control,11,29,0,0.0,5,1,0.2,0,0,0.0,0.0,0.0,100.0,100.0,0.0,0.0,29,5,5,5,0,24,2.3262836933135986
1.0,control,12,29,0,0.0,4,0,0.0,0,0,0.0,0.0,0.0,100.0,100.0,0.0,0.0,29,5,4,4,0,25,2.269022226333618
1.0,control,13,29,0,0.0,10,0,0.0,0,0,0.0,0.0,0.0,100.0,100.0,0.0,0.0,29,11,10,10,0,19,2.2114627361297607
1.0,control,14,29,0,0.0,3,0,0.0,0,0,0.0,0.0,0.0,100.0,100.0,0.0,0.0,29,3,3,3,0,26,2.2943484783172607
2.0,detection,0,29,3,0.10344827586206896,2,0,0.0,3,31,9.166666666676937,0.4333333333335266,1.2499999999999885,100.0,100.0,0.0,0.0,29,3,2,2,0,27,3.9107072353363037
2.0,detection,1,29,6,0.20689655172413793,5,0,0.0,6,62,8.016666666676429,0.18333333333331817,2.504166666666584,100.0,100.0,0.0,0.0,29,6,5,5,0,24,3.957714796066284
2.0,detection,2,29,4,0.13793103448275862,4,0,0.0,4,42,7.800000000016269,0.6250000000017621,1.66805555555552,100.0,100.0,0.0,0.0,29,4,4,4,0,25,3.8877735137939453
2.0,detection,3,29,9,0.3103448275862069,9,0,0.0,9,91,10.25555555558008,0.1444444444447173,3.754166666666569,100.0,100.0,0.0,0.0,29,9,9,9,0,20,3.9449386596679688
2.0,detection,4,29,5,0.1724137931034483,5,0,0.0,5,51,9.040000000003648,0.20000000000004547,2.087499999999941,100.0,100.0,0.0,0.0,29,5,5,5,0,24,3.9227161407470703
2.0,detection,5,29,7,0.2413793103448276,7,0,0.0,7,69,8.785714285723966,0.5,2.919444444444338,100.0,100.0,0.0,0.0,29,7,7,7,0,22,4.068895578384399
2.0,detection,6,29,2,0.06896551724137931,2,1,0.5,2,20,11.65000000001936,1.3500000000008185,0.8333333333333414,100.0,100.0,0.0,0.0,29,3,2,2,0,27,4.067961692810059
2.0,detection,7,29,6,0.20689655172413793,6,0,0.0,6,62,9.649999999992417,0.8666666666662195,2.5069444444443616,100.0,100.0,0.0,0.0,29,6,6,6,0,23,4.07853364944458
2.0,detection,8,29,7,0.2413793103448276,7,1,0.14285714285714285,7,70,9.085714285725057,0.9857142857154356,2.919444444444338,100.0,100.0,0.0,0.0,29,8,7,7,0,22,3.782470941543579
2.0,detection,9,29,4,0.13793103448275862,4,0,0.0,4,40,8.399999999995735,0.1249999999999929,1.66805555555552,100.0,100.0,0.0,0.0,29,4,4,4,0,25,3.7395524978637695
2.0,detection,10,29,7,0.2413793103448276,7,0,0.0,7,69,10.58571428572902,0.3857142857144546,2.9222222222221155,100.0,100.0,0.0,0.0,29,7,7,7,0,22,3.730616331100464
2.0,detection,11,29,7,0.2413793103448276,7,0,0.0,7,71,8.77142857143906,0.5571428571435239,2.920833333333227,100.0,100.0,0.0,0.0,29,7,7,7,0,22,3.8315577507019043
2.0,detection,12,29,8,0.27586206896551724,8,0,0.0,8,80,7.237500000004456,0.7374999999997947,3.3388888888887585,100.0,100.0,0.0,0.0,29,8,8,8,0,21,3.794111490249634
2.0,detection,13,29,4,0.13793103448275862,3,0,0.0,4,42,9.100000000000414,0.42499999999969873,1.669444444444409,100.0,100.0,0.0,0.0,29,4,3,3,0,26,3.8075172901153564
2.0,detection,14,29,6,0.20689655172413793,6,1,0.16666666666666666,6,59,9.583333333335077,0.2833333333335304,2.5055555555554725,100.0,100.0,0.0,0.0,29,6,6,6,0,23,3.7060794830322266
2.0,aware,0,29,3,0.10344827586206896,2,0,0.0,3,31,9.166666666676937,0.4333333333335266,1.2499999999999885,100.0,100.0,0.0,0.0,29,3,2,2,0,27,3.882916212081909
2.0,aware,1,29,6,0.20689655172413793,5,0,0.0,6,62,8.016666666676429,0.18333333333331817,2.504166666666584,100.0,100.0,0.0,0.0,29,6,5,5,0,24,3.810771942138672
2.0,aware,2,29,4,0.13793103448275862,4,0,0.0,4,42,7.800000000016269,0.6250000000017621,1.66805555555552,100.0,100.0,0.0,0.0,29,4,4,4,0,25,3.984821081161499
2.0,aware,3,29,9,0.3103448275862069,9,0,0.0,9,91,10.25555555558008,0.1444444444447173,3.754166666666569,100.0,100.0,0.0,0.0,29,9,9,9,0,20,4.002454996109009
2.0,aware,4,29,5,0.1724137931034483,5,0,0.0,5,51,9.040000000003648,0.20000000000004547,2.087499999999941,100.0,100.0,0.0,0.0,29,5,5,5,0,24,3.9046294689178467
2.0,aware,5,29,7,0.2413793103448276,7,0,0.0,7,69,8.785714285723966,0.5,2.919444444444338,100.0,100.0,0.0,0.0,29,7,7,7,0,22,3.871891975402832
2.0,aware,6,29,2,0.06896551724137931,2,1,0.5,2,20,11.65000000001936,1.3500000000008185,0.8333333333333414,100.0,100.0,0.0,0.0,29,3,2,2,0,27,3.873232841491699
2.0,aware,7,29,6,0.20689655172413793,6,0,0.0,6,62,9.649999999992417,0.8666666666662195,2.5069444444443616,100.0,100.0,0.0,0.0,29,6,6,6,0,23,3.854978084564209
2.0,aware,8,29,7,0.2413793103448276,7,1,0.14285714285714285,7,70,9.085714285725057,0.9857142857154356,2.919444444444338,100.0,100.0,0.0,0.0,29,8,7,7,0,22,3.846031427383423
2.0,aware,9,29,4,0.13793103448275862,4,0,0.0,4,40,8.399999999995735,0.1249999999999929,1.66805555555552,100.0,100.0,0.0,0.0,29,4,4,4,0,25,3.703313112258911
2.0,aware,10,29,7,0.2413793103448276,7,0,0.0,7,69,10.58571428572902,0.3857142857144546,2.9222222222221155,100.0,100.0,0.0,0.0,29,7,7,7,0,22,3.7668590545654297
2.0,aware,11,29,7,0.2413793103448276,7,0,0.0,7,71,8.77142857143906,0.5571428571435239,2.920833333333227,100.0,100.0,0.0,0.0,29,7,7,7,0,22,3.705233335494995
2.0,aware,12,29,8,0.27586206896551724,8,0,0.0,8,80,7.237500000004456,0.7374999999997947,3.3388888888887585,100.0,100.0,0.0,0.0,29,8,8,8,0,21,3.5717880725860596
2.0,aware,13,29,4,0.13793103448275862,3,0,0.0,4,42,9.100000000000414,0.42499999999969873,1.669444444444409,100.0,100.0,0.0,0.0,29,4,3,3,0,26,3.607663154602051
2.0,aware,14,29,6,0.20689655172413793,6,1,0.16666666666666666,6,59,9.583333333335077,0.2833333333335304,2.5055555555554725,100.0,100.0,0.0,0.0,29,6,6,6,0,23,3.6031622886657715
2.0,control,0,29,0,0.0,5,2,0.4,0,0,0.0,0.0,0.0,100.0,100.0,0.0,1.5000000000000002,29,9,5,5,1,25,2.1005678176879883
2.0,control,1,29,0,0.0,3,0,0.0,0,0,0.0,0.0,0.0,100.0,100.0,0.0,0.0,29,3,3,3,0,26,2.1242058277130127
2.0,control,2,29,0,0.0,4,0,0.0,0,0,0.0,0.0,0.0,100.0,100.0,0.0,3.4000000000000017,29,4,4,5,1,25,2.1697583198547363
2.0,control,3,29,0,0.0,4,0,0.0,0,0,0.0,0.0,0.0,100.0,100.0,0.0,0.0,29,4,4,4,0,25,2.2913320064544678
2.0,control,4,29,0,0.0,5,1,0.2,0,0,0.0,0.0,0.0,100.0,100.0,0.0,0.0,29,5,5,5,0,24,2.345593214035034
2.0,control,5,29,0,0.0,3,0,0.0,0,0,0.0,0.0,0.0,100.0,100.0,0.0,0.0,29,3,3,3,0,26,2.2512948513031006
2.0,control,6,29,0,0.0,7,2,0.2857142857142857,0,0,0.0,0.0,0.0,100.0,100.0,0.0,0.0,29,7,7,7,0,22,2.1848926544189453
2.0,control,7,29,0,0.0,9,0,0.0,0,0,0.0,0.0,0.0,100.0,100.0,0.0,7.499999999999989,29,10,9,10,3,22,2.294304132461548
2.0,control,8,29,0,0.0,4,1,0.25,0,0,0.0,0.0,0.0,100.0,100.0,0.0,0.0,29,5,4,4,0,25,2.333538293838501
2.0,control,9,29,0,0.0,6,1,0.16666666666666666,0,0,0.0,0.0,0.0,100.0,100.0,0.0,0.6,29,7,6,6,1,23,2.3321280479431152
2.0,control,10,29,0,0.0,4,1,0.25,0,0,0.0,0.0,0.0,100.0,100.0,0.0,0.0,29,4,4,4,0,25,2.372246026992798
2.0,control,11,29,0,0.0,5,1,0.2,0,0,0.0,0.0,0.0,100.0,100.0,0.0,0.0,29,5,5,5,0,24,2.3262836933135986
2.0,control,12,29,0,0.0,4,0,0.0,0,0,0.0,0.0,0.0,100.0,100.0,0.0,0.0,29,5,4,4,0,25,2.269022226333618
2.0,control,13,29,0,0.0,10,0,0.0,0,0,0.0,0.0,0.0,100.0,100.0,0.0,0.0,29,11,10,10,0,19,2.2114627361297607
2.0,control,14,29,0,0.0,3,0,0.0,0,0,0.0,0.0,0.0,100.0,100.0,0.0,0.0,29,3,3,3,0,26,2.2943484783172607
3.0,detection,0,29,4,0.13793103448275862,4,0,0.0,4,43,11.550000000007408,0.1499999999998849,1.669444444444409,100.0,100.0,0.0,0.0,29,4,4,4,0,25,3.650994300842285
3.0,detection,1,29,6,0.20689655172413793,5,1,0.2,6,62,10.066666666667365,0.34999999999990905,2.5069444444443616,100.0,100.0,0.0,0.0,29,6,5,5,0,24,3.7613179683685303
3.0,detection,2,29,4,0.13793103448275862,4,0,0.0,4,42,7.550000000015359,0.37500000000085265,1.66805555555552,100.0,100.0,0.0,0.0,29,4,4,4,0,25,3.590864658355713
3.0,detection,3,29,4,0.13793103448275862,4,0,0.0,4,41,10.775000000019872,0.20000000000050022,1.669444444444409,100.0,100.0,0.0,0.0,29,4,4,4,0,25,3.516875982284546
3.0,detection,4,29,5,0.1724137931034483,5,2,0.4,5,49,8.780000000006543,0.2800000000002683,2.086111111111052,100.0,100.0,0.0,0.0,29,5,5,5,0,24,3.6407523155212402
3.0,detection,5,29,5,0.1724137931034483,5,0,0.0,5,50,11.320000000018263,0.24000000000005456,2.086111111111052,100.0,100.0,0.0,0.0,29,5,5,5,0,24,3.697563886642456
3.0,detection,6,29,7,0.2413793103448276,7,1,0.14285714285714285,7,69,9.814285714298146,0.35714285714326316,2.919444444444338,100.0,100.0,0.0,0.0,29,7,7,7,0,22,3.72774600982666
3.0,detection,7,29,5,0.1724137931034483,5,1,0.2,5,51,8.240000000018023,0.3600000000006105,2.0847222222221635,100.0,100.0,0.0,0.0,29,6,5,5,0,24,3.8332462310791016
3.0,detection,8,29,7,0.2413793103448276,7,0,0.0,7,71,7.32857142858016,0.18571428571427923,2.920833333333227,100.0,100.0,0.0,0.0,29,7,7,7,0,22,3.9003562927246094
3.0,detection,9,29,4,0.13793103448275862,4,0,0.0,4,40,8.399999999995735,0.1249999999999929,1.66805555555552,100.0,100.0,0.0,0.0,29,4,4,4,0,25,3.8732099533081055
3.0,detection,10,29,7,0.2413793103448276,7,0,0.0,7,69,10.58571428572902,0.3857142857144546,2.9222222222221155,100.0,100.0,0.0,0.0,29,7,7,7,0,22,3.8791520595550537
3.0,detection,11,29,8,0.27586206896551724,8,0,0.0,8,81,9.31250000001235,0.35000000000008313,3.336111111110981,100.0,100.0,0.0,0.0,29,8,8,8,0,21,3.8885490894317627
3.0,detection,12,29,8,0.27586206896551724,7,1,0.14285714285714285,8,79,7.750000000007741,0.5625000000001812,3.3388888888887585,100.0,100.0,0.0,0.0,29,8,7,7,0,22,3.8599095344543457
3.0,detection,13,29,4,0.13793103448275862,3,0,0.0,4,42,9.100000000000414,0.42499999999969873,1.669444444444409,100.0,100.0,0.0,0.0,29,4,3,3,0,26,3.7816483974456787
3.0,detection,14,29,5,0.1724137931034483,5,2,0.4,5,50,9.440000000021154,0.2000000000003638,2.086111111111052,100.0,100.0,0.0,0.0,29,5,5,5,0,24,3.8086612224578857
3.0,aware,0,29,4,0.13793103448275862,4,0,0.0,4,43,11.550000000007408,0.1499999999998849,1.669444444444409,100.0,100.0,0.0,0.0,29,4,4,4,0,25,3.805652379989624
3.0,aware,1,29,6,0.20689655172413793,5,1,0.2,6,62,10.066666666667365,0.34999999999990905,2.5069444444443616,100.0,100.0,0.0,0.0,29,6,5,5,0,24,3.682980537414551
3.0,aware,2,29,4,0.13793103448275862,4,0,0.0,4,42,7.550000000015359,0.37500000000085265,1.66805555555552,100.0,100.0,0.0,0.0,29,4,4,4,0,25,3.816444158554077
3.0,aware,3,29,4,0.13793103448275862,4,0,0.0,4,41,10.775000000019872,0.20000000000050022,1.669444444444409,100.0,100.0,0.0,0.0,29,4,4,4,0,25,3.694478750228882
3.0,aware,4,29,5,0.1724137931034483,5,2,0.4,5,49,8.780000000006543,0.2800000000002683,2.086111111111052,100.0,100.0,0.0,0.0,29,5,5,5,0,24,3.7339394092559814
3.0,aware,5,29,5,0.1724137931034483,5,0,0.0,5,50,11.320000000018263,0.24000000000005456,2.086111111111052,100.0,100.0,0.0,0.0,29,5,5,5,0,24,3.8627817630767822
3.0,aware,6,29,7,0.2413793103448276,7,1,0.14285714285714285,7,69,9.814285714298146,0.35714285714326316,2.919444444444338,100.0,100.0,0.0,0.0,29,7,7,7,0,22,3.6764557361602783
3.0,aware,7,29,5,0.1724137931034483,5,1,0.2,5,51,8.240000000018023,0.3600000000006105,2.0847222222221635,100.0,100.0,0.0,0.0,29,6,5,5,0,24,3.704503059387207
3.0,aware,8,29,7,0.2413793103448276,7,0,0.0,7,71,7.32857142858016,0.18571428571427923,2.920833333333227,100.0,100.0,0.0,0.0,29,7,7,7,0,22,3.724705696105957
3.0,aware,9,29,4,0.13793103448275862,4,0,0.0,4,40,8.399999999995735,0.1249999999999929,1.66805555555552,100.0,100.0,0.0,0.0,29,4,4,4,0,25,3.3273098468780518
3.0,aware,10,29,7,0.2413793103448276,7,0,0.0,7,69,10.58571428572902,0.3857142857144546,2.9222222222221155,100.0,100.0,0.0,0.0,29,7,7,7,0,22,3.3371188640594482
3.0,aware,11,29,8,0.27586206896551724,8,0,0.0,8,81,9.31250000001235,0.35000000000008313,3.336111111110981,100.0,100.0,0.0,0.0,29,8,8,8,0,21,3.363171100616455
3.0,aware,12,29,8,0.27586206896551724,7,1,0.14285714285714285,8,79,7.750000000007741,0.5625000000001812,3.3388888888887585,100.0,100.0,0.0,0.0,29,8,7,7,0,22,3.382099151611328
3.0,aware,13,29,4,0.13793103448275862,3,0,0.0,4,42,9.100000000000414,0.42499999999969873,1.669444444444409,100.0,100.0,0.0,0.0,29,4,3,3,0,26,3.318296194076538
3.0,aware,14,29,5,0.1724137931034483,5,2,0.4,5,50,9.440000000021154,0.2000000000003638,2.086111111111052,100.0,100.0,0.0,0.0,29,5,5,5,0,24,3.344555377960205
3.0,control,0,29,0,0.0,5,2,0.4,0,0,0.0,0.0,0.0,100.0,100.0,0.0,1.5000000000000002,29,9,5,5,1,25,2.1005678176879883
3.0,control,1,29,0,0.0,3,0,0.0,0,0,0.0,0.0,0.0,100.0,100.0,0.0,0.0,29,3,3,3,0,26,2.1242058277130127
3.0,control,2,29,0,0.0,4,0,0.0,0,0,0.0,0.0,0.0,100.0,100.0,0.0,3.4000000000000017,29,4,4,5,1,25,2.1697583198547363
3.0,control,3,29,0,0.0,4,0,0.0,0,0,0.0,0.0,0.0,100.0,100.0,0.0,0.0,29,4,4,4,0,25,2.2913320064544678
3.0,control,4,29,0,0.0,5,1,0.2,0,0,0.0,0.0,0.0,100.0,100.0,0.0,0.0,29,5,5,5,0,24,2.345593214035034
3.0,control,5,29,0,0.0,3,0,0.0,0,0,0.0,0.0,0.0,100.0,100.0,0.0,0.0,29,3,3,3,0,26,2.2512948513031006
3.0,control,6,29,0,0.0,7,2,0.2857142857142857,0,0,0.0,0.0,0.0,100.0,100.0,0.0,0.0,29,7,7,7,0,22,2.1848926544189453
3.0,control,7,29,0,0.0,9,0,0.0,0,0,0.0,0.0,0.0,100.0,100.0,0.0,7.499999999999989,29,10,9,10,3,22,2.294304132461548
3.0,control,8,29,0,0.0,4,1,0.25,0,0,0.0,0.0,0.0,100.0,100.0,0.0,0.0,29,5,4,4,0,25,2.333538293838501
3.0,control,9,29,0,0.0,6,1,0.16666666666666666,0,0,0.0,0.0,0.0,100.0,100.0,0.0,0.6,29,7,6,6,1,23,2.3321280479431152
3.0,control,10,29,0,0.0,4,1,0.25,0,0,0.0,0.0,0.0,100.0,100.0,0.0,0.0,29,4,4,4,0,25,2.372246026992798
3.0,control,11,29,0,0.0,5,1,0.2,0,0,0.0,0.0,0.0,100.0,100.0,0.0,0.0,29,5,5,5,0,24,2.3262836933135986
3.0,control,12,29,0,0.0,4,0,0.0,0,0,0.0,0.0,0.0,100.0,100.0,0.0,0.0,29,5,4,4,0,25,2.269022226333618
3.0,control,13,29,0,0.0,10,0,0.0,0,0,0.0,0.0,0.0,100.0,100.0,0.0,0.0,29,11,10,10,0,19,2.2114627361297607
3.0,control,14,29,0,0.0,3,0,0.0,0,0,0.0,0.0,0.0,100.0,100.0,0.0,0.0,29,3,3,3,0,26,2.2943484783172607
5.0,detection,0,29,7,0.2413793103448276,7,0,0.0,7,73,10.800000000008534,0.08571428571434987,2.920833333333227,100.0,100.0,0.0,0.0,29,8,7,7,0,22,3.4968619346618652
5.0,detection,1,29,8,0.27586206896551724,7,2,0.2857142857142857,8,81,9.250000000009948,0.2250000000002501,3.3388888888887585,100.0,100.0,0.0,0.0,29,8,7,7,0,22,3.5891854763031006
5.0,detection,2,29,6,0.20689655172413793,6,1,0.16666666666666666,6,62,9.550000000021194,0.1000000000000038,2.5013888888888065,100.0,100.0,0.0,0.0,29,6,6,6,0,23,3.6204726696014404
5.0,detection,3,29,4,0.13793103448275862,4,0,0.0,4,41,10.625000000019327,0.049999999999954525,1.669444444444409,100.0,100.0,0.0,0.0,29,4,4,4,0,25,3.488837480545044
5.0,detection,4,29,10,0.3448275862068966,10,2,0.2,10,96,8.300000000009856,0.10999999999993407,4.173611111111109,100.0,100.0,0.0,0.0,29,11,10,10,0,19,3.853245735168457
5.0,detection,5,29,6,0.20689655172413793,6,0,0.0,6,60,10.1500000000104,0.21666666666669698,2.504166666666584,100.0,100.0,0.0,0.0,29,6,6,6,0,23,3.626142740249634
5.0,detection,6,29,10,0.3448275862068966,10,0,0.0,10,100,8.620000000004689,0.1700000000000273,4.173611111111109,100.0,100.0,0.0,0.0,29,11,10,10,0,19,3.862752676010132
5.0,detection,7,29,6,0.20689655172413793,6,0,0.0,6,61,7.400000000003099,0.2666666666667415,2.504166666666584,100.0,100.0,0.0,0.0,29,6,6,6,0,23,3.6777968406677246
5.0,detection,8,29,6,0.20689655172413793,6,0,0.0,6,62,8.36666666668134,0.13333333333340155,2.5027777777776947,100.0,100.0,0.0,0.0,29,6,6,6,0,23,3.981139659881592
5.0,detection,9,29,4,0.13793103448275862,4,0,0.0,4,40,9.000000000007866,0.05000000000000426,1.66805555555552,100.0,100.0,0.0,0.0,29,4,4,4,0,25,3.927058458328247
5.0,detection,10,29,6,0.20689655172413793,6,0,0.0,6,62,9.80000000001352,0.18333333333362134,2.504166666666584,100.0,100.0,0.0,0.0,29,6,6,6,0,23,3.85135817527771
5.0,detection,11,29,7,0.2413793103448276,7,0,0.0,7,69,7.300000000014677,0.11428571428586613,2.919444444444338,100.0,100.0,0.0,0.0,29,7,7,7,0,22,3.8737905025482178
5.0,detection,12,29,7,0.2413793103448276,7,1,0.14285714285714285,7,70,8.100000000006158,0.4999999999997523,2.9222222222221155,100.0,100.0,0.0,0.0,29,7,7,7,0,22,3.809727191925049
5.0,detection,13,29,6,0.20689655172413793,6,0,0.0,6,60,9.616666666679299,0.24999999999980105,2.5027777777776947,100.0,100.0,0.0,0.0,29,6,6,6,0,23,3.8892276287078857
5.0,detection,14,29,7,0.2413793103448276,6,2,0.3333333333333333,7,71,6.657142857154083,0.08571428571459754,2.920833333333227,100.0,100.0,0.0,0.0,29,7,6,6,0,23,3.9627974033355713
5.0,aware,0,29,7,0.2413793103448276,7,0,0.0,7,73,10.800000000008534,0.08571428571434987,2.920833333333227,100.0,100.0,0.0,0.0,29,8,7,7,0,22,3.95046067237854
5.0,aware,1,29,8,0.27586206896551724,7,2,0.2857142857142857,8,81,9.250000000009948,0.2250000000002501,3.3388888888887585,100.0,100.0,0.0,0.0,29,8,7,7,0,22,3.640859603881836
5.0,aware,2,29,6,0.20689655172413793,6,1,0.16666666666666666,6,62,9.550000000021194,0.1000000000000038,2.5013888888888065,100.0,100.0,0.0,0.0,29,6,6,6,0,23,3.659512996673584
5.0,aware,3,29,4,0.13793103448275862,4,0,0.0,4,41,10.625000000019327,0.049999999999954525,1.669444444444409,100.0,100.0,0.0,0.0,29,4,4,4,0,25,3.793837547302246
5.0,aware,4,29,10,0.3448275862068966,10,2,0.2,10,96,8.300000000009856,0.10999999999993407,4.173611111111109,100.0,100.0,0.0,0.0,29,11,10,10,0,19,3.8711087703704834
5.0,aware,5,29,6,0.20689655172413793,6,0,0.0,6,60,10.1500000000104,0.21666666666669698,2.504166666666584,100.0,100.0,0.0,0.0,29,6,6,6,0,23,3.6921768188476562
5.0,aware,6,29,10,0.3448275862068966,10,0,0.0,10,100,8.620000000004689,0.1700000000000273,4.173611111111109,100.0,100.0,0.0,0.0,29,11,10,10,0,19,3.678189992904663
5.0,aware,7,29,6,0.20689655172413793,6,0,0.0,6,61,7.400000000003099,0.2666666666667415,2.504166666666584,100.0,100.0,0.0,0.0,29,6,6,6,0,23,3.9244015216827393
5.0,aware,8,29,6,0.20689655172413793,6,0,0.0,6,62,8.36666666668134,0.13333333333340155,2.5027777777776947,100.0,100.0,0.0,0.0,29,6,6,6,0,23,3.8024001121520996
5.0,aware,9,29,4,0.13793103448275862,4,0,0.0,4,40,9.000000000007866,0.05000000000000426,1.66805555555552,100.0,100.0,0.0,0.0,29,4,4,4,0,25,3.545833110809326
5.0,aware,10,29,6,0.20689655172413793,6,0,0.0,6,62,9.80000000001352,0.18333333333362134,2.504166666666584,100.0,100.0,0.0,0.0,29,6,6,6,0,23,3.436798334121704
5.0,aware,11,29,7,0.2413793103448276,7,0,0.0,7,69,7.300000000014677,0.11428571428586613,2.919444444444338,100.0,100.0,0.0,0.0,29,7,7,7,0,22,3.4548227787017822
5.0,aware,12,29,7,0.2413793103448276,7,1,0.14285714285714285,7,70,8.100000000006158,0.4999999999997523,2.9222222222221155,100.0,100.0,0.0,0.0,29,7,7,7,0,22,3.4127001762390137
5.0,aware,13,29,6,0.20689655172413793,6,0,0.0,6,60,9.616666666679299,0.24999999999980105,2.5027777777776947,100.0,100.0,0.0,0.0,29,6,6,6,0,23,3.459825038909912
5.0,aware,14,29,7,0.2413793103448276,6,2,0.3333333333333333,7,71,6.657142857154083,0.08571428571459754,2.920833333333227,100.0,100.0,0.0,0.0,29,7,6,6,0,23,3.4458444118499756
5.0,control,0,29,0,0.0,5,2,0.4,0,0,0.0,0.0,0.0,100.0,100.0,0.0,1.5000000000000002,29,9,5,5,1,25,2.1005678176879883
5.0,control,1,29,0,0.0,3,0,0.0,0,0,0.0,0.0,0.0,100.0,100.0,0.0,0.0,29,3,3,3,0,26,2.1242058277130127
5.0,control,2,29,0,0.0,4,0,0.0,0,0,0.0,0.0,0.0,100.0,100.0,0.0,3.4000000000000017,29,4,4,5,1,25,2.1697583198547363
5.0,control,3,29,0,0.0,4,0,0.0,0,0,0.0,0.0,0.0,100.0,100.0,0.0,0.0,29,4,4,4,0,25,2.2913320064544678
5.0,control,4,29,0,0.0,5,1,0.2,0,0,0.0,0.0,0.0,100.0,100.0,0.0,0.0,29,5,5,5,0,24,2.345593214035034
5.0,control,5,29,0,0.0,3,0,0.0,0,0,0.0,0.0,0.0,100.0,100.0,0.0,0.0,29,3,3,3,0,26,2.2512948513031006
5.0,control,6,29,0,0.0,7,2,0.2857142857142857,0,0,0.0,0.0,0.0,100.0,100.0,0.0,0.0,29,7,7,7,0,22,2.1848926544189453
5.0,control,7,29,0,0.0,9,0,0.0,0,0,0.0,0.0,0.0,100.0,100.0,0.0,7.499999999999989,29,10,9,10,3,22,2.294304132461548
5.0,control,8,29,0,0.0,4,1,0.25,0,0,0.0,0.0,0.0,100.0,100.0,0.0,0.0,29,5,4,4,0,25,2.333538293838501
5.0,control,9,29,0,0.0,6,1,0.16666666666666666,0,0,0.0,0.0,0.0,100.0,100.0,0.0,0.6,29,7,6,6,1,23,2.3321280479431152
5.0,control,10,29,0,0.0,4,1,0.25,0,0,0.0,0.0,0.0,100.0,100.0,0.0,0.0,29,4,4,4,0,25,2.372246026992798
5.0,control,11,29,0,0.0,5,1,0.2,0,0,0.0,0.0,0.0,100.0,100.0,0.0,0.0,29,5,5,5,0,24,2.3262836933135986
5.0,control,12,29,0,0.0,4,0,0.0,0,0,0.0,0.0,0.0,100.0,100.0,0.0,0.0,29,5,4,4,0,25,2.269022226333618
5.0,control,13,29,0,0.0,10,0,0.0,0,0,0.0,0.0,0.0,100.0,100.0,0.0,0.0,29,11,10,10,0,19,2.2114627361297607
5.0,control,14,29,0,0.0,3,0,0.0,0,0,0.0,0.0,0.0,100.0,100.0,0.0,0.0,29,3,3,3,0,26,2.2943484783172607
