awareness_persist_s,mode,trial,animals,detected,det_rate,road_entries,collisions,col_rate,warnings,vehicles_alerted,mean_latency_s,in_range_latency_s,awareness_pct,veh_present_known_pct,veh_coverage_pct,veh_gated_out_pct,frozen_on_road_s,n_foraging,n_approaching,n_hesitating,n_crossing,n_frozen,n_fleeing,wall_seconds
10,detection,0,29,7,0.2413793103448276,7,0,0.0,7,62,8.428571428582444,0.14285714285722,0.981944444444448,100.0,100.0,0.0,0.0,29,7,7,7,0,22,3.5345308780670166
10,detection,1,29,5,0.1724137931034483,5,0,0.0,5,44,9.420000000024356,0.08000000000010914,0.6958333333333395,100.0,100.0,0.0,0.0,29,5,5,5,0,24,3.5508291721343994
10,detection,2,29,7,0.2413793103448276,7,0,0.0,7,62,8.185714285729091,0.2857142857142532,0.981944444444448,100.0,100.0,0.0,0.0,29,8,7,7,0,22,3.6621625423431396
10,detection,3,29,5,0.1724137931034483,5,0,0.0,5,46,11.540000000024884,0.06000000000003638,0.6972222222222284,100.0,100.0,0.0,0.0,29,5,5,5,0,24,3.744868755340576
10,detection,4,29,6,0.20689655172413793,6,2,0.3333333333333333,6,56,10.250000000010138,0.3500000000004964,0.8458333333333415,100.0,100.0,0.0,0.0,29,6,6,6,0,23,3.7064008712768555
10,detection,5,29,10,0.3448275862068966,10,0,0.0,10,92,10.89000000000624,0.400000000000864,1.3972222222222022,100.0,100.0,0.0,0.0,29,10,10,10,0,19,3.6211774349212646
10,detection,6,29,4,0.13793103448275862,4,0,0.0,4,36,10.375000000019753,0.4500000000008697,0.5555555555555597,100.0,100.0,0.0,0.0,29,4,4,4,0,25,3.5446388721466064
10,detection,7,29,8,0.27586206896551724,8,1,0.125,8,72,9.225000000013612,0.3375000000005919,1.1166666666666627,100.0,100.0,0.0,0.0,29,9,8,8,0,21,3.6844191551208496
10,detection,8,29,5,0.1724137931034483,5,1,0.2,5,48,7.580000000004475,0.13999999999991813,0.6986111111111173,100.0,100.0,0.0,0.0,29,6,5,5,0,24,3.4934074878692627
10,detection,9,29,6,0.20689655172413793,6,0,0.0,6,57,8.700000000023138,0.43333333333467766,0.8333333333333414,100.0,100.0,0.0,0.0,29,6,6,6,0,23,3.5025722980499268
10,detection,10,29,4,0.13793103448275862,4,1,0.25,4,36,7.225000000006048,0.2750000000003183,0.5583333333333375,100.0,100.0,0.0,0.0,29,4,4,4,0,25,3.6295242309570312
10,detection,11,29,4,0.13793103448275862,4,1,0.25,4,37,9.450000000003485,0.525000000000098,0.5597222222222265,100.0,100.0,0.0,0.0,29,5,4,4,0,25,3.536161184310913
10,detection,12,29,5,0.1724137931034483,5,0,0.0,5,46,10.68000000001311,0.20000000000013074,0.6958333333333395,100.0,100.0,0.0,0.0,29,5,5,5,0,24,3.635955333709717
10,detection,13,29,7,0.2413793103448276,6,0,0.0,7,63,9.45714285714221,0.25714285714280194,0.9902777777777809,100.0,100.0,0.0,0.0,29,7,6,6,0,23,3.677194118499756
10,detection,14,29,7,0.2413793103448276,7,1,0.14285714285714285,7,66,9.157142857147392,0.21428571428571427,0.9875000000000033,100.0,100.0,0.0,0.0,29,7,7,7,0,22,3.507918119430542
10,aware,0,29,7,0.2413793103448276,7,0,0.0,7,62,8.428571428582444,0.14285714285722,0.981944444444448,100.0,100.0,0.0,0.0,29,7,7,7,0,22,3.7104156017303467
10,aware,1,29,5,0.1724137931034483,5,0,0.0,5,44,9.420000000024356,0.08000000000010914,0.6958333333333395,100.0,100.0,0.0,0.0,29,5,5,5,0,24,3.6211135387420654
10,aware,2,29,7,0.2413793103448276,7,0,0.0,7,62,8.185714285729091,0.2857142857142532,0.981944444444448,100.0,100.0,0.0,0.0,29,8,7,7,0,22,3.5726511478424072
10,aware,3,29,5,0.1724137931034483,5,0,0.0,5,46,11.540000000024884,0.06000000000003638,0.6972222222222284,100.0,100.0,0.0,0.0,29,5,5,5,0,24,3.644630193710327
10,aware,4,29,6,0.20689655172413793,6,2,0.3333333333333333,6,56,10.250000000010138,0.3500000000004964,0.8458333333333415,100.0,100.0,0.0,0.0,29,6,6,6,0,23,3.579871654510498
10,aware,5,29,10,0.3448275862068966,10,0,0.0,10,92,10.89000000000624,0.400000000000864,1.3972222222222022,100.0,100.0,0.0,0.0,29,10,10,10,0,19,3.6479744911193848
10,aware,6,29,4,0.13793103448275862,4,0,0.0,4,36,10.375000000019753,0.4500000000008697,0.5555555555555597,100.0,100.0,0.0,0.0,29,4,4,4,0,25,3.561748743057251
10,aware,7,29,8,0.27586206896551724,8,1,0.125,8,72,9.225000000013612,0.3375000000005919,1.1166666666666627,100.0,100.0,0.0,0.0,29,9,8,8,0,21,3.6297712326049805
10,aware,8,29,5,0.1724137931034483,5,1,0.2,5,48,7.580000000004475,0.13999999999991813,0.6986111111111173,100.0,100.0,0.0,0.0,29,6,5,5,0,24,3.573314905166626
10,aware,9,29,6,0.20689655172413793,6,0,0.0,6,57,8.700000000023138,0.43333333333467766,0.8333333333333414,100.0,100.0,0.0,0.0,29,6,6,6,0,23,3.2430737018585205
10,aware,10,29,4,0.13793103448275862,4,1,0.25,4,36,7.225000000006048,0.2750000000003183,0.5583333333333375,100.0,100.0,0.0,0.0,29,4,4,4,0,25,3.347827196121216
10,aware,11,29,4,0.13793103448275862,4,1,0.25,4,37,9.450000000003485,0.525000000000098,0.5597222222222265,100.0,100.0,0.0,0.0,29,5,4,4,0,25,3.339651346206665
10,aware,12,29,5,0.1724137931034483,5,0,0.0,5,46,10.68000000001311,0.20000000000013074,0.6958333333333395,100.0,100.0,0.0,0.0,29,5,5,5,0,24,3.2270586490631104
10,aware,13,29,7,0.2413793103448276,6,0,0.0,7,63,9.45714285714221,0.25714285714280194,0.9902777777777809,100.0,100.0,0.0,0.0,29,7,6,6,0,23,3.1677393913269043
10,aware,14,29,7,0.2413793103448276,7,1,0.14285714285714285,7,66,9.157142857147392,0.21428571428571427,0.9875000000000033,100.0,100.0,0.0,0.0,29,7,7,7,0,22,3.1676340103149414
10,control,0,29,0,0.0,5,2,0.4,0,0,0.0,0.0,0.0,100.0,100.0,0.0,1.5000000000000002,29,9,5,5,1,25,2.2102513313293457
10,control,1,29,0,0.0,3,0,0.0,0,0,0.0,0.0,0.0,100.0,100.0,0.0,0.0,29,3,3,3,0,26,2.06227707862854
10,control,2,29,0,0.0,4,0,0.0,0,0,0.0,0.0,0.0,100.0,100.0,0.0,3.4000000000000017,29,4,4,5,1,25,2.1477973461151123
10,control,3,29,0,0.0,4,0,0.0,0,0,0.0,0.0,0.0,100.0,100.0,0.0,0.0,29,4,4,4,0,25,2.1173689365386963
10,control,4,29,0,0.0,5,1,0.2,0,0,0.0,0.0,0.0,100.0,100.0,0.0,0.0,29,5,5,5,0,24,2.2116098403930664
10,control,5,29,0,0.0,3,0,0.0,0,0,0.0,0.0,0.0,100.0,100.0,0.0,0.0,29,3,3,3,0,26,2.146336317062378
10,control,6,29,0,0.0,7,2,0.2857142857142857,0,0,0.0,0.0,0.0,100.0,100.0,0.0,0.0,29,7,7,7,0,22,2.1414670944213867
10,control,7,29,0,0.0,9,0,0.0,0,0,0.0,0.0,0.0,100.0,100.0,0.0,7.499999999999989,29,10,9,10,3,22,2.115049362182617
10,control,8,29,0,0.0,4,1,0.25,0,0,0.0,0.0,0.0,100.0,100.0,0.0,0.0,29,5,4,4,0,25,2.1457157135009766
10,control,9,29,0,0.0,6,1,0.16666666666666666,0,0,0.0,0.0,0.0,100.0,100.0,0.0,0.6,29,7,6,6,1,23,2.204378843307495
10,control,10,29,0,0.0,4,1,0.25,0,0,0.0,0.0,0.0,100.0,100.0,0.0,0.0,29,4,4,4,0,25,2.054072856903076
10,control,11,29,0,0.0,5,1,0.2,0,0,0.0,0.0,0.0,100.0,100.0,0.0,0.0,29,5,5,5,0,24,2.1489410400390625
10,control,12,29,0,0.0,4,0,0.0,0,0,0.0,0.0,0.0,100.0,100.0,0.0,0.0,29,5,4,4,0,25,2.169238328933716
10,control,13,29,0,0.0,10,0,0.0,0,0,0.0,0.0,0.0,100.0,100.0,0.0,0.0,29,11,10,10,0,19,2.0731632709503174
10,control,14,29,0,0.0,3,0,0.0,0,0,0.0,0.0,0.0,100.0,100.0,0.0,0.0,29,3,3,3,0,26,2.045668363571167
30,detection,0,29,4,0.13793103448275862,4,0,0.0,4,43,11.550000000007408,0.1499999999998849,1.669444444444409,100.0,100.0,0.0,0.0,29,4,4,4,0,25,3.386490821838379
30,detection,1,29,6,0.20689655172413793,5,1,0.2,6,62,10.066666666667365,0.34999999999990905,2.5069444444443616,100.0,100.0,0.0,0.0,29,6,5,5,0,24,3.4077906608581543
30,detection,2,29,4,0.13793103448275862,4,0,0.0,4,42,7.550000000015359,0.37500000000085265,1.66805555555552,100.0,100.0,0.0,0.0,29,4,4,4,0,25,3.486051082611084
30,detection,3,29,4,0.13793103448275862,4,0,0.0,4,41,10.775000000019872,0.20000000000050022,1.669444444444409,100.0,100.0,0.0,0.0,29,4,4,4,0,25,3.471471071243286
30,detection,4,29,5,0.1724137931034483,5,2,0.4,5,49,8.780000000006543,0.2800000000002683,2.086111111111052,100.0,100.0,0.0,0.0,29,5,5,5,0,24,3.4787869453430176
30,detection,5,29,5,0.1724137931034483,5,0,0.0,5,50,11.320000000018263,0.24000000000005456,2.086111111111052,100.0,100.0,0.0,0.0,29,5,5,5,0,24,3.4810521602630615
30,detection,6,29,7,0.2413793103448276,7,1,0.14285714285714285,7,69,9.814285714298146,0.35714285714326316,2.919444444444338,100.0,100.0,0.0,0.0,29,7,7,7,0,22,3.5531623363494873
30,detection,7,29,5,0.1724137931034483,5,1,0.2,5,51,8.240000000018023,0.3600000000006105,2.0847222222221635,100.0,100.0,0.0,0.0,29,6,5,5,0,24,3.5925891399383545
30,detection,8,29,7,0.2413793103448276,7,0,0.0,7,71,7.32857142858016,0.18571428571427923,2.920833333333227,100.0,100.0,0.0,0.0,29,7,7,7,0,22,3.6539359092712402
30,detection,9,29,4,0.13793103448275862,4,0,0.0,4,40,8.399999999995735,0.1249999999999929,1.66805555555552,100.0,100.0,0.0,0.0,29,4,4,4,0,25,3.5217220783233643
30,detection,10,29,7,0.2413793103448276,7,0,0.0,7,69,10.58571428572902,0.3857142857144546,2.9222222222221155,100.0,100.0,0.0,0.0,29,7,7,7,0,22,3.6353726387023926
30,detection,11,29,8,0.27586206896551724,8,0,0.0,8,81,9.31250000001235,0.35000000000008313,3.336111111110981,100.0,100.0,0.0,0.0,29,8,8,8,0,21,3.5724740028381348
30,detection,12,29,8,0.27586206896551724,7,1,0.14285714285714285,8,79,7.750000000007741,0.5625000000001812,3.3388888888887585,100.0,100.0,0.0,0.0,29,8,7,7,0,22,3.5965869426727295
30,detection,13,29,4,0.13793103448275862,3,0,0.0,4,42,9.100000000000414,0.42499999999969873,1.669444444444409,100.0,100.0,0.0,0.0,29,4,3,3,0,26,3.6174774169921875
30,detection,14,29,5,0.1724137931034483,5,2,0.4,5,50,9.440000000021154,0.2000000000003638,2.086111111111052,100.0,100.0,0.0,0.0,29,5,5,5,0,24,3.6151933670043945
30,aware,0,29,4,0.13793103448275862,4,0,0.0,4,43,11.550000000007408,0.1499999999998849,1.669444444444409,100.0,100.0,0.0,0.0,29,4,4,4,0,25,3.6083550453186035
30,aware,1,29,6,0.20689655172413793,5,1,0.2,6,62,10.066666666667365,0.34999999999990905,2.5069444444443616,100.0,100.0,0.0,0.0,29,6,5,5,0,24,3.7897307872772217
30,aware,2,29,4,0.13793103448275862,4,0,0.0,4,42,7.550000000015359,0.37500000000085265,1.66805555555552,100.0,100.0,0.0,0.0,29,4,4,4,0,25,3.734640598297119
30,aware,3,29,4,0.13793103448275862,4,0,0.0,4,41,10.775000000019872,0.20000000000050022,1.669444444444409,100.0,100.0,0.0,0.0,29,4,4,4,0,25,3.5942790508270264
30,aware,4,29,5,0.1724137931034483,5,2,0.4,5,49,8.780000000006543,0.2800000000002683,2.086111111111052,100.0,100.0,0.0,0.0,29,5,5,5,0,24,3.8764419555664062
30,aware,5,29,5,0.1724137931034483,5,0,0.0,5,50,11.320000000018263,0.24000000000005456,2.086111111111052,100.0,100.0,0.0,0.0,29,5,5,5,0,24,3.7410807609558105
30,aware,6,29,7,0.2413793103448276,7,1,0.14285714285714285,7,69,9.814285714298146,0.35714285714326316,2.919444444444338,100.0,100.0,0.0,0.0,29,7,7,7,0,22,3.805492877960205
30,aware,7,29,5,0.1724137931034483,5,1,0.2,5,51,8.240000000018023,0.3600000000006105,2.0847222222221635,100.0,100.0,0.0,0.0,29,6,5,5,0,24,3.798448085784912
30,aware,8,29,7,0.2413793103448276,7,0,0.0,7,71,7.32857142858016,0.18571428571427923,2.920833333333227,100.0,100.0,0.0,0.0,29,7,7,7,0,22,3.7588906288146973
30,aware,9,29,4,0.13793103448275862,4,0,0.0,4,40,8.399999999995735,0.1249999999999929,1.66805555555552,100.0,100.0,0.0,0.0,29,4,4,4,0,25,3.3800461292266846
30,aware,10,29,7,0.2413793103448276,7,0,0.0,7,69,10.58571428572902,0.3857142857144546,2.9222222222221155,100.0,100.0,0.0,0.0,29,7,7,7,0,22,3.510068416595459
30,aware,11,29,8,0.27586206896551724,8,0,0.0,8,81,9.31250000001235,0.35000000000008313,3.336111111110981,100.0,100.0,0.0,0.0,29,8,8,8,0,21,3.381206512451172
30,aware,12,29,8,0.27586206896551724,7,1,0.14285714285714285,8,79,7.750000000007741,0.5625000000001812,3.3388888888887585,100.0,100.0,0.0,0.0,29,8,7,7,0,22,3.375096321105957
30,aware,13,29,4,0.13793103448275862,3,0,0.0,4,42,9.100000000000414,0.42499999999969873,1.669444444444409,100.0,100.0,0.0,0.0,29,4,3,3,0,26,3.3520355224609375
30,aware,14,29,5,0.1724137931034483,5,2,0.4,5,50,9.440000000021154,0.2000000000003638,2.086111111111052,100.0,100.0,0.0,0.0,29,5,5,5,0,24,3.2310664653778076
30,control,0,29,0,0.0,5,2,0.4,0,0,0.0,0.0,0.0,100.0,100.0,0.0,1.5000000000000002,29,9,5,5,1,25,2.2102513313293457
30,control,1,29,0,0.0,3,0,0.0,0,0,0.0,0.0,0.0,100.0,100.0,0.0,0.0,29,3,3,3,0,26,2.06227707862854
30,control,2,29,0,0.0,4,0,0.0,0,0,0.0,0.0,0.0,100.0,100.0,0.0,3.4000000000000017,29,4,4,5,1,25,2.1477973461151123
30,control,3,29,0,0.0,4,0,0.0,0,0,0.0,0.0,0.0,100.0,100.0,0.0,0.0,29,4,4,4,0,25,2.1173689365386963
30,control,4,29,0,0.0,5,1,0.2,0,0,0.0,0.0,0.0,100.0,100.0,0.0,0.0,29,5,5,5,0,24,2.2116098403930664
30,control,5,29,0,0.0,3,0,0.0,0,0,0.0,0.0,0.0,100.0,100.0,0.0,0.0,29,3,3,3,0,26,2.146336317062378
30,control,6,29,0,0.0,7,2,0.2857142857142857,0,0,0.0,0.0,0.0,100.0,100.0,0.0,0.0,29,7,7,7,0,22,2.1414670944213867
30,control,7,29,0,0.0,9,0,0.0,0,0,0.0,0.0,0.0,100.0,100.0,0.0,7.499999999999989,29,10,9,10,3,22,2.115049362182617
30,control,8,29,0,0.0,4,1,0.25,0,0,0.0,0.0,0.0,100.0,100.0,0.0,0.0,29,5,4,4,0,25,2.1457157135009766
30,control,9,29,0,0.0,6,1,0.16666666666666666,0,0,0.0,0.0,0.0,100.0,100.0,0.0,0.6,29,7,6,6,1,23,2.204378843307495
30,control,10,29,0,0.0,4,1,0.25,0,0,0.0,0.0,0.0,100.0,100.0,0.0,0.0,29,4,4,4,0,25,2.054072856903076
30,control,11,29,0,0.0,5,1,0.2,0,0,0.0,0.0,0.0,100.0,100.0,0.0,0.0,29,5,5,5,0,24,2.1489410400390625
30,control,12,29,0,0.0,4,0,0.0,0,0,0.0,0.0,0.0,100.0,100.0,0.0,0.0,29,5,4,4,0,25,2.169238328933716
30,control,13,29,0,0.0,10,0,0.0,0,0,0.0,0.0,0.0,100.0,100.0,0.0,0.0,29,11,10,10,0,19,2.0731632709503174
30,control,14,29,0,0.0,3,0,0.0,0,0,0.0,0.0,0.0,100.0,100.0,0.0,0.0,29,3,3,3,0,26,2.045668363571167
60,detection,0,29,4,0.13793103448275862,4,0,0.0,4,48,9.24999999999438,0.19999999999983942,3.33749999999987,100.0,100.0,0.0,0.0,29,4,4,4,0,25,3.4343535900115967
60,detection,1,29,9,0.3103448275862069,8,1,0.125,9,106,9.377777777793552,0.22222222222267696,7.5055555555563105,100.0,100.0,0.0,0.0,29,9,8,8,0,21,3.3836288452148438
60,detection,2,29,6,0.20689655172413793,6,0,0.0,6,73,10.33333333335247,0.3000000000008261,5.001388888889075,100.0,100.0,0.0,0.0,29,6,6,6,0,23,3.480821371078491
60,detection,3,29,5,0.1724137931034483,5,1,0.2,5,60,9.380000000015935,0.5600000000016735,4.169444444444441,100.0,100.0,0.0,0.0,29,6,5,5,0,24,3.524569034576416
60,detection,4,29,7,0.2413793103448276,6,1,0.16666666666666666,7,85,9.142857142855503,0.18571428571429546,5.838888888889265,100.0,100.0,0.0,0.0,29,9,6,6,0,23,3.6197402477264404
60,detection,5,29,5,0.1724137931034483,5,1,0.2,5,62,10.799999999998544,0.2199999999997999,4.17222222222222,100.0,100.0,0.0,0.0,29,5,5,5,0,24,3.502856731414795
60,detection,6,29,8,0.27586206896551724,8,0,0.0,8,95,9.112500000020063,0.3625000000009351,6.66805555555612,100.0,100.0,0.0,0.0,29,9,8,8,0,21,3.521507740020752
60,detection,7,29,9,0.3103448275862069,7,2,0.2857142857142857,9,107,7.93333333334421,0.3222222222224755,7.5041666666674205,100.0,100.0,0.0,0.0,29,9,7,7,0,22,3.5064356327056885
60,detection,8,29,5,0.1724137931034483,5,0,0.0,5,58,11.580000000012296,0.22000000000039108,4.168055555555552,100.0,100.0,0.0,0.0,29,5,5,5,0,24,3.6096181869506836
60,detection,9,29,7,0.2413793103448276,7,0,0.0,7,85,8.05714285716,0.17142857142867132,5.833333333333708,100.0,100.0,0.0,0.0,29,7,7,7,0,22,3.5562524795532227
60,detection,10,29,6,0.20689655172413793,6,0,0.0,6,74,9.733333333349796,0.21666666666700016,5.004166666666854,100.0,100.0,0.0,0.0,29,7,6,6,0,23,3.513855457305908
60,detection,11,29,5,0.1724137931034483,5,0,0.0,5,60,7.820000000007826,0.879999999999842,4.169444444444441,100.0,100.0,0.0,0.0,29,5,5,5,0,24,3.6329116821289062
60,detection,12,29,9,0.3103448275862069,9,0,0.0,9,107,9.700000000017601,0.2666666666669515,7.502777777778531,100.0,100.0,0.0,0.0,29,9,9,9,0,20,3.642280101776123
60,detection,13,29,4,0.13793103448275862,4,0,0.0,4,48,10.95000000000362,0.12499999999997158,3.336111111110981,100.0,100.0,0.0,0.0,29,4,4,4,0,25,3.5981223583221436
60,detection,14,29,4,0.13793103448275862,4,1,0.25,4,47,8.925000000012346,0.12500000000034106,3.336111111110981,100.0,100.0,0.0,0.0,29,4,4,4,0,25,3.5890986919403076
60,aware,0,29,4,0.13793103448275862,4,0,0.0,4,48,9.24999999999438,0.19999999999983942,3.33749999999987,100.0,100.0,0.0,0.0,29,4,4,4,0,25,3.647700548171997
60,aware,1,29,9,0.3103448275862069,8,1,0.125,9,106,9.377777777793552,0.22222222222267696,7.5055555555563105,100.0,100.0,0.0,0.0,29,9,8,8,0,21,3.5855553150177
60,aware,2,29,6,0.20689655172413793,6,0,0.0,6,73,10.33333333335247,0.3000000000008261,5.001388888889075,100.0,100.0,0.0,0.0,29,6,6,6,0,23,3.6619670391082764
60,aware,3,29,5,0.1724137931034483,5,1,0.2,5,60,9.380000000015935,0.5600000000016735,4.169444444444441,100.0,100.0,0.0,0.0,29,6,5,5,0,24,3.612051248550415
60,aware,4,29,7,0.2413793103448276,6,1,0.16666666666666666,7,85,9.142857142855503,0.18571428571429546,5.838888888889265,100.0,100.0,0.0,0.0,29,9,6,6,0,23,3.771247625350952
60,aware,5,29,5,0.1724137931034483,5,1,0.2,5,62,10.799999999998544,0.2199999999997999,4.17222222222222,100.0,100.0,0.0,0.0,29,5,5,5,0,24,3.641092300415039
60,aware,6,29,8,0.27586206896551724,8,0,0.0,8,95,9.112500000020063,0.3625000000009351,6.66805555555612,100.0,100.0,0.0,0.0,29,9,8,8,0,21,3.6464991569519043
60,aware,7,29,9,0.3103448275862069,7,2,0.2857142857142857,9,107,7.93333333334421,0.3222222222224755,7.5041666666674205,100.0,100.0,0.0,0.0,29,9,7,7,0,22,3.715914487838745
60,aware,8,29,5,0.1724137931034483,5,0,0.0,5,58,11.580000000012296,0.22000000000039108,4.168055555555552,100.0,100.0,0.0,0.0,29,5,5,5,0,24,3.667210340499878
60,aware,9,29,7,0.2413793103448276,7,0,0.0,7,85,8.05714285716,0.17142857142867132,5.833333333333708,100.0,100.0,0.0,0.0,29,7,7,7,0,22,3.3961167335510254
60,aware,10,29,6,0.20689655172413793,6,0,0.0,6,74,9.733333333349796,0.21666666666700016,5.004166666666854,100.0,100.0,0.0,0.0,29,7,6,6,0,23,3.232778787612915
60,aware,11,29,5,0.1724137931034483,5,0,0.0,5,60,7.820000000007826,0.879999999999842,4.169444444444441,100.0,100.0,0.0,0.0,29,5,5,5,0,24,3.35499906539917
60,aware,12,29,9,0.3103448275862069,9,0,0.0,9,107,9.700000000017601,0.2666666666669515,7.502777777778531,100.0,100.0,0.0,0.0,29,9,9,9,0,20,3.258967638015747
60,aware,13,29,4,0.13793103448275862,4,0,0.0,4,48,10.95000000000362,0.12499999999997158,3.336111111110981,100.0,100.0,0.0,0.0,29,4,4,4,0,25,3.232347249984741
60,aware,14,29,4,0.13793103448275862,4,1,0.25,4,47,8.925000000012346,0.12500000000034106,3.336111111110981,100.0,100.0,0.0,0.0,29,4,4,4,0,25,3.1689376831054688
60,control,0,29,0,0.0,5,2,0.4,0,0,0.0,0.0,0.0,100.0,100.0,0.0,1.5000000000000002,29,9,5,5,1,25,2.2102513313293457
60,control,1,29,0,0.0,3,0,0.0,0,0,0.0,0.0,0.0,100.0,100.0,0.0,0.0,29,3,3,3,0,26,2.06227707862854
60,control,2,29,0,0.0,4,0,0.0,0,0,0.0,0.0,0.0,100.0,100.0,0.0,3.4000000000000017,29,4,4,5,1,25,2.1477973461151123
60,control,3,29,0,0.0,4,0,0.0,0,0,0.0,0.0,0.0,100.0,100.0,0.0,0.0,29,4,4,4,0,25,2.1173689365386963
60,control,4,29,0,0.0,5,1,0.2,0,0,0.0,0.0,0.0,100.0,100.0,0.0,0.0,29,5,5,5,0,24,2.2116098403930664
60,control,5,29,0,0.0,3,0,0.0,0,0,0.0,0.0,0.0,100.0,100.0,0.0,0.0,29,3,3,3,0,26,2.146336317062378
60,control,6,29,0,0.0,7,2,0.2857142857142857,0,0,0.0,0.0,0.0,100.0,100.0,0.0,0.0,29,7,7,7,0,22,2.1414670944213867
60,control,7,29,0,0.0,9,0,0.0,0,0,0.0,0.0,0.0,100.0,100.0,0.0,7.499999999999989,29,10,9,10,3,22,2.115049362182617
60,control,8,29,0,0.0,4,1,0.25,0,0,0.0,0.0,0.0,100.0,100.0,0.0,0.0,29,5,4,4,0,25,2.1457157135009766
60,control,9,29,0,0.0,6,1,0.16666666666666666,0,0,0.0,0.0,0.0,100.0,100.0,0.0,0.6,29,7,6,6,1,23,2.204378843307495
60,control,10,29,0,0.0,4,1,0.25,0,0,0.0,0.0,0.0,100.0,100.0,0.0,0.0,29,4,4,4,0,25,2.054072856903076
60,control,11,29,0,0.0,5,1,0.2,0,0,0.0,0.0,0.0,100.0,100.0,0.0,0.0,29,5,5,5,0,24,2.1489410400390625
60,control,12,29,0,0.0,4,0,0.0,0,0,0.0,0.0,0.0,100.0,100.0,0.0,0.0,29,5,4,4,0,25,2.169238328933716
60,control,13,29,0,0.0,10,0,0.0,0,0,0.0,0.0,0.0,100.0,100.0,0.0,0.0,29,11,10,10,0,19,2.0731632709503174
60,control,14,29,0,0.0,3,0,0.0,0,0,0.0,0.0,0.0,100.0,100.0,0.0,0.0,29,3,3,3,0,26,2.045668363571167
120,detection,0,29,7,0.2413793103448276,7,0,0.0,7,112,8.11428571429799,0.5714285714294282,11.670833333335034,100.0,100.0,0.0,0.0,29,8,7,7,0,22,3.489454507827759
120,detection,1,29,4,0.13793103448275862,4,0,0.0,4,61,11.025000000018736,0.17500000000029559,6.669444444445009,100.0,100.0,0.0,0.0,29,5,4,4,0,25,3.3564114570617676
120,detection,2,29,3,0.10344827586206896,3,0,0.0,3,48,7.866666666687782,0.13333333333359101,5.000000000000186,100.0,100.0,0.0,0.0,29,3,3,3,0,26,3.5871400833129883
120,detection,3,29,7,0.2413793103448276,7,1,0.14285714285714285,7,108,9.700000000016189,0.27142857142871435,11.669444444446146,100.0,100.0,0.0,0.0,29,7,7,7,0,22,3.515719413757324
120,detection,4,29,5,0.1724137931034483,5,2,0.4,5,78,8.960000000016748,0.2800000000004502,8.334722222223165,100.0,100.0,0.0,0.0,29,6,5,5,0,24,3.44832444190979
120,detection,5,29,5,0.1724137931034483,5,0,0.0,5,79,9.880000000013023,0.1799999999998363,8.336111111112054,100.0,100.0,0.0,0.0,29,6,5,5,0,24,3.5951931476593018
120,detection,6,29,8,0.27586206896551724,8,1,0.125,8,123,9.02500000000866,0.2125000000002757,13.33750000000208,100.0,100.0,0.0,0.0,29,8,8,8,0,21,3.5248446464538574
120,detection,7,29,9,0.3103448275862069,9,2,0.2222222222222222,9,141,9.544444444454411,0.2111111111112128,15.004166666668235,100.0,100.0,0.0,0.0,29,9,9,9,0,20,3.4813339710235596
120,detection,8,29,6,0.20689655172413793,6,0,0.0,6,96,8.333333333342276,0.13333333333340155,10.00555555555688,100.0,100.0,0.0,0.0,29,6,6,6,0,23,3.5028433799743652
120,detection,9,29,6,0.20689655172413793,6,0,0.0,6,89,9.95000000001935,0.1333333333335863,10.00138888889021,100.0,100.0,0.0,0.0,29,6,6,6,0,23,3.5982959270477295
120,detection,10,29,5,0.1724137931034483,5,2,0.4,5,78,8.300000000006275,0.26000000000012735,8.337500000000944,100.0,100.0,0.0,0.0,29,5,5,5,0,24,3.7504236698150635
120,detection,11,29,6,0.20689655172413793,6,0,0.0,6,91,8.283333333349484,0.4166666666670693,10.0027777777791,100.0,100.0,0.0,0.0,29,7,6,6,0,23,3.615945339202881
120,detection,12,29,7,0.2413793103448276,7,0,0.0,7,110,11.757142857149002,0.12857142857158368,11.672222222223924,100.0,100.0,0.0,0.0,29,8,7,7,0,22,3.543520927429199
120,detection,13,29,3,0.10344827586206896,3,1,0.3333333333333333,3,45,9.366666666674737,0.16666666666678034,5.001388888889075,100.0,100.0,0.0,0.0,29,3,3,3,0,26,3.6540324687957764
120,detection,14,29,5,0.1724137931034483,5,1,0.2,5,76,8.840000000020245,0.3200000000007094,8.336111111112054,100.0,100.0,0.0,0.0,29,7,5,5,0,24,3.5676660537719727
120,aware,0,29,7,0.2413793103448276,7,0,0.0,7,112,8.11428571429799,0.5714285714294282,11.670833333335034,100.0,100.0,0.0,0.0,29,8,7,7,0,22,3.579519510269165
120,aware,1,29,4,0.13793103448275862,4,0,0.0,4,61,11.025000000018736,0.17500000000029559,6.669444444445009,100.0,100.0,0.0,0.0,29,5,4,4,0,25,3.5781400203704834
120,aware,2,29,3,0.10344827586206896,3,0,0.0,3,48,7.866666666687782,0.13333333333359101,5.000000000000186,100.0,100.0,0.0,0.0,29,3,3,3,0,26,3.67909836769104
120,aware,3,29,7,0.2413793103448276,7,1,0.14285714285714285,7,108,9.700000000016189,0.27142857142871435,11.669444444446146,100.0,100.0,0.0,0.0,29,7,7,7,0,22,3.7487730979919434
120,aware,4,29,5,0.1724137931034483,5,2,0.4,5,78,8.960000000016748,0.2800000000004502,8.334722222223165,100.0,100.0,0.0,0.0,29,6,5,5,0,24,3.628347158432007
120,aware,5,29,5,0.1724137931034483,5,0,0.0,5,79,9.880000000013023,0.1799999999998363,8.336111111112054,100.0,100.0,0.0,0.0,29,6,5,5,0,24,3.7321159839630127
120,aware,6,29,8,0.27586206896551724,8,1,0.125,8,123,9.02500000000866,0.2125000000002757,13.33750000000208,100.0,100.0,0.0,0.0,29,8,8,8,0,21,3.5725879669189453
120,aware,7,29,9,0.3103448275862069,9,2,0.2222222222222222,9,141,9.544444444454411,0.2111111111112128,15.004166666668235,100.0,100.0,0.0,0.0,29,9,9,9,0,20,3.691329002380371
120,aware,8,29,6,0.20689655172413793,6,0,0.0,6,96,8.333333333342276,0.13333333333340155,10.00555555555688,100.0,100.0,0.0,0.0,29,6,6,6,0,23,3.6093311309814453
120,aware,9,29,6,0.20689655172413793,6,0,0.0,6,89,9.95000000001935,0.1333333333335863,10.00138888889021,100.0,100.0,0.0,0.0,29,6,6,6,0,23,3.263380527496338
120,aware,10,29,5,0.1724137931034483,5,2,0.4,5,78,8.300000000006275,0.26000000000012735,8.337500000000944,100.0,100.0,0.0,0.0,29,5,5,5,0,24,3.2036659717559814
120,aware,11,29,6,0.20689655172413793,6,0,0.0,6,91,8.283333333349484,0.4166666666670693,10.0027777777791,100.0,100.0,0.0,0.0,29,7,6,6,0,23,3.183525800704956
120,aware,12,29,7,0.2413793103448276,7,0,0.0,7,110,11.757142857149002,0.12857142857158368,11.672222222223924,100.0,100.0,0.0,0.0,29,8,7,7,0,22,3.232276678085327
120,aware,13,29,3,0.10344827586206896,3,1,0.3333333333333333,3,45,9.366666666674737,0.16666666666678034,5.001388888889075,100.0,100.0,0.0,0.0,29,3,3,3,0,26,3.243093490600586
120,aware,14,29,5,0.1724137931034483,5,1,0.2,5,76,8.840000000020245,0.3200000000007094,8.336111111112054,100.0,100.0,0.0,0.0,29,7,5,5,0,24,3.195535182952881
120,control,0,29,0,0.0,5,2,0.4,0,0,0.0,0.0,0.0,100.0,100.0,0.0,1.5000000000000002,29,9,5,5,1,25,2.2102513313293457
120,control,1,29,0,0.0,3,0,0.0,0,0,0.0,0.0,0.0,100.0,100.0,0.0,0.0,29,3,3,3,0,26,2.06227707862854
120,control,2,29,0,0.0,4,0,0.0,0,0,0.0,0.0,0.0,100.0,100.0,0.0,3.4000000000000017,29,4,4,5,1,25,2.1477973461151123
120,control,3,29,0,0.0,4,0,0.0,0,0,0.0,0.0,0.0,100.0,100.0,0.0,0.0,29,4,4,4,0,25,2.1173689365386963
120,control,4,29,0,0.0,5,1,0.2,0,0,0.0,0.0,0.0,100.0,100.0,0.0,0.0,29,5,5,5,0,24,2.2116098403930664
120,control,5,29,0,0.0,3,0,0.0,0,0,0.0,0.0,0.0,100.0,100.0,0.0,0.0,29,3,3,3,0,26,2.146336317062378
120,control,6,29,0,0.0,7,2,0.2857142857142857,0,0,0.0,0.0,0.0,100.0,100.0,0.0,0.0,29,7,7,7,0,22,2.1414670944213867
120,control,7,29,0,0.0,9,0,0.0,0,0,0.0,0.0,0.0,100.0,100.0,0.0,7.499999999999989,29,10,9,10,3,22,2.115049362182617
120,control,8,29,0,0.0,4,1,0.25,0,0,0.0,0.0,0.0,100.0,100.0,0.0,0.0,29,5,4,4,0,25,2.1457157135009766
120,control,9,29,0,0.0,6,1,0.16666666666666666,0,0,0.0,0.0,0.0,100.0,100.0,0.0,0.6,29,7,6,6,1,23,2.204378843307495
120,control,10,29,0,0.0,4,1,0.25,0,0,0.0,0.0,0.0,100.0,100.0,0.0,0.0,29,4,4,4,0,25,2.054072856903076
120,control,11,29,0,0.0,5,1,0.2,0,0,0.0,0.0,0.0,100.0,100.0,0.0,0.0,29,5,5,5,0,24,2.1489410400390625
120,control,12,29,0,0.0,4,0,0.0,0,0,0.0,0.0,0.0,100.0,100.0,0.0,0.0,29,5,4,4,0,25,2.169238328933716
120,control,13,29,0,0.0,10,0,0.0,0,0,0.0,0.0,0.0,100.0,100.0,0.0,0.0,29,11,10,10,0,19,2.0731632709503174
120,control,14,29,0,0.0,3,0,0.0,0,0,0.0,0.0,0.0,100.0,100.0,0.0,0.0,29,3,3,3,0,26,2.045668363571167
