p_freeze_during_cross_base,mode,trial,animals,detected,det_rate,road_entries,collisions,col_rate,warnings,vehicles_alerted,mean_latency_s,in_range_latency_s,awareness_pct,veh_present_known_pct,veh_coverage_pct,veh_gated_out_pct,frozen_on_road_s,n_foraging,n_approaching,n_hesitating,n_crossing,n_frozen,n_fleeing,wall_seconds
0.0,detection,0,29,4,0.13793103448275862,4,0,0.0,4,43,11.550000000007408,0.1499999999998849,1.669444444444409,100.0,100.0,0.0,0.0,29,4,4,4,0,25,3.536203145980835
0.0,detection,1,29,6,0.20689655172413793,5,1,0.2,6,62,10.066666666667365,0.34999999999990905,2.5069444444443616,100.0,100.0,0.0,0.0,29,6,5,5,0,24,3.511826992034912
0.0,detection,2,29,4,0.13793103448275862,4,0,0.0,4,42,7.550000000015359,0.37500000000085265,1.66805555555552,100.0,100.0,0.0,0.0,29,4,4,4,0,25,3.502389430999756
0.0,detection,3,29,4,0.13793103448275862,4,0,0.0,4,41,10.775000000019872,0.20000000000050022,1.669444444444409,100.0,100.0,0.0,0.0,29,4,4,4,0,25,3.604292392730713
0.0,detection,4,29,5,0.1724137931034483,5,2,0.4,5,49,8.780000000006543,0.2800000000002683,2.086111111111052,100.0,100.0,0.0,0.0,29,5,5,5,0,24,3.568776845932007
0.0,detection,5,29,5,0.1724137931034483,5,0,0.0,5,50,11.320000000018263,0.24000000000005456,2.086111111111052,100.0,100.0,0.0,0.0,29,5,5,5,0,24,3.6615233421325684
0.0,detection,6,29,7,0.2413793103448276,7,1,0.14285714285714285,7,69,9.814285714298146,0.35714285714326316,2.919444444444338,100.0,100.0,0.0,0.0,29,7,7,7,0,22,3.5100042819976807
0.0,detection,7,29,5,0.1724137931034483,5,1,0.2,5,51,8.240000000018023,0.3600000000006105,2.0847222222221635,100.0,100.0,0.0,0.0,29,6,5,5,0,24,3.557854413986206
0.0,detection,8,29,7,0.2413793103448276,7,0,0.0,7,71,7.32857142858016,0.18571428571427923,2.920833333333227,100.0,100.0,0.0,0.0,29,7,7,7,0,22,3.6960625648498535
0.0,detection,9,29,4,0.13793103448275862,4,0,0.0,4,40,8.399999999995735,0.1249999999999929,1.66805555555552,100.0,100.0,0.0,0.0,29,4,4,4,0,25,3.629636287689209
0.0,detection,10,29,7,0.2413793103448276,7,0,0.0,7,69,10.58571428572902,0.3857142857144546,2.9222222222221155,100.0,100.0,0.0,0.0,29,7,7,7,0,22,3.8021538257598877
0.0,detection,11,29,8,0.27586206896551724,8,0,0.0,8,81,9.31250000001235,0.35000000000008313,3.336111111110981,100.0,100.0,0.0,0.0,29,8,8,8,0,21,3.629429340362549
0.0,detection,12,29,8,0.27586206896551724,7,1,0.14285714285714285,8,79,7.750000000007741,0.5625000000001812,3.3388888888887585,100.0,100.0,0.0,0.0,29,8,7,7,0,22,3.6508634090423584
0.0,detection,13,29,4,0.13793103448275862,3,0,0.0,4,42,9.100000000000414,0.42499999999969873,1.669444444444409,100.0,100.0,0.0,0.0,29,4,3,3,0,26,3.6201364994049072
0.0,detection,14,29,5,0.1724137931034483,5,2,0.4,5,50,9.440000000021154,0.2000000000003638,2.086111111111052,100.0,100.0,0.0,0.0,29,5,5,5,0,24,3.765064001083374
0.0,aware,0,29,4,0.13793103448275862,4,0,0.0,4,43,11.550000000007408,0.1499999999998849,1.669444444444409,100.0,100.0,0.0,0.0,29,4,4,4,0,25,3.857698440551758
0.0,aware,1,29,6,0.20689655172413793,5,1,0.2,6,62,10.066666666667365,0.34999999999990905,2.5069444444443616,100.0,100.0,0.0,0.0,29,6,5,5,0,24,3.5868897438049316
0.0,aware,2,29,4,0.13793103448275862,4,0,0.0,4,42,7.550000000015359,0.37500000000085265,1.66805555555552,100.0,100.0,0.0,0.0,29,4,4,4,0,25,3.6947202682495117
0.0,aware,3,29,4,0.13793103448275862,4,0,0.0,4,41,10.775000000019872,0.20000000000050022,1.669444444444409,100.0,100.0,0.0,0.0,29,4,4,4,0,25,3.6077427864074707
0.0,aware,4,29,5,0.1724137931034483,5,2,0.4,5,49,8.780000000006543,0.2800000000002683,2.086111111111052,100.0,100.0,0.0,0.0,29,5,5,5,0,24,3.661149024963379
0.0,aware,5,29,5,0.1724137931034483,5,0,0.0,5,50,11.320000000018263,0.24000000000005456,2.086111111111052,100.0,100.0,0.0,0.0,29,5,5,5,0,24,3.6561391353607178
0.0,aware,6,29,7,0.2413793103448276,7,1,0.14285714285714285,7,69,9.814285714298146,0.35714285714326316,2.919444444444338,100.0,100.0,0.0,0.0,29,7,7,7,0,22,3.5922935009002686
0.0,aware,7,29,5,0.1724137931034483,5,1,0.2,5,51,8.240000000018023,0.3600000000006105,2.0847222222221635,100.0,100.0,0.0,0.0,29,6,5,5,0,24,3.648334503173828
0.0,aware,8,29,7,0.2413793103448276,7,0,0.0,7,71,7.32857142858016,0.18571428571427923,2.920833333333227,100.0,100.0,0.0,0.0,29,7,7,7,0,22,3.6805288791656494
0.0,aware,9,29,4,0.13793103448275862,4,0,0.0,4,40,8.399999999995735,0.1249999999999929,1.66805555555552,100.0,100.0,0.0,0.0,29,4,4,4,0,25,3.233339309692383
0.0,aware,10,29,7,0.2413793103448276,7,0,0.0,7,69,10.58571428572902,0.3857142857144546,2.9222222222221155,100.0,100.0,0.0,0.0,29,7,7,7,0,22,3.2979931831359863
0.0,aware,11,29,8,0.27586206896551724,8,0,0.0,8,81,9.31250000001235,0.35000000000008313,3.336111111110981,100.0,100.0,0.0,0.0,29,8,8,8,0,21,3.192078113555908
0.0,aware,12,29,8,0.27586206896551724,7,1,0.14285714285714285,8,79,7.750000000007741,0.5625000000001812,3.3388888888887585,100.0,100.0,0.0,0.0,29,8,7,7,0,22,3.2671282291412354
0.0,aware,13,29,4,0.13793103448275862,3,0,0.0,4,42,9.100000000000414,0.42499999999969873,1.669444444444409,100.0,100.0,0.0,0.0,29,4,3,3,0,26,3.224635362625122
0.0,aware,14,29,5,0.1724137931034483,5,2,0.4,5,50,9.440000000021154,0.2000000000003638,2.086111111111052,100.0,100.0,0.0,0.0,29,5,5,5,0,24,3.2836291790008545
0.0,control,0,29,0,0.0,5,2,0.4,0,0,0.0,0.0,0.0,100.0,100.0,0.0,1.5000000000000002,29,9,5,5,1,25,2.0555830001831055
0.0,control,1,29,0,0.0,3,0,0.0,0,0,0.0,0.0,0.0,100.0,100.0,0.0,0.0,29,3,3,3,0,26,2.16677188873291
0.0,control,2,29,0,0.0,4,0,0.0,0,0,0.0,0.0,0.0,100.0,100.0,0.0,3.4000000000000017,29,4,4,5,1,25,2.114424467086792
0.0,control,3,29,0,0.0,4,0,0.0,0,0,0.0,0.0,0.0,100.0,100.0,0.0,0.0,29,4,4,4,0,25,2.27549147605896
0.0,control,4,29,0,0.0,5,1,0.2,0,0,0.0,0.0,0.0,100.0,100.0,0.0,0.0,29,5,5,5,0,24,2.162623167037964
0.0,control,5,29,0,0.0,3,0,0.0,0,0,0.0,0.0,0.0,100.0,100.0,0.0,0.0,29,3,3,3,0,26,2.166013717651367
0.0,control,6,29,0,0.0,7,2,0.2857142857142857,0,0,0.0,0.0,0.0,100.0,100.0,0.0,0.0,29,7,7,7,0,22,2.1816508769989014
0.0,control,7,29,0,0.0,9,0,0.0,0,0,0.0,0.0,0.0,100.0,100.0,0.0,7.499999999999989,29,10,9,10,3,22,2.2008135318756104
0.0,control,8,29,0,0.0,4,1,0.25,0,0,0.0,0.0,0.0,100.0,100.0,0.0,0.0,29,5,4,4,0,25,2.1349406242370605
0.0,control,9,29,0,0.0,6,1,0.16666666666666666,0,0,0.0,0.0,0.0,100.0,100.0,0.0,0.6,29,7,6,6,1,23,2.142900228500366
0.0,control,10,29,0,0.0,4,1,0.25,0,0,0.0,0.0,0.0,100.0,100.0,0.0,0.0,29,4,4,4,0,25,2.051318645477295
0.0,control,11,29,0,0.0,5,1,0.2,0,0,0.0,0.0,0.0,100.0,100.0,0.0,0.0,29,5,5,5,0,24,2.077594518661499
0.0,control,12,29,0,0.0,4,0,0.0,0,0,0.0,0.0,0.0,100.0,100.0,0.0,0.0,29,5,4,4,0,25,2.077218770980835
0.0,control,13,29,0,0.0,10,0,0.0,0,0,0.0,0.0,0.0,100.0,100.0,0.0,0.0,29,11,10,10,0,19,2.0661308765411377
0.0,control,14,29,0,0.0,3,0,0.0,0,0,0.0,0.0,0.0,100.0,100.0,0.0,0.0,29,3,3,3,0,26,2.060727119445801
0.05,detection,0,29,4,0.13793103448275862,4,0,0.0,4,43,11.550000000007408,0.1499999999998849,1.669444444444409,100.0,100.0,0.0,0.0,29,4,4,4,0,25,3.4517455101013184
0.05,detection,1,29,6,0.20689655172413793,5,1,0.2,6,62,10.066666666667365,0.34999999999990905,2.5069444444443616,100.0,100.0,0.0,0.0,29,6,5,5,0,24,3.5377652645111084
0.05,detection,2,29,4,0.13793103448275862,4,0,0.0,4,42,7.550000000015359,0.37500000000085265,1.66805555555552,100.0,100.0,0.0,0.0,29,4,4,4,0,25,3.4189720153808594
0.05,detection,3,29,4,0.13793103448275862,4,0,0.0,4,41,10.775000000019872,0.20000000000050022,1.669444444444409,100.0,100.0,0.0,0.0,29,4,4,4,0,25,3.509782552719116
0.05,detection,4,29,5,0.1724137931034483,5,2,0.4,5,49,8.780000000006543,0.2800000000002683,2.086111111111052,100.0,100.0,0.0,0.0,29,5,5,5,0,24,3.506681203842163
0.05,detection,5,29,5,0.1724137931034483,5,0,0.0,5,50,11.320000000018263,0.24000000000005456,2.086111111111052,100.0,100.0,0.0,0.0,29,5,5,5,0,24,3.5393738746643066
0.05,detection,6,29,7,0.2413793103448276,7,1,0.14285714285714285,7,69,9.814285714298146,0.35714285714326316,2.919444444444338,100.0,100.0,0.0,0.0,29,7,7,7,0,22,3.588770866394043
0.05,detection,7,29,5,0.1724137931034483,5,1,0.2,5,51,8.240000000018023,0.3600000000006105,2.0847222222221635,100.0,100.0,0.0,0.0,29,6,5,5,0,24,3.437922239303589
0.05,detection,8,29,7,0.2413793103448276,7,0,0.0,7,71,7.32857142858016,0.18571428571427923,2.920833333333227,100.0,100.0,0.0,0.0,29,7,7,7,0,22,3.6961679458618164
0.05,detection,9,29,4,0.13793103448275862,4,0,0.0,4,40,8.399999999995735,0.1249999999999929,1.66805555555552,100.0,100.0,0.0,0.0,29,4,4,4,0,25,3.661051034927368
0.05,detection,10,29,7,0.2413793103448276,7,0,0.0,7,69,10.58571428572902,0.3857142857144546,2.9222222222221155,100.0,100.0,0.0,0.0,29,7,7,7,0,22,3.68796443939209
0.05,detection,11,29,8,0.27586206896551724,8,0,0.0,8,81,9.31250000001235,0.35000000000008313,3.336111111110981,100.0,100.0,0.0,0.0,29,8,8,8,0,21,3.565795421600342
0.05,detection,12,29,8,0.27586206896551724,7,1,0.14285714285714285,8,79,7.750000000007741,0.5625000000001812,3.3388888888887585,100.0,100.0,0.0,0.0,29,8,7,7,0,22,3.6456198692321777
0.05,detection,13,29,4,0.13793103448275862,3,0,0.0,4,42,9.100000000000414,0.42499999999969873,1.669444444444409,100.0,100.0,0.0,0.0,29,4,3,3,0,26,3.629561185836792
0.05,detection,14,29,5,0.1724137931034483,5,2,0.4,5,50,9.440000000021154,0.2000000000003638,2.086111111111052,100.0,100.0,0.0,0.0,29,5,5,5,0,24,3.7150073051452637
0.05,aware,0,29,4,0.13793103448275862,4,0,0.0,4,43,11.550000000007408,0.1499999999998849,1.669444444444409,100.0,100.0,0.0,0.0,29,4,4,4,0,25,3.7067878246307373
0.05,aware,1,29,6,0.20689655172413793,5,1,0.2,6,62,10.066666666667365,0.34999999999990905,2.5069444444443616,100.0,100.0,0.0,0.0,29,6,5,5,0,24,3.6640257835388184
0.05,aware,2,29,4,0.13793103448275862,4,0,0.0,4,42,7.550000000015359,0.37500000000085265,1.66805555555552,100.0,100.0,0.0,0.0,29,4,4,4,0,25,3.6172215938568115
0.05,aware,3,29,4,0.13793103448275862,4,0,0.0,4,41,10.775000000019872,0.20000000000050022,1.669444444444409,100.0,100.0,0.0,0.0,29,4,4,4,0,25,3.7393298149108887
0.05,aware,4,29,5,0.1724137931034483,5,2,0.4,5,49,8.780000000006543,0.2800000000002683,2.086111111111052,100.0,100.0,0.0,0.0,29,5,5,5,0,24,3.5881526470184326
0.05,aware,5,29,5,0.1724137931034483,5,0,0.0,5,50,11.320000000018263,0.24000000000005456,2.086111111111052,100.0,100.0,0.0,0.0,29,5,5,5,0,24,3.679612636566162
0.05,aware,6,29,7,0.2413793103448276,7,1,0.14285714285714285,7,69,9.814285714298146,0.35714285714326316,2.919444444444338,100.0,100.0,0.0,0.0,29,7,7,7,0,22,3.705021619796753
0.05,aware,7,29,5,0.1724137931034483,5,1,0.2,5,51,8.240000000018023,0.3600000000006105,2.0847222222221635,100.0,100.0,0.0,0.0,29,6,5,5,0,24,3.640993118286133
0.05,aware,8,29,7,0.2413793103448276,7,0,0.0,7,71,7.32857142858016,0.18571428571427923,2.920833333333227,100.0,100.0,0.0,0.0,29,7,7,7,0,22,3.648473024368286
0.05,aware,9,29,4,0.13793103448275862,4,0,0.0,4,40,8.399999999995735,0.1249999999999929,1.66805555555552,100.0,100.0,0.0,0.0,29,4,4,4,0,25,3.372560501098633
0.05,aware,10,29,7,0.2413793103448276,7,0,0.0,7,69,10.58571428572902,0.3857142857144546,2.9222222222221155,100.0,100.0,0.0,0.0,29,7,7,7,0,22,3.4092977046966553
0.05,aware,11,29,8,0.27586206896551724,8,0,0.0,8,81,9.31250000001235,0.35000000000008313,3.336111111110981,100.0,100.0,0.0,0.0,29,8,8,8,0,21,3.4557807445526123
0.05,aware,12,29,8,0.27586206896551724,7,1,0.14285714285714285,8,79,7.750000000007741,0.5625000000001812,3.3388888888887585,100.0,100.0,0.0,0.0,29,8,7,7,0,22,3.3713250160217285
0.05,aware,13,29,4,0.13793103448275862,3,0,0.0,4,42,9.100000000000414,0.42499999999969873,1.669444444444409,100.0,100.0,0.0,0.0,29,4,3,3,0,26,3.4054148197174072
0.05,aware,14,29,5,0.1724137931034483,5,2,0.4,5,50,9.440000000021154,0.2000000000003638,2.086111111111052,100.0,100.0,0.0,0.0,29,5,5,5,0,24,3.3571839332580566
0.05,control,0,29,0,0.0,5,2,0.4,0,0,0.0,0.0,0.0,100.0,100.0,0.0,1.5000000000000002,29,9,5,5,1,25,2.0555830001831055
0.05,control,1,29,0,0.0,3,0,0.0,0,0,0.0,0.0,0.0,100.0,100.0,0.0,0.0,29,3,3,3,0,26,2.16677188873291
0.05,control,2,29,0,0.0,4,0,0.0,0,0,0.0,0.0,0.0,100.0,100.0,0.0,3.4000000000000017,29,4,4,5,1,25,2.114424467086792
0.05,control,3,29,0,0.0,4,0,0.0,0,0,0.0,0.0,0.0,100.0,100.0,0.0,0.0,29,4,4,4,0,25,2.27549147605896
0.05,control,4,29,0,0.0,5,1,0.2,0,0,0.0,0.0,0.0,100.0,100.0,0.0,0.0,29,5,5,5,0,24,2.162623167037964
0.05,control,5,29,0,0.0,3,0,0.0,0,0,0.0,0.0,0.0,100.0,100.0,0.0,0.0,29,3,3,3,0,26,2.166013717651367
0.05,control,6,29,0,0.0,7,2,0.2857142857142857,0,0,0.0,0.0,0.0,100.0,100.0,0.0,0.0,29,7,7,7,0,22,2.1816508769989014
0.05,control,7,29,0,0.0,9,0,0.0,0,0,0.0,0.0,0.0,100.0,100.0,0.0,7.499999999999989,29,10,9,10,3,22,2.2008135318756104
0.05,control,8,29,0,0.0,4,1,0.25,0,0,0.0,0.0,0.0,100.0,100.0,0.0,0.0,29,5,4,4,0,25,2.1349406242370605
0.05,control,9,29,0,0.0,6,1,0.16666666666666666,0,0,0.0,0.0,0.0,100.0,100.0,0.0,0.6,29,7,6,6,1,23,2.142900228500366
0.05,control,10,29,0,0.0,4,1,0.25,0,0,0.0,0.0,0.0,100.0,100.0,0.0,0.0,29,4,4,4,0,25,2.051318645477295
0.05,control,11,29,0,0.0,5,1,0.2,0,0,0.0,0.0,0.0,100.0,100.0,0.0,0.0,29,5,5,5,0,24,2.077594518661499
0.05,control,12,29,0,0.0,4,0,0.0,0,0,0.0,0.0,0.0,100.0,100.0,0.0,0.0,29,5,4,4,0,25,2.077218770980835
0.05,control,13,29,0,0.0,10,0,0.0,0,0,0.0,0.0,0.0,100.0,100.0,0.0,0.0,29,11,10,10,0,19,2.0661308765411377
0.05,control,14,29,0,0.0,3,0,0.0,0,0,0.0,0.0,0.0,100.0,100.0,0.0,0.0,29,3,3,3,0,26,2.060727119445801
0.15,detection,0,29,4,0.13793103448275862,4,0,0.0,4,43,11.550000000007408,0.1499999999998849,1.669444444444409,100.0,100.0,0.0,0.0,29,4,4,4,0,25,3.7790687084198
0.15,detection,1,29,6,0.20689655172413793,5,1,0.2,6,62,10.066666666667365,0.34999999999990905,2.5069444444443616,100.0,100.0,0.0,0.0,29,6,5,5,0,24,3.6961348056793213
0.15,detection,2,29,4,0.13793103448275862,4,0,0.0,4,42,7.550000000015359,0.37500000000085265,1.66805555555552,100.0,100.0,0.0,0.0,29,4,4,4,0,25,3.7617874145507812
0.15,detection,3,29,4,0.13793103448275862,4,0,0.0,4,41,10.775000000019872,0.20000000000050022,1.669444444444409,100.0,100.0,0.0,0.0,29,4,4,4,0,25,3.709373950958252
0.15,detection,4,29,5,0.1724137931034483,5,2,0.4,5,49,8.780000000006543,0.2800000000002683,2.086111111111052,100.0,100.0,0.0,0.0,29,5,5,5,0,24,3.750507116317749
0.15,detection,5,29,5,0.1724137931034483,5,0,0.0,5,50,11.320000000018263,0.24000000000005456,2.086111111111052,100.0,100.0,0.0,0.0,29,5,5,5,0,24,3.688150405883789
0.15,detection,6,29,7,0.2413793103448276,7,1,0.14285714285714285,7,69,9.814285714298146,0.35714285714326316,2.919444444444338,100.0,100.0,0.0,0.0,29,7,7,7,0,22,3.7267794609069824
0.15,detection,7,29,5,0.1724137931034483,5,1,0.2,5,51,8.240000000018023,0.3600000000006105,2.0847222222221635,100.0,100.0,0.0,0.0,29,6,5,5,0,24,3.7057058811187744
0.15,detection,8,29,7,0.2413793103448276,7,0,0.0,7,71,7.32857142858016,0.18571428571427923,2.920833333333227,100.0,100.0,0.0,0.0,29,7,7,7,0,22,3.7313942909240723
0.15,detection,9,29,4,0.13793103448275862,4,0,0.0,4,40,8.399999999995735,0.1249999999999929,1.66805555555552,100.0,100.0,0.0,0.0,29,4,4,4,0,25,3.7647128105163574
0.15,detection,10,29,7,0.2413793103448276,7,0,0.0,7,69,10.58571428572902,0.3857142857144546,2.9222222222221155,100.0,100.0,0.0,0.0,29,7,7,7,0,22,3.7635631561279297
0.15,detection,11,29,8,0.27586206896551724,8,0,0.0,8,81,9.31250000001235,0.35000000000008313,3.336111111110981,100.0,100.0,0.0,0.0,29,8,8,8,0,21,3.791797637939453
0.15,detection,12,29,8,0.27586206896551724,7,1,0.14285714285714285,8,79,7.750000000007741,0.5625000000001812,3.3388888888887585,100.0,100.0,0.0,0.0,29,8,7,7,0,22,3.717417001724243
0.15,detection,13,29,4,0.13793103448275862,3,0,0.0,4,42,9.100000000000414,0.42499999999969873,1.669444444444409,100.0,100.0,0.0,0.0,29,4,3,3,0,26,3.604557752609253
0.15,detection,14,29,5,0.1724137931034483,5,2,0.4,5,50,9.440000000021154,0.2000000000003638,2.086111111111052,100.0,100.0,0.0,0.0,29,5,5,5,0,24,3.7254245281219482
0.15,aware,0,29,4,0.13793103448275862,4,0,0.0,4,43,11.550000000007408,0.1499999999998849,1.669444444444409,100.0,100.0,0.0,0.0,29,4,4,4,0,25,3.6208717823028564
0.15,aware,1,29,6,0.20689655172413793,5,1,0.2,6,62,10.066666666667365,0.34999999999990905,2.5069444444443616,100.0,100.0,0.0,0.0,29,6,5,5,0,24,3.6754701137542725
0.15,aware,2,29,4,0.13793103448275862,4,0,0.0,4,42,7.550000000015359,0.37500000000085265,1.66805555555552,100.0,100.0,0.0,0.0,29,4,4,4,0,25,3.761326551437378
0.15,aware,3,29,4,0.13793103448275862,4,0,0.0,4,41,10.775000000019872,0.20000000000050022,1.669444444444409,100.0,100.0,0.0,0.0,29,4,4,4,0,25,3.8048031330108643
0.15,aware,4,29,5,0.1724137931034483,5,2,0.4,5,49,8.780000000006543,0.2800000000002683,2.086111111111052,100.0,100.0,0.0,0.0,29,5,5,5,0,24,3.6856820583343506
0.15,aware,5,29,5,0.1724137931034483,5,0,0.0,5,50,11.320000000018263,0.24000000000005456,2.086111111111052,100.0,100.0,0.0,0.0,29,5,5,5,0,24,3.8279061317443848
0.15,aware,6,29,7,0.2413793103448276,7,1,0.14285714285714285,7,69,9.814285714298146,0.35714285714326316,2.919444444444338,100.0,100.0,0.0,0.0,29,7,7,7,0,22,3.8590612411499023
0.15,aware,7,29,5,0.1724137931034483,5,1,0.2,5,51,8.240000000018023,0.3600000000006105,2.0847222222221635,100.0,100.0,0.0,0.0,29,6,5,5,0,24,3.7372617721557617
0.15,aware,8,29,7,0.2413793103448276,7,0,0.0,7,71,7.32857142858016,0.18571428571427923,2.920833333333227,100.0,100.0,0.0,0.0,29,7,7,7,0,22,3.864034414291382
0.15,aware,9,29,4,0.13793103448275862,4,0,0.0,4,40,8.399999999995735,0.1249999999999929,1.66805555555552,100.0,100.0,0.0,0.0,29,4,4,4,0,25,3.382378339767456
0.15,aware,10,29,7,0.2413793103448276,7,0,0.0,7,69,10.58571428572902,0.3857142857144546,2.9222222222221155,100.0,100.0,0.0,0.0,29,7,7,7,0,22,3.4450438022613525
0.15,aware,11,29,8,0.27586206896551724,8,0,0.0,8,81,9.31250000001235,0.35000000000008313,3.336111111110981,100.0,100.0,0.0,0.0,29,8,8,8,0,21,3.333400011062622
0.15,aware,12,29,8,0.27586206896551724,7,1,0.14285714285714285,8,79,7.750000000007741,0.5625000000001812,3.3388888888887585,100.0,100.0,0.0,0.0,29,8,7,7,0,22,3.358863115310669
0.15,aware,13,29,4,0.13793103448275862,3,0,0.0,4,42,9.100000000000414,0.42499999999969873,1.669444444444409,100.0,100.0,0.0,0.0,29,4,3,3,0,26,3.399664878845215
0.15,aware,14,29,5,0.1724137931034483,5,2,0.4,5,50,9.440000000021154,0.2000000000003638,2.086111111111052,100.0,100.0,0.0,0.0,29,5,5,5,0,24,3.3403024673461914
0.15,control,0,29,0,0.0,5,2,0.4,0,0,0.0,0.0,0.0,100.0,100.0,0.0,1.5000000000000002,29,9,5,5,1,25,2.0555830001831055
0.15,control,1,29,0,0.0,3,0,0.0,0,0,0.0,0.0,0.0,100.0,100.0,0.0,0.0,29,3,3,3,0,26,2.16677188873291
0.15,control,2,29,0,0.0,4,0,0.0,0,0,0.0,0.0,0.0,100.0,100.0,0.0,3.4000000000000017,29,4,4,5,1,25,2.114424467086792
0.15,control,3,29,0,0.0,4,0,0.0,0,0,0.0,0.0,0.0,100.0,100.0,0.0,0.0,29,4,4,4,0,25,2.27549147605896
0.15,control,4,29,0,0.0,5,1,0.2,0,0,0.0,0.0,0.0,100.0,100.0,0.0,0.0,29,5,5,5,0,24,2.162623167037964
0.15,control,5,29,0,0.0,3,0,0.0,0,0,0.0,0.0,0.0,100.0,100.0,0.0,0.0,29,3,3,3,0,26,2.166013717651367
0.15,control,6,29,0,0.0,7,2,0.2857142857142857,0,0,0.0,0.0,0.0,100.0,100.0,0.0,0.0,29,7,7,7,0,22,2.1816508769989014
0.15,control,7,29,0,0.0,9,0,0.0,0,0,0.0,0.0,0.0,100.0,100.0,0.0,7.499999999999989,29,10,9,10,3,22,2.2008135318756104
0.15,control,8,29,0,0.0,4,1,0.25,0,0,0.0,0.0,0.0,100.0,100.0,0.0,0.0,29,5,4,4,0,25,2.1349406242370605
0.15,control,9,29,0,0.0,6,1,0.16666666666666666,0,0,0.0,0.0,0.0,100.0,100.0,0.0,0.6,29,7,6,6,1,23,2.142900228500366
0.15,control,10,29,0,0.0,4,1,0.25,0,0,0.0,0.0,0.0,100.0,100.0,0.0,0.0,29,4,4,4,0,25,2.051318645477295
0.15,control,11,29,0,0.0,5,1,0.2,0,0,0.0,0.0,0.0,100.0,100.0,0.0,0.0,29,5,5,5,0,24,2.077594518661499
0.15,control,12,29,0,0.0,4,0,0.0,0,0,0.0,0.0,0.0,100.0,100.0,0.0,0.0,29,5,4,4,0,25,2.077218770980835
0.15,control,13,29,0,0.0,10,0,0.0,0,0,0.0,0.0,0.0,100.0,100.0,0.0,0.0,29,11,10,10,0,19,2.0661308765411377
0.15,control,14,29,0,0.0,3,0,0.0,0,0,0.0,0.0,0.0,100.0,100.0,0.0,0.0,29,3,3,3,0,26,2.060727119445801
0.3,detection,0,29,4,0.13793103448275862,4,0,0.0,4,43,11.550000000007408,0.1499999999998849,1.669444444444409,100.0,100.0,0.0,0.0,29,4,4,4,0,25,3.4722697734832764
0.3,detection,1,29,6,0.20689655172413793,5,1,0.2,6,62,10.066666666667365,0.34999999999990905,2.5069444444443616,100.0,100.0,0.0,0.0,29,6,5,5,0,24,3.3507471084594727
0.3,detection,2,29,4,0.13793103448275862,4,0,0.0,4,42,7.550000000015359,0.37500000000085265,1.66805555555552,100.0,100.0,0.0,0.0,29,4,4,4,0,25,3.5336215496063232
0.3,detection,3,29,4,0.13793103448275862,4,0,0.0,4,41,10.775000000019872,0.20000000000050022,1.669444444444409,100.0,100.0,0.0,0.0,29,4,4,4,0,25,3.5419139862060547
0.3,detection,4,29,5,0.1724137931034483,5,2,0.4,5,49,8.780000000006543,0.2800000000002683,2.086111111111052,100.0,100.0,0.0,0.0,29,5,5,5,0,24,3.502650260925293
0.3,detection,5,29,5,0.1724137931034483,5,0,0.0,5,50,11.320000000018263,0.24000000000005456,2.086111111111052,100.0,100.0,0.0,0.0,29,5,5,5,0,24,3.5463063716888428
0.3,detection,6,29,7,0.2413793103448276,7,1,0.14285714285714285,7,69,9.814285714298146,0.35714285714326316,2.919444444444338,100.0,100.0,0.0,0.0,29,7,7,7,0,22,3.554065465927124
0.3,detection,7,29,5,0.1724137931034483,5,1,0.2,5,51,8.240000000018023,0.3600000000006105,2.0847222222221635,100.0,100.0,0.0,0.0,29,6,5,5,0,24,3.6085689067840576
0.3,detection,8,29,7,0.2413793103448276,7,0,0.0,7,71,7.32857142858016,0.18571428571427923,2.920833333333227,100.0,100.0,0.0,0.0,29,7,7,7,0,22,3.7047278881073
0.3,detection,9,29,4,0.13793103448275862,4,0,0.0,4,40,8.399999999995735,0.1249999999999929,1.66805555555552,100.0,100.0,0.0,0.0,29,4,4,4,0,25,3.7667665481567383
0.3,detection,10,29,7,0.2413793103448276,7,0,0.0,7,69,10.58571428572902,0.3857142857144546,2.9222222222221155,100.0,100.0,0.0,0.0,29,7,7,7,0,22,3.7712574005126953
0.3,detection,11,29,8,0.27586206896551724,8,0,0.0,8,81,9.31250000001235,0.35000000000008313,3.336111111110981,100.0,100.0,0.0,0.0,29,8,8,8,0,21,3.7860195636749268
0.3,detection,12,29,8,0.27586206896551724,7,1,0.14285714285714285,8,79,7.750000000007741,0.5625000000001812,3.3388888888887585,100.0,100.0,0.0,0.0,29,8,7,7,0,22,3.7798218727111816
0.3,detection,13,29,4,0.13793103448275862,3,0,0.0,4,42,9.100000000000414,0.42499999999969873,1.669444444444409,100.0,100.0,0.0,0.0,29,4,3,3,0,26,3.8372528553009033
0.3,detection,14,29,5,0.1724137931034483,5,2,0.4,5,50,9.440000000021154,0.2000000000003638,2.086111111111052,100.0,100.0,0.0,0.0,29,5,5,5,0,24,3.7705588340759277
0.3,aware,0,29,4,0.13793103448275862,4,0,0.0,4,43,11.550000000007408,0.1499999999998849,1.669444444444409,100.0,100.0,0.0,0.0,29,4,4,4,0,25,3.845621109008789
0.3,aware,1,29,6,0.20689655172413793,5,1,0.2,6,62,10.066666666667365,0.34999999999990905,2.5069444444443616,100.0,100.0,0.0,0.0,29,6,5,5,0,24,3.639948844909668
0.3,aware,2,29,4,0.13793103448275862,4,0,0.0,4,42,7.550000000015359,0.37500000000085265,1.66805555555552,100.0,100.0,0.0,0.0,29,4,4,4,0,25,3.6235833168029785
0.3,aware,3,29,4,0.13793103448275862,4,0,0.0,4,41,10.775000000019872,0.20000000000050022,1.669444444444409,100.0,100.0,0.0,0.0,29,4,4,4,0,25,3.6835954189300537
0.3,aware,4,29,5,0.1724137931034483,5,2,0.4,5,49,8.780000000006543,0.2800000000002683,2.086111111111052,100.0,100.0,0.0,0.0,29,5,5,5,0,24,3.8124923706054688
0.3,aware,5,29,5,0.1724137931034483,5,0,0.0,5,50,11.320000000018263,0.24000000000005456,2.086111111111052,100.0,100.0,0.0,0.0,29,5,5,5,0,24,3.6041762828826904
0.3,aware,6,29,7,0.2413793103448276,7,1,0.14285714285714285,7,69,9.814285714298146,0.35714285714326316,2.919444444444338,100.0,100.0,0.0,0.0,29,7,7,7,0,22,3.6786582469940186
0.3,aware,7,29,5,0.1724137931034483,5,1,0.2,5,51,8.240000000018023,0.3600000000006105,2.0847222222221635,100.0,100.0,0.0,0.0,29,6,5,5,0,24,3.7324981689453125
0.3,aware,8,29,7,0.2413793103448276,7,0,0.0,7,71,7.32857142858016,0.18571428571427923,2.920833333333227,100.0,100.0,0.0,0.0,29,7,7,7,0,22,3.6923649311065674
0.3,aware,9,29,4,0.13793103448275862,4,0,0.0,4,40,8.399999999995735,0.1249999999999929,1.66805555555552,100.0,100.0,0.0,0.0,29,4,4,4,0,25,3.324099540710449
0.3,aware,10,29,7,0.2413793103448276,7,0,0.0,7,69,10.58571428572902,0.3857142857144546,2.9222222222221155,100.0,100.0,0.0,0.0,29,7,7,7,0,22,3.268031358718872
0.3,aware,11,29,8,0.27586206896551724,8,0,0.0,8,81,9.31250000001235,0.35000000000008313,3.336111111110981,100.0,100.0,0.0,0.0,29,8,8,8,0,21,3.195692300796509
0.3,aware,12,29,8,0.27586206896551724,7,1,0.14285714285714285,8,79,7.750000000007741,0.5625000000001812,3.3388888888887585,100.0,100.0,0.0,0.0,29,8,7,7,0,22,3.1977109909057617
0.3,aware,13,29,4,0.13793103448275862,3,0,0.0,4,42,9.100000000000414,0.42499999999969873,1.669444444444409,100.0,100.0,0.0,0.0,29,4,3,3,0,26,3.169463872909546
0.3,aware,14,29,5,0.1724137931034483,5,2,0.4,5,50,9.440000000021154,0.2000000000003638,2.086111111111052,100.0,100.0,0.0,0.0,29,5,5,5,0,24,3.2265803813934326
0.3,control,0,29,0,0.0,5,2,0.4,0,0,0.0,0.0,0.0,100.0,100.0,0.0,1.5000000000000002,29,9,5,5,1,25,2.0555830001831055
0.3,control,1,29,0,0.0,3,0,0.0,0,0,0.0,0.0,0.0,100.0,100.0,0.0,0.0,29,3,3,3,0,26,2.16677188873291
0.3,control,2,29,0,0.0,4,0,0.0,0,0,0.0,0.0,0.0,100.0,100.0,0.0,3.4000000000000017,29,4,4,5,1,25,2.114424467086792
0.3,control,3,29,0,0.0,4,0,0.0,0,0,0.0,0.0,0.0,100.0,100.0,0.0,0.0,29,4,4,4,0,25,2.27549147605896
0.3,control,4,29,0,0.0,5,1,0.2,0,0,0.0,0.0,0.0,100.0,100.0,0.0,0.0,29,5,5,5,0,24,2.162623167037964
0.3,control,5,29,0,0.0,3,0,0.0,0,0,0.0,0.0,0.0,100.0,100.0,0.0,0.0,29,3,3,3,0,26,2.166013717651367
0.3,control,6,29,0,0.0,7,2,0.2857142857142857,0,0,0.0,0.0,0.0,100.0,100.0,0.0,0.0,29,7,7,7,0,22,2.1816508769989014
0.3,control,7,29,0,0.0,9,0,0.0,0,0,0.0,0.0,0.0,100.0,100.0,0.0,7.499999999999989,29,10,9,10,3,22,2.2008135318756104
0.3,control,8,29,0,0.0,4,1,0.25,0,0,0.0,0.0,0.0,100.0,100.0,0.0,0.0,29,5,4,4,0,25,2.1349406242370605
0.3,control,9,29,0,0.0,6,1,0.16666666666666666,0,0,0.0,0.0,0.0,100.0,100.0,0.0,0.6,29,7,6,6,1,23,2.142900228500366
0.3,control,10,29,0,0.0,4,1,0.25,0,0,0.0,0.0,0.0,100.0,100.0,0.0,0.0,29,4,4,4,0,25,2.051318645477295
0.3,control,11,29,0,0.0,5,1,0.2,0,0,0.0,0.0,0.0,100.0,100.0,0.0,0.0,29,5,5,5,0,24,2.077594518661499
0.3,control,12,29,0,0.0,4,0,0.0,0,0,0.0,0.0,0.0,100.0,100.0,0.0,0.0,29,5,4,4,0,25,2.077218770980835
0.3,control,13,29,0,0.0,10,0,0.0,0,0,0.0,0.0,0.0,100.0,100.0,0.0,0.0,29,11,10,10,0,19,2.0661308765411377
0.3,control,14,29,0,0.0,3,0,0.0,0,0,0.0,0.0,0.0,100.0,100.0,0.0,0.0,29,3,3,3,0,26,2.060727119445801
0.5,detection,0,29,4,0.13793103448275862,4,0,0.0,4,43,11.550000000007408,0.1499999999998849,1.669444444444409,100.0,100.0,0.0,0.0,29,4,4,4,0,25,3.8441004753112793
0.5,detection,1,29,6,0.20689655172413793,5,1,0.2,6,62,10.066666666667365,0.34999999999990905,2.5069444444443616,100.0,100.0,0.0,0.0,29,6,5,5,0,24,3.8253753185272217
0.5,detection,2,29,4,0.13793103448275862,4,0,0.0,4,42,7.550000000015359,0.37500000000085265,1.66805555555552,100.0,100.0,0.0,0.0,29,4,4,4,0,25,3.8749895095825195
0.5,detection,3,29,4,0.13793103448275862,4,0,0.0,4,41,10.775000000019872,0.20000000000050022,1.669444444444409,100.0,100.0,0.0,0.0,29,4,4,4,0,25,3.811196804046631
0.5,detection,4,29,5,0.1724137931034483,5,2,0.4,5,49,8.780000000006543,0.2800000000002683,2.086111111111052,100.0,100.0,0.0,0.0,29,5,5,5,0,24,3.7807600498199463
0.5,detection,5,29,5,0.1724137931034483,5,0,0.0,5,50,11.320000000018263,0.24000000000005456,2.086111111111052,100.0,100.0,0.0,0.0,29,5,5,5,0,24,3.8255045413970947
0.5,detection,6,29,7,0.2413793103448276,7,1,0.14285714285714285,7,69,9.814285714298146,0.35714285714326316,2.919444444444338,100.0,100.0,0.0,0.0,29,7,7,7,0,22,3.924947738647461
0.5,detection,7,29,5,0.1724137931034483,5,1,0.2,5,51,8.240000000018023,0.3600000000006105,2.0847222222221635,100.0,100.0,0.0,0.0,29,6,5,5,0,24,3.900874376296997
0.5,detection,8,29,7,0.2413793103448276,7,0,0.0,7,71,7.32857142858016,0.18571428571427923,2.920833333333227,100.0,100.0,0.0,0.0,29,7,7,7,0,22,4.047462463378906
0.5,detection,9,29,4,0.13793103448275862,4,0,0.0,4,40,8.399999999995735,0.1249999999999929,1.66805555555552,100.0,100.0,0.0,0.0,29,4,4,4,0,25,3.9071288108825684
0.5,detection,10,29,7,0.2413793103448276,7,0,0.0,7,69,10.58571428572902,0.3857142857144546,2.9222222222221155,100.0,100.0,0.0,0.0,29,7,7,7,0,22,3.8524937629699707
0.5,detection,11,29,8,0.27586206896551724,8,0,0.0,8,81,9.31250000001235,0.35000000000008313,3.336111111110981,100.0,100.0,0.0,0.0,29,8,8,8,0,21,3.9641926288604736
0.5,detection,12,29,8,0.27586206896551724,7,1,0.14285714285714285,8,79,7.750000000007741,0.5625000000001812,3.3388888888887585,100.0,100.0,0.0,0.0,29,8,7,7,0,22,4.09203577041626
0.5,detection,13,29,4,0.13793103448275862,3,0,0.0,4,42,9.100000000000414,0.42499999999969873,1.669444444444409,100.0,100.0,0.0,0.0,29,4,3,3,0,26,3.964921712875366
0.5,detection,14,29,5,0.1724137931034483,5,2,0.4,5,50,9.440000000021154,0.2000000000003638,2.086111111111052,100.0,100.0,0.0,0.0,29,5,5,5,0,24,3.95161509513855
0.5,aware,0,29,4,0.13793103448275862,4,0,0.0,4,43,11.550000000007408,0.1499999999998849,1.669444444444409,100.0,100.0,0.0,0.0,29,4,4,4,0,25,4.191245079040527
0.5,aware,1,29,6,0.20689655172413793,5,1,0.2,6,62,10.066666666667365,0.34999999999990905,2.5069444444443616,100.0,100.0,0.0,0.0,29,6,5,5,0,24,4.086215257644653
0.5,aware,2,29,4,0.13793103448275862,4,0,0.0,4,42,7.550000000015359,0.37500000000085265,1.66805555555552,100.0,100.0,0.0,0.0,29,4,4,4,0,25,4.092322826385498
0.5,aware,3,29,4,0.13793103448275862,4,0,0.0,4,41,10.775000000019872,0.20000000000050022,1.669444444444409,100.0,100.0,0.0,0.0,29,4,4,4,0,25,4.150464296340942
0.5,aware,4,29,5,0.1724137931034483,5,2,0.4,5,49,8.780000000006543,0.2800000000002683,2.086111111111052,100.0,100.0,0.0,0.0,29,5,5,5,0,24,4.108164310455322
0.5,aware,5,29,5,0.1724137931034483,5,0,0.0,5,50,11.320000000018263,0.24000000000005456,2.086111111111052,100.0,100.0,0.0,0.0,29,5,5,5,0,24,4.178873300552368
0.5,aware,6,29,7,0.2413793103448276,7,1,0.14285714285714285,7,69,9.814285714298146,0.35714285714326316,2.919444444444338,100.0,100.0,0.0,0.0,29,7,7,7,0,22,4.251984119415283
0.5,aware,7,29,5,0.1724137931034483,5,1,0.2,5,51,8.240000000018023,0.3600000000006105,2.0847222222221635,100.0,100.0,0.0,0.0,29,6,5,5,0,24,4.074153661727905
0.5,aware,8,29,7,0.2413793103448276,7,0,0.0,7,71,7.32857142858016,0.18571428571427923,2.920833333333227,100.0,100.0,0.0,0.0,29,7,7,7,0,22,4.176614999771118
0.5,aware,9,29,4,0.13793103448275862,4,0,0.0,4,40,8.399999999995735,0.1249999999999929,1.66805555555552,100.0,100.0,0.0,0.0,29,4,4,4,0,25,3.591557264328003
0.5,aware,10,29,7,0.2413793103448276,7,0,0.0,7,69,10.58571428572902,0.3857142857144546,2.9222222222221155,100.0,100.0,0.0,0.0,29,7,7,7,0,22,3.6080079078674316
0.5,aware,11,29,8,0.27586206896551724,8,0,0.0,8,81,9.31250000001235,0.35000000000008313,3.336111111110981,100.0,100.0,0.0,0.0,29,8,8,8,0,21,3.5995397567749023
0.5,aware,12,29,8,0.27586206896551724,7,1,0.14285714285714285,8,79,7.750000000007741,0.5625000000001812,3.3388888888887585,100.0,100.0,0.0,0.0,29,8,7,7,0,22,3.563321113586426
0.5,aware,13,29,4,0.13793103448275862,3,0,0.0,4,42,9.100000000000414,0.42499999999969873,1.669444444444409,100.0,100.0,0.0,0.0,29,4,3,3,0,26,3.3967955112457275
0.5,aware,14,29,5,0.1724137931034483,5,2,0.4,5,50,9.440000000021154,0.2000000000003638,2.086111111111052,100.0,100.0,0.0,0.0,29,5,5,5,0,24,3.5279014110565186
0.5,control,0,29,0,0.0,5,2,0.4,0,0,0.0,0.0,0.0,100.0,100.0,0.0,1.5000000000000002,29,9,5,5,1,25,2.0555830001831055
0.5,control,1,29,0,0.0,3,0,0.0,0,0,0.0,0.0,0.0,100.0,100.0,0.0,0.0,29,3,3,3,0,26,2.16677188873291
0.5,control,2,29,0,0.0,4,0,0.0,0,0,0.0,0.0,0.0,100.0,100.0,0.0,3.4000000000000017,29,4,4,5,1,25,2.114424467086792
0.5,control,3,29,0,0.0,4,0,0.0,0,0,0.0,0.0,0.0,100.0,100.0,0.0,0.0,29,4,4,4,0,25,2.27549147605896
0.5,control,4,29,0,0.0,5,1,0.2,0,0,0.0,0.0,0.0,100.0,100.0,0.0,0.0,29,5,5,5,0,24,2.162623167037964
0.5,control,5,29,0,0.0,3,0,0.0,0,0,0.0,0.0,0.0,100.0,100.0,0.0,0.0,29,3,3,3,0,26,2.166013717651367
0.5,control,6,29,0,0.0,7,2,0.2857142857142857,0,0,0.0,0.0,0.0,100.0,100.0,0.0,0.0,29,7,7,7,0,22,2.1816508769989014
0.5,control,7,29,0,0.0,9,0,0.0,0,0,0.0,0.0,0.0,100.0,100.0,0.0,7.499999999999989,29,10,9,10,3,22,2.2008135318756104
0.5,control,8,29,0,0.0,4,1,0.25,0,0,0.0,0.0,0.0,100.0,100.0,0.0,0.0,29,5,4,4,0,25,2.1349406242370605
0.5,control,9,29,0,0.0,6,1,0.16666666666666666,0,0,0.0,0.0,0.0,100.0,100.0,0.0,0.6,29,7,6,6,1,23,2.142900228500366
0.5,control,10,29,0,0.0,4,1,0.25,0,0,0.0,0.0,0.0,100.0,100.0,0.0,0.0,29,4,4,4,0,25,2.051318645477295
0.5,control,11,29,0,0.0,5,1,0.2,0,0,0.0,0.0,0.0,100.0,100.0,0.0,0.0,29,5,5,5,0,24,2.077594518661499
0.5,control,12,29,0,0.0,4,0,0.0,0,0,0.0,0.0,0.0,100.0,100.0,0.0,0.0,29,5,4,4,0,25,2.077218770980835
0.5,control,13,29,0,0.0,10,0,0.0,0,0,0.0,0.0,0.0,100.0,100.0,0.0,0.0,29,11,10,10,0,19,2.0661308765411377
0.5,control,14,29,0,0.0,3,0,0.0,0,0,0.0,0.0,0.0,100.0,100.0,0.0,0.0,29,3,3,3,0,26,2.060727119445801
