caution_speed_kmh,mode,trial,animals,detected,det_rate,road_entries,collisions,col_rate,warnings,vehicles_alerted,mean_latency_s,in_range_latency_s,awareness_pct,veh_present_known_pct,veh_coverage_pct,veh_gated_out_pct,frozen_on_road_s,n_foraging,n_approaching,n_hesitating,n_crossing,n_frozen,n_fleeing,wall_seconds
30,detection,0,29,4,0.13793103448275862,4,0,0.0,4,43,11.550000000007408,0.1499999999998849,1.669444444444409,100.0,100.0,0.0,0.0,29,4,4,4,0,25,3.5211715698242188
30,detection,1,29,6,0.20689655172413793,5,1,0.2,6,62,10.066666666667365,0.34999999999990905,2.5069444444443616,100.0,100.0,0.0,0.0,29,6,5,5,0,24,3.55854868888855
30,detection,2,29,4,0.13793103448275862,4,0,0.0,4,42,7.550000000015359,0.37500000000085265,1.66805555555552,100.0,100.0,0.0,0.0,29,4,4,4,0,25,3.53852915763855
30,detection,3,29,4,0.13793103448275862,4,0,0.0,4,41,10.775000000019872,0.20000000000050022,1.669444444444409,100.0,100.0,0.0,0.0,29,4,4,4,0,25,3.5515828132629395
30,detection,4,29,5,0.1724137931034483,5,2,0.4,5,49,8.780000000006543,0.2800000000002683,2.086111111111052,100.0,100.0,0.0,0.0,29,5,5,5,0,24,3.5091543197631836
30,detection,5,29,5,0.1724137931034483,5,0,0.0,5,50,11.320000000018263,0.24000000000005456,2.086111111111052,100.0,100.0,0.0,0.0,29,5,5,5,0,24,3.5928759574890137
30,detection,6,29,7,0.2413793103448276,7,1,0.14285714285714285,7,69,9.814285714298146,0.35714285714326316,2.919444444444338,100.0,100.0,0.0,0.0,29,7,7,7,0,22,3.5914552211761475
30,detection,7,29,5,0.1724137931034483,5,1,0.2,5,51,8.240000000018023,0.3600000000006105,2.0847222222221635,100.0,100.0,0.0,0.0,29,6,5,5,0,24,3.5934088230133057
30,detection,8,29,7,0.2413793103448276,7,0,0.0,7,71,7.32857142858016,0.18571428571427923,2.920833333333227,100.0,100.0,0.0,0.0,29,7,7,7,0,22,3.6992647647857666
30,detection,9,29,4,0.13793103448275862,4,0,0.0,4,40,8.399999999995735,0.1249999999999929,1.66805555555552,100.0,100.0,0.0,0.0,29,4,4,4,0,25,3.713606119155884
30,detection,10,29,7,0.2413793103448276,7,0,0.0,7,69,10.58571428572902,0.3857142857144546,2.9222222222221155,100.0,100.0,0.0,0.0,29,7,7,7,0,22,3.7202608585357666
30,detection,11,29,8,0.27586206896551724,8,0,0.0,8,81,9.31250000001235,0.35000000000008313,3.336111111110981,100.0,100.0,0.0,0.0,29,8,8,8,0,21,3.737891435623169
30,detection,12,29,8,0.27586206896551724,7,1,0.14285714285714285,8,79,7.750000000007741,0.5625000000001812,3.3388888888887585,100.0,100.0,0.0,0.0,29,8,7,7,0,22,3.733093023300171
30,detection,13,29,4,0.13793103448275862,3,0,0.0,4,42,9.100000000000414,0.42499999999969873,1.669444444444409,100.0,100.0,0.0,0.0,29,4,3,3,0,26,3.6818878650665283
30,detection,14,29,5,0.1724137931034483,5,2,0.4,5,50,9.440000000021154,0.2000000000003638,2.086111111111052,100.0,100.0,0.0,0.0,29,5,5,5,0,24,3.7034037113189697
30,aware,0,29,4,0.13793103448275862,4,0,0.0,4,43,11.550000000007408,0.1499999999998849,1.669444444444409,100.0,100.0,0.0,0.0,29,4,4,4,0,25,3.8162572383880615
30,aware,1,29,6,0.20689655172413793,5,1,0.2,6,62,10.066666666667365,0.34999999999990905,2.5069444444443616,100.0,100.0,0.0,0.0,29,6,5,5,0,24,3.632852554321289
30,aware,2,29,4,0.13793103448275862,4,0,0.0,4,42,7.550000000015359,0.37500000000085265,1.66805555555552,100.0,100.0,0.0,0.0,29,4,4,4,0,25,3.7398579120635986
30,aware,3,29,4,0.13793103448275862,4,0,0.0,4,41,10.775000000019872,0.20000000000050022,1.669444444444409,100.0,100.0,0.0,0.0,29,4,4,4,0,25,3.6899752616882324
30,aware,4,29,5,0.1724137931034483,5,2,0.4,5,49,8.780000000006543,0.2800000000002683,2.086111111111052,100.0,100.0,0.0,0.0,29,5,5,5,0,24,3.7072715759277344
30,aware,5,29,5,0.1724137931034483,5,0,0.0,5,50,11.320000000018263,0.24000000000005456,2.086111111111052,100.0,100.0,0.0,0.0,29,5,5,5,0,24,3.6356775760650635
30,aware,6,29,7,0.2413793103448276,7,1,0.14285714285714285,7,69,9.814285714298146,0.35714285714326316,2.919444444444338,100.0,100.0,0.0,0.0,29,7,7,7,0,22,3.6272921562194824
30,aware,7,29,5,0.1724137931034483,5,1,0.2,5,51,8.240000000018023,0.3600000000006105,2.0847222222221635,100.0,100.0,0.0,0.0,29,6,5,5,0,24,3.66892671585083
30,aware,8,29,7,0.2413793103448276,7,0,0.0,7,71,7.32857142858016,0.18571428571427923,2.920833333333227,100.0,100.0,0.0,0.0,29,7,7,7,0,22,3.652111530303955
30,aware,9,29,4,0.13793103448275862,4,0,0.0,4,40,8.399999999995735,0.1249999999999929,1.66805555555552,100.0,100.0,0.0,0.0,29,4,4,4,0,25,3.1389827728271484
30,aware,10,29,7,0.2413793103448276,7,0,0.0,7,69,10.58571428572902,0.3857142857144546,2.9222222222221155,100.0,100.0,0.0,0.0,29,7,7,7,0,22,3.2181832790374756
30,aware,11,29,8,0.27586206896551724,8,0,0.0,8,81,9.31250000001235,0.35000000000008313,3.336111111110981,100.0,100.0,0.0,0.0,29,8,8,8,0,21,3.1888468265533447
30,aware,12,29,8,0.27586206896551724,7,1,0.14285714285714285,8,79,7.750000000007741,0.5625000000001812,3.3388888888887585,100.0,100.0,0.0,0.0,29,8,7,7,0,22,3.148028612136841
30,aware,13,29,4,0.13793103448275862,3,0,0.0,4,42,9.100000000000414,0.42499999999969873,1.669444444444409,100.0,100.0,0.0,0.0,29,4,3,3,0,26,3.1142656803131104
30,aware,14,29,5,0.1724137931034483,5,2,0.4,5,50,9.440000000021154,0.2000000000003638,2.086111111111052,100.0,100.0,0.0,0.0,29,5,5,5,0,24,3.1509101390838623
30,control,0,29,0,0.0,5,2,0.4,0,0,0.0,0.0,0.0,100.0,100.0,0.0,1.5000000000000002,29,9,5,5,1,25,1.9691433906555176
30,control,1,29,0,0.0,3,0,0.0,0,0,0.0,0.0,0.0,100.0,100.0,0.0,0.0,29,3,3,3,0,26,1.9733397960662842
30,control,2,29,0,0.0,4,0,0.0,0,0,0.0,0.0,0.0,100.0,100.0,0.0,3.4000000000000017,29,4,4,5,1,25,2.004859447479248
30,control,3,29,0,0.0,4,0,0.0,0,0,0.0,0.0,0.0,100.0,100.0,0.0,0.0,29,4,4,4,0,25,2.0138542652130127
30,control,4,29,0,0.0,5,1,0.2,0,0,0.0,0.0,0.0,100.0,100.0,0.0,0.0,29,5,5,5,0,24,1.9731791019439697
30,control,5,29,0,0.0,3,0,0.0,0,0,0.0,0.0,0.0,100.0,100.0,0.0,0.0,29,3,3,3,0,26,1.9882020950317383
30,control,6,29,0,0.0,7,2,0.2857142857142857,0,0,0.0,0.0,0.0,100.0,100.0,0.0,0.0,29,7,7,7,0,22,1.996265172958374
30,control,7,29,0,0.0,9,0,0.0,0,0,0.0,0.0,0.0,100.0,100.0,0.0,7.499999999999989,29,10,9,10,3,22,2.0187437534332275
30,control,8,29,0,0.0,4,1,0.25,0,0,0.0,0.0,0.0,100.0,100.0,0.0,0.0,29,5,4,4,0,25,1.933318853378296
30,control,9,29,0,0.0,6,1,0.16666666666666666,0,0,0.0,0.0,0.0,100.0,100.0,0.0,0.6,29,7,6,6,1,23,1.923975944519043
30,control,10,29,0,0.0,4,1,0.25,0,0,0.0,0.0,0.0,100.0,100.0,0.0,0.0,29,4,4,4,0,25,1.9078757762908936
30,control,11,29,0,0.0,5,1,0.2,0,0,0.0,0.0,0.0,100.0,100.0,0.0,0.0,29,5,5,5,0,24,1.877000093460083
30,control,12,29,0,0.0,4,0,0.0,0,0,0.0,0.0,0.0,100.0,100.0,0.0,0.0,29,5,4,4,0,25,1.9248402118682861
30,control,13,29,0,0.0,10,0,0.0,0,0,0.0,0.0,0.0,100.0,100.0,0.0,0.0,29,11,10,10,0,19,1.8599834442138672
30,control,14,29,0,0.0,3,0,0.0,0,0,0.0,0.0,0.0,100.0,100.0,0.0,0.0,29,3,3,3,0,26,1.837977647781372
45,detection,0,29,6,0.20689655172413793,6,0,0.0,6,67,9.150000000016277,0.18333333333355975,2.499999999999918,100.0,100.0,0.0,0.0,29,6,6,6,0,23,3.2066457271575928
45,detection,1,29,3,0.10344827586206896,3,0,0.0,3,34,10.300000000008216,0.19999999999996967,1.252777777777766,100.0,100.0,0.0,0.0,29,4,3,3,0,26,3.233630657196045
45,detection,2,29,5,0.1724137931034483,5,1,0.2,5,56,9.740000000020563,0.3000000000007731,2.0833333333332744,100.0,100.0,0.0,0.0,29,7,5,5,0,24,3.3086886405944824
45,detection,3,29,1,0.034482758620689655,1,0,0.0,1,10,8.799999999991996,0.09999999999990905,0.4180555555555578,100.0,100.0,0.0,0.0,29,2,1,1,0,28,3.286297559738159
45,detection,4,29,3,0.10344827586206896,3,1,0.3333333333333333,3,31,10.733333333345968,0.2333333333332348,1.2513888888888773,100.0,100.0,0.0,0.0,29,3,3,3,0,26,3.380479574203491
45,detection,5,29,7,0.2413793103448276,7,1,0.14285714285714285,7,75,11.471428571418139,0.31428571428542845,2.9249999999998932,100.0,100.0,0.0,0.0,29,8,7,7,0,22,3.4514453411102295
45,detection,6,29,7,0.2413793103448276,7,0,0.0,7,74,9.914285714286686,0.20000000000002924,2.9222222222221155,100.0,100.0,0.0,0.0,29,7,7,7,0,22,3.3946731090545654
45,detection,7,29,7,0.2413793103448276,7,0,0.0,7,75,9.914285714299732,0.30000000000008853,2.919444444444338,100.0,100.0,0.0,0.0,29,7,7,7,0,22,3.4411990642547607
45,detection,8,29,5,0.1724137931034483,5,1,0.2,5,54,10.200000000011187,0.18000000000024557,2.086111111111052,100.0,100.0,0.0,0.0,29,5,5,5,0,24,3.478856086730957
45,detection,9,29,4,0.13793103448275862,4,1,0.25,4,45,7.000000000012697,0.17500000000028848,1.6666666666666312,100.0,100.0,0.0,0.0,29,5,4,4,0,25,3.4851818084716797
45,detection,10,29,7,0.2413793103448276,7,0,0.0,7,75,8.871428571435315,0.2857142857148704,2.920833333333227,100.0,100.0,0.0,0.0,29,8,7,7,0,22,3.4136710166931152
45,detection,11,29,7,0.2413793103448276,7,1,0.14285714285714285,7,78,9.028571428591297,0.30000000000018595,2.9180555555554495,100.0,100.0,0.0,0.0,29,7,7,7,0,22,3.4944283962249756
45,detection,12,29,5,0.1724137931034483,5,1,0.2,5,54,9.640000000022514,0.18000000000051272,2.0833333333332744,100.0,100.0,0.0,0.0,29,6,5,5,0,24,3.4872286319732666
45,detection,13,29,5,0.1724137931034483,5,0,0.0,5,54,9.400000000009817,0.4000000000002274,2.0847222222221635,100.0,100.0,0.0,0.0,29,5,5,5,0,24,3.3784120082855225
45,detection,14,29,6,0.20689655172413793,6,0,0.0,6,65,8.650000000011309,0.20000000000019705,2.5027777777776947,100.0,100.0,0.0,0.0,29,6,6,6,0,23,3.480520725250244
45,aware,0,29,6,0.20689655172413793,6,0,0.0,6,67,9.150000000016277,0.18333333333355975,2.499999999999918,100.0,100.0,0.0,0.0,29,6,6,6,0,23,3.4575483798980713
45,aware,1,29,3,0.10344827586206896,3,0,0.0,3,34,10.300000000008216,0.19999999999996967,1.252777777777766,100.0,100.0,0.0,0.0,29,4,3,3,0,26,3.4354634284973145
45,aware,2,29,5,0.1724137931034483,5,1,0.2,5,56,9.740000000020563,0.3000000000007731,2.0833333333332744,100.0,100.0,0.0,0.0,29,7,5,5,0,24,3.4719772338867188
45,aware,3,29,1,0.034482758620689655,1,0,0.0,1,10,8.799999999991996,0.09999999999990905,0.4180555555555578,100.0,100.0,0.0,0.0,29,2,1,1,0,28,3.399218797683716
45,aware,4,29,3,0.10344827586206896,3,1,0.3333333333333333,3,31,10.733333333345968,0.2333333333332348,1.2513888888888773,100.0,100.0,0.0,0.0,29,3,3,3,0,26,3.476755142211914
45,aware,5,29,7,0.2413793103448276,7,1,0.14285714285714285,7,75,11.471428571418139,0.31428571428542845,2.9249999999998932,100.0,100.0,0.0,0.0,29,8,7,7,0,22,3.463131904602051
45,aware,6,29,7,0.2413793103448276,7,0,0.0,7,74,9.914285714286686,0.20000000000002924,2.9222222222221155,100.0,100.0,0.0,0.0,29,7,7,7,0,22,3.4697041511535645
45,aware,7,29,7,0.2413793103448276,7,0,0.0,7,75,9.914285714299732,0.30000000000008853,2.919444444444338,100.0,100.0,0.0,0.0,29,7,7,7,0,22,3.5570433139801025
45,aware,8,29,5,0.1724137931034483,5,1,0.2,5,54,10.200000000011187,0.18000000000024557,2.086111111111052,100.0,100.0,0.0,0.0,29,5,5,5,0,24,3.4909894466400146
45,aware,9,29,4,0.13793103448275862,4,1,0.25,4,45,7.000000000012697,0.17500000000028848,1.6666666666666312,100.0,100.0,0.0,0.0,29,5,4,4,0,25,3.156589984893799
45,aware,10,29,7,0.2413793103448276,7,0,0.0,7,75,8.871428571435315,0.2857142857148704,2.920833333333227,100.0,100.0,0.0,0.0,29,8,7,7,0,22,3.1556615829467773
45,aware,11,29,7,0.2413793103448276,7,1,0.14285714285714285,7,78,9.028571428591297,0.30000000000018595,2.9180555555554495,100.0,100.0,0.0,0.0,29,7,7,7,0,22,3.1707262992858887
45,aware,12,29,5,0.1724137931034483,5,1,0.2,5,54,9.640000000022514,0.18000000000051272,2.0833333333332744,100.0,100.0,0.0,0.0,29,6,5,5,0,24,3.137692451477051
45,aware,13,29,5,0.1724137931034483,5,0,0.0,5,54,9.400000000009817,0.4000000000002274,2.0847222222221635,100.0,100.0,0.0,0.0,29,5,5,5,0,24,3.086974859237671
45,aware,14,29,6,0.20689655172413793,6,0,0.0,6,65,8.650000000011309,0.20000000000019705,2.5027777777776947,100.0,100.0,0.0,0.0,29,6,6,6,0,23,3.089433193206787
45,control,0,29,0,0.0,5,2,0.4,0,0,0.0,0.0,0.0,100.0,100.0,0.0,1.5000000000000002,29,9,5,5,1,25,1.9691433906555176
45,control,1,29,0,0.0,3,0,0.0,0,0,0.0,0.0,0.0,100.0,100.0,0.0,0.0,29,3,3,3,0,26,1.9733397960662842
45,control,2,29,0,0.0,4,0,0.0,0,0,0.0,0.0,0.0,100.0,100.0,0.0,3.4000000000000017,29,4,4,5,1,25,2.004859447479248
45,control,3,29,0,0.0,4,0,0.0,0,0,0.0,0.0,0.0,100.0,100.0,0.0,0.0,29,4,4,4,0,25,2.0138542652130127
45,control,4,29,0,0.0,5,1,0.2,0,0,0.0,0.0,0.0,100.0,100.0,0.0,0.0,29,5,5,5,0,24,1.9731791019439697
45,control,5,29,0,0.0,3,0,0.0,0,0,0.0,0.0,0.0,100.0,100.0,0.0,0.0,29,3,3,3,0,26,1.9882020950317383
45,control,6,29,0,0.0,7,2,0.2857142857142857,0,0,0.0,0.0,0.0,100.0,100.0,0.0,0.0,29,7,7,7,0,22,1.996265172958374
45,control,7,29,0,0.0,9,0,0.0,0,0,0.0,0.0,0.0,100.0,100.0,0.0,7.499999999999989,29,10,9,10,3,22,2.0187437534332275
45,control,8,29,0,0.0,4,1,0.25,0,0,0.0,0.0,0.0,100.0,100.0,0.0,0.0,29,5,4,4,0,25,1.933318853378296
45,control,9,29,0,0.0,6,1,0.16666666666666666,0,0,0.0,0.0,0.0,100.0,100.0,0.0,0.6,29,7,6,6,1,23,1.923975944519043
45,control,10,29,0,0.0,4,1,0.25,0,0,0.0,0.0,0.0,100.0,100.0,0.0,0.0,29,4,4,4,0,25,1.9078757762908936
45,control,11,29,0,0.0,5,1,0.2,0,0,0.0,0.0,0.0,100.0,100.0,0.0,0.0,29,5,5,5,0,24,1.877000093460083
45,control,12,29,0,0.0,4,0,0.0,0,0,0.0,0.0,0.0,100.0,100.0,0.0,0.0,29,5,4,4,0,25,1.9248402118682861
45,control,13,29,0,0.0,10,0,0.0,0,0,0.0,0.0,0.0,100.0,100.0,0.0,0.0,29,11,10,10,0,19,1.8599834442138672
45,control,14,29,0,0.0,3,0,0.0,0,0,0.0,0.0,0.0,100.0,100.0,0.0,0.0,29,3,3,3,0,26,1.837977647781372
60,detection,0,29,4,0.13793103448275862,4,0,0.0,4,48,11.025000000028008,0.17500000000054428,1.6666666666666312,100.0,100.0,0.0,0.0,29,4,4,4,0,25,3.735457181930542
60,detection,1,29,5,0.1724137931034483,4,0,0.0,5,59,7.540000000013697,0.11999999999998182,2.086111111111052,100.0,100.0,0.0,1.4000000000000001,29,6,4,5,1,25,3.7509920597076416
60,detection,2,29,6,0.20689655172413793,6,0,0.0,6,73,9.283333333360853,0.2833333333342504,2.5013888888888065,100.0,100.0,0.0,0.0,29,7,6,6,0,23,3.781423568725586
60,detection,3,29,5,0.1724137931034483,5,1,0.2,5,55,9.939999999999964,0.12000000000007276,2.087499999999941,100.0,100.0,0.0,2.700000000000001,29,5,5,6,1,24,3.7570888996124268
60,detection,4,29,8,0.27586206896551724,8,2,0.25,8,95,9.250000000022666,0.12500000000032685,3.336111111110981,100.0,100.0,0.0,2.3000000000000007,29,8,8,8,1,22,3.9014370441436768
60,detection,5,29,5,0.1724137931034483,5,0,0.0,5,59,12.35999999999749,0.31999999999970896,2.08888888888883,100.0,100.0,0.0,0.0,29,5,5,5,0,24,3.776566743850708
60,detection,6,29,8,0.27586206896551724,8,1,0.125,8,96,9.162500000015257,0.18750000000041211,3.3347222222220925,100.0,100.0,0.0,0.0,29,8,8,8,0,21,3.8815793991088867
60,detection,7,29,6,0.20689655172413793,6,2,0.3333333333333333,6,72,8.300000000012957,0.3500000000004633,2.5027777777776947,100.0,100.0,0.0,0.0,29,6,6,6,0,23,3.834343910217285
60,detection,8,29,3,0.10344827586206896,3,1,0.3333333333333333,3,36,10.133333333347005,0.20000000000004547,1.2513888888888773,100.0,100.0,0.0,0.0,29,3,3,3,0,26,3.7303545475006104
60,detection,9,29,5,0.1724137931034483,5,1,0.2,5,57,7.459999999998075,0.11999999999999886,2.086111111111052,100.0,100.0,0.0,0.0,29,5,5,5,0,24,3.7580535411834717
60,detection,10,29,7,0.2413793103448276,7,0,0.0,7,82,7.7857142857215615,0.20000000000014292,2.920833333333227,100.0,100.0,0.0,0.0,29,9,7,7,0,22,3.7056362628936768
60,detection,11,29,4,0.13793103448275862,4,0,0.0,4,48,6.550000000000892,0.6250000000002345,1.66805555555552,100.0,100.0,0.0,0.0,29,5,4,4,0,25,3.652357816696167
60,detection,12,29,4,0.13793103448275862,4,0,0.0,4,45,9.97500000001002,0.07499999999998153,1.66805555555552,100.0,100.0,0.0,0.0,29,4,4,4,0,25,3.5884108543395996
60,detection,13,29,4,0.13793103448275862,4,0,0.0,4,47,11.17500000001285,0.3750000000008811,1.66805555555552,100.0,100.0,0.0,3.2000000000000015,29,4,4,4,1,26,3.7769932746887207
60,detection,14,29,6,0.20689655172413793,6,0,0.0,6,70,9.533333333354827,0.2666666666666515,2.5027777777776947,100.0,100.0,0.0,0.0,29,7,6,6,0,23,3.8168203830718994
60,aware,0,29,4,0.13793103448275862,4,0,0.0,4,48,11.025000000028008,0.17500000000054428,1.6666666666666312,100.0,100.0,0.0,0.0,29,4,4,4,0,25,3.8064029216766357
60,aware,1,29,5,0.1724137931034483,4,0,0.0,5,59,7.540000000013697,0.11999999999998182,2.086111111111052,100.0,100.0,0.0,1.4000000000000001,29,6,4,5,1,25,4.106783866882324
60,aware,2,29,6,0.20689655172413793,6,0,0.0,6,73,9.283333333360853,0.2833333333342504,2.5013888888888065,100.0,100.0,0.0,0.0,29,7,6,6,0,23,4.031784296035767
60,aware,3,29,5,0.1724137931034483,5,1,0.2,5,55,9.939999999999964,0.12000000000007276,2.087499999999941,100.0,100.0,0.0,2.700000000000001,29,5,5,6,1,24,3.9684791564941406
60,aware,4,29,8,0.27586206896551724,8,2,0.25,8,95,9.250000000022666,0.12500000000032685,3.336111111110981,100.0,100.0,0.0,2.3000000000000007,29,8,8,8,1,22,4.086319923400879
60,aware,5,29,5,0.1724137931034483,5,0,0.0,5,59,12.35999999999749,0.31999999999970896,2.08888888888883,100.0,100.0,0.0,0.0,29,5,5,5,0,24,3.9063668251037598
60,aware,6,29,8,0.27586206896551724,8,1,0.125,8,96,9.162500000015257,0.18750000000041211,3.3347222222220925,100.0,100.0,0.0,0.0,29,8,8,8,0,21,4.050856828689575
60,aware,7,29,6,0.20689655172413793,6,2,0.3333333333333333,6,72,8.300000000012957,0.3500000000004633,2.5027777777776947,100.0,100.0,0.0,0.0,29,6,6,6,0,23,3.943329095840454
60,aware,8,29,3,0.10344827586206896,3,1,0.3333333333333333,3,36,10.133333333347005,0.20000000000004547,1.2513888888888773,100.0,100.0,0.0,0.0,29,3,3,3,0,26,4.034172296524048
60,aware,9,29,5,0.1724137931034483,5,1,0.2,5,57,7.459999999998075,0.11999999999999886,2.086111111111052,100.0,100.0,0.0,0.0,29,5,5,5,0,24,3.4999289512634277
60,aware,10,29,7,0.2413793103448276,7,0,0.0,7,82,7.7857142857215615,0.20000000000014292,2.920833333333227,100.0,100.0,0.0,0.0,29,9,7,7,0,22,3.5353665351867676
60,aware,11,29,4,0.13793103448275862,4,0,0.0,4,48,6.550000000000892,0.6250000000002345,1.66805555555552,100.0,100.0,0.0,0.0,29,5,4,4,0,25,3.5045278072357178
60,aware,12,29,4,0.13793103448275862,4,0,0.0,4,45,9.97500000001002,0.07499999999998153,1.66805555555552,100.0,100.0,0.0,0.0,29,4,4,4,0,25,3.43170428276062
60,aware,13,29,4,0.13793103448275862,4,0,0.0,4,47,11.17500000001285,0.3750000000008811,1.66805555555552,100.0,100.0,0.0,3.2000000000000015,29,4,4,4,1,26,3.4622223377227783
60,aware,14,29,6,0.20689655172413793,6,0,0.0,6,70,9.533333333354827,0.2666666666666515,2.5027777777776947,100.0,100.0,0.0,0.0,29,7,6,6,0,23,3.32513427734375
60,control,0,29,0,0.0,5,2,0.4,0,0,0.0,0.0,0.0,100.0,100.0,0.0,1.5000000000000002,29,9,5,5,1,25,1.9691433906555176
60,control,1,29,0,0.0,3,0,0.0,0,0,0.0,0.0,0.0,100.0,100.0,0.0,0.0,29,3,3,3,0,26,1.9733397960662842
60,control,2,29,0,0.0,4,0,0.0,0,0,0.0,0.0,0.0,100.0,100.0,0.0,3.4000000000000017,29,4,4,5,1,25,2.004859447479248
60,control,3,29,0,0.0,4,0,0.0,0,0,0.0,0.0,0.0,100.0,100.0,0.0,0.0,29,4,4,4,0,25,2.0138542652130127
60,control,4,29,0,0.0,5,1,0.2,0,0,0.0,0.0,0.0,100.0,100.0,0.0,0.0,29,5,5,5,0,24,1.9731791019439697
60,control,5,29,0,0.0,3,0,0.0,0,0,0.0,0.0,0.0,100.0,100.0,0.0,0.0,29,3,3,3,0,26,1.9882020950317383
60,control,6,29,0,0.0,7,2,0.2857142857142857,0,0,0.0,0.0,0.0,100.0,100.0,0.0,0.0,29,7,7,7,0,22,1.996265172958374
60,control,7,29,0,0.0,9,0,0.0,0,0,0.0,0.0,0.0,100.0,100.0,0.0,7.499999999999989,29,10,9,10,3,22,2.0187437534332275
60,control,8,29,0,0.0,4,1,0.25,0,0,0.0,0.0,0.0,100.0,100.0,0.0,0.0,29,5,4,4,0,25,1.933318853378296
60,control,9,29,0,0.0,6,1,0.16666666666666666,0,0,0.0,0.0,0.0,100.0,100.0,0.0,0.6,29,7,6,6,1,23,1.923975944519043
60,control,10,29,0,0.0,4,1,0.25,0,0,0.0,0.0,0.0,100.0,100.0,0.0,0.0,29,4,4,4,0,25,1.9078757762908936
60,control,11,29,0,0.0,5,1,0.2,0,0,0.0,0.0,0.0,100.0,100.0,0.0,0.0,29,5,5,5,0,24,1.877000093460083
60,control,12,29,0,0.0,4,0,0.0,0,0,0.0,0.0,0.0,100.0,100.0,0.0,0.0,29,5,4,4,0,25,1.9248402118682861
60,control,13,29,0,0.0,10,0,0.0,0,0,0.0,0.0,0.0,100.0,100.0,0.0,0.0,29,11,10,10,0,19,1.8599834442138672
60,control,14,29,0,0.0,3,0,0.0,0,0,0.0,0.0,0.0,100.0,100.0,0.0,0.0,29,3,3,3,0,26,1.837977647781372
80,detection,0,29,7,0.2413793103448276,7,1,0.14285714285714285,7,88,10.485714285721416,0.24285714285745388,2.920833333333227,100.0,100.0,0.0,0.0,29,7,7,7,0,22,4.015106916427612
80,detection,1,29,1,0.034482758620689655,1,0,0.0,1,13,10.899999999990087,0.1999999999998181,0.4180555555555578,100.0,100.0,0.0,0.0,29,2,1,1,0,28,3.942716121673584
80,detection,2,29,7,0.2413793103448276,7,0,0.0,7,91,9.571428571447248,0.41428571428679917,2.919444444444338,100.0,100.0,0.0,0.0,29,7,7,7,0,22,3.9797627925872803
80,detection,3,29,6,0.20689655172413793,6,1,0.16666666666666666,6,75,7.883333333336092,0.11666666666686372,2.504166666666584,100.0,100.0,0.0,0.0,29,7,6,6,0,23,4.0473268032073975
80,detection,4,29,6,0.20689655172413793,5,1,0.2,6,75,9.41666666668984,0.316666666667345,2.5013888888888065,100.0,100.0,0.0,0.0,29,7,5,5,0,24,3.90897536277771
80,detection,5,29,4,0.13793103448275862,4,0,0.0,4,52,10.775000000002137,0.6749999999996135,1.6708333333332976,100.0,100.0,0.0,0.0,29,4,4,4,0,25,3.938453197479248
80,detection,6,29,8,0.27586206896551724,8,3,0.375,8,100,8.587500000011346,0.26250000000052864,3.33749999999987,100.0,100.0,0.0,0.0,29,8,8,8,0,21,3.9881722927093506
80,detection,7,29,4,0.13793103448275862,4,0,0.0,4,49,10.324999999992038,0.29999999999987637,1.6708333333332976,100.0,100.0,0.0,0.0,29,4,4,4,0,25,3.9437217712402344
80,detection,8,29,6,0.20689655172413793,6,1,0.16666666666666666,6,81,7.43333333333544,0.16666666666662877,2.5055555555554725,100.0,100.0,0.0,0.0,29,6,6,6,0,23,3.66906476020813
80,detection,9,29,4,0.13793103448275862,3,0,0.0,4,52,8.975000000004876,0.1249999999999929,1.66805555555552,100.0,100.0,0.0,1.5000000000000002,29,4,4,4,1,26,3.6284759044647217
80,detection,10,29,4,0.13793103448275862,4,0,0.0,4,49,8.825000000011869,0.3000000000004093,1.669444444444409,100.0,100.0,0.0,0.0,29,4,4,4,0,25,3.6609535217285156
80,detection,11,29,6,0.20689655172413793,5,0,0.0,6,79,8.600000000006881,0.33333333333379284,2.5027777777776947,100.0,100.0,0.0,0.0,29,7,5,5,0,24,3.7593328952789307
80,detection,12,29,8,0.27586206896551724,8,0,0.0,8,102,10.137500000002998,0.3500000000000476,3.3388888888887585,100.0,100.0,0.0,1.8000000000000005,29,8,8,9,1,21,3.850008010864258
80,detection,13,29,4,0.13793103448275862,4,0,0.0,4,51,9.900000000009008,0.5250000000004036,1.66805555555552,100.0,100.0,0.0,0.0,29,4,4,4,0,25,3.6058409214019775
80,detection,14,29,4,0.13793103448275862,4,0,0.0,4,51,6.9999999999936335,0.049999999999954525,1.6708333333332976,100.0,100.0,0.0,0.0,29,5,4,4,0,25,3.7101213932037354
80,aware,0,29,7,0.2413793103448276,7,1,0.14285714285714285,7,88,10.485714285721416,0.24285714285745388,2.920833333333227,100.0,100.0,0.0,0.0,29,7,7,7,0,22,3.796950578689575
80,aware,1,29,1,0.034482758620689655,1,0,0.0,1,13,10.899999999990087,0.1999999999998181,0.4180555555555578,100.0,100.0,0.0,0.0,29,2,1,1,0,28,3.716399669647217
80,aware,2,29,7,0.2413793103448276,7,0,0.0,7,91,9.571428571447248,0.41428571428679917,2.919444444444338,100.0,100.0,0.0,0.0,29,7,7,7,0,22,3.8560867309570312
80,aware,3,29,6,0.20689655172413793,6,1,0.16666666666666666,6,75,7.883333333336092,0.11666666666686372,2.504166666666584,100.0,100.0,0.0,0.0,29,7,6,6,0,23,3.8273253440856934
80,aware,4,29,6,0.20689655172413793,5,1,0.2,6,75,9.41666666668984,0.316666666667345,2.5013888888888065,100.0,100.0,0.0,0.0,29,7,5,5,0,24,3.7746591567993164
80,aware,5,29,4,0.13793103448275862,4,0,0.0,4,52,10.775000000002137,0.6749999999996135,1.6708333333332976,100.0,100.0,0.0,0.0,29,4,4,4,0,25,3.778083324432373
80,aware,6,29,8,0.27586206896551724,8,3,0.375,8,100,8.587500000011346,0.26250000000052864,3.33749999999987,100.0,100.0,0.0,0.0,29,8,8,8,0,21,3.9658327102661133
80,aware,7,29,4,0.13793103448275862,4,0,0.0,4,49,10.324999999992038,0.29999999999987637,1.6708333333332976,100.0,100.0,0.0,0.0,29,4,4,4,0,25,3.8789892196655273
80,aware,8,29,6,0.20689655172413793,6,1,0.16666666666666666,6,81,7.43333333333544,0.16666666666662877,2.5055555555554725,100.0,100.0,0.0,0.0,29,6,6,6,0,23,3.9060702323913574
80,aware,9,29,4,0.13793103448275862,3,0,0.0,4,52,8.975000000004876,0.1249999999999929,1.66805555555552,100.0,100.0,0.0,1.5000000000000002,29,4,4,4,1,26,3.3836605548858643
80,aware,10,29,4,0.13793103448275862,4,0,0.0,4,49,8.825000000011869,0.3000000000004093,1.669444444444409,100.0,100.0,0.0,0.0,29,4,4,4,0,25,3.408703565597534
80,aware,11,29,6,0.20689655172413793,5,0,0.0,6,79,8.600000000006881,0.33333333333379284,2.5027777777776947,100.0,100.0,0.0,0.0,29,7,5,5,0,24,3.3679213523864746
80,aware,12,29,8,0.27586206896551724,8,0,0.0,8,102,10.137500000002998,0.3500000000000476,3.3388888888887585,100.0,100.0,0.0,1.8000000000000005,29,8,8,9,1,21,3.49692964553833
80,aware,13,29,4,0.13793103448275862,4,0,0.0,4,51,9.900000000009008,0.5250000000004036,1.66805555555552,100.0,100.0,0.0,0.0,29,4,4,4,0,25,3.2869672775268555
80,aware,14,29,4,0.13793103448275862,4,0,0.0,4,51,6.9999999999936335,0.049999999999954525,1.6708333333332976,100.0,100.0,0.0,0.0,29,5,4,4,0,25,3.376476287841797
80,control,0,29,0,0.0,5,2,0.4,0,0,0.0,0.0,0.0,100.0,100.0,0.0,1.5000000000000002,29,9,5,5,1,25,1.9691433906555176
80,control,1,29,0,0.0,3,0,0.0,0,0,0.0,0.0,0.0,100.0,100.0,0.0,0.0,29,3,3,3,0,26,1.9733397960662842
80,control,2,29,0,0.0,4,0,0.0,0,0,0.0,0.0,0.0,100.0,100.0,0.0,3.4000000000000017,29,4,4,5,1,25,2.004859447479248
80,control,3,29,0,0.0,4,0,0.0,0,0,0.0,0.0,0.0,100.0,100.0,0.0,0.0,29,4,4,4,0,25,2.0138542652130127
80,control,4,29,0,0.0,5,1,0.2,0,0,0.0,0.0,0.0,100.0,100.0,0.0,0.0,29,5,5,5,0,24,1.9731791019439697
80,control,5,29,0,0.0,3,0,0.0,0,0,0.0,0.0,0.0,100.0,100.0,0.0,0.0,29,3,3,3,0,26,1.9882020950317383
80,control,6,29,0,0.0,7,2,0.2857142857142857,0,0,0.0,0.0,0.0,100.0,100.0,0.0,0.0,29,7,7,7,0,22,1.996265172958374
80,control,7,29,0,0.0,9,0,0.0,0,0,0.0,0.0,0.0,100.0,100.0,0.0,7.499999999999989,29,10,9,10,3,22,2.0187437534332275
80,control,8,29,0,0.0,4,1,0.25,0,0,0.0,0.0,0.0,100.0,100.0,0.0,0.0,29,5,4,4,0,25,1.933318853378296
80,control,9,29,0,0.0,6,1,0.16666666666666666,0,0,0.0,0.0,0.0,100.0,100.0,0.0,0.6,29,7,6,6,1,23,1.923975944519043
80,control,10,29,0,0.0,4,1,0.25,0,0,0.0,0.0,0.0,100.0,100.0,0.0,0.0,29,4,4,4,0,25,1.9078757762908936
80,control,11,29,0,0.0,5,1,0.2,0,0,0.0,0.0,0.0,100.0,100.0,0.0,0.0,29,5,5,5,0,24,1.877000093460083
80,control,12,29,0,0.0,4,0,0.0,0,0,0.0,0.0,0.0,100.0,100.0,0.0,0.0,29,5,4,4,0,25,1.9248402118682861
80,control,13,29,0,0.0,10,0,0.0,0,0,0.0,0.0,0.0,100.0,100.0,0.0,0.0,29,11,10,10,0,19,1.8599834442138672
80,control,14,29,0,0.0,3,0,0.0,0,0,0.0,0.0,0.0,100.0,100.0,0.0,0.0,29,3,3,3,0,26,1.837977647781372
100,detection,0,29,4,0.13793103448275862,4,0,0.0,4,55,10.175000000024916,0.300000000000999,1.6666666666666312,100.0,100.0,0.0,0.0,29,4,4,4,0,25,3.5949597358703613
100,detection,1,29,7,0.2413793103448276,7,0,0.0,7,97,8.900000000008665,0.31428571428562335,2.9222222222221155,100.0,100.0,0.0,2.500000000000001,29,7,7,7,1,23,3.50644850730896
100,detection,2,29,6,0.20689655172413793,6,0,0.0,6,84,7.966666666666583,0.250000000000379,2.504166666666584,100.0,100.0,0.0,0.0,29,6,6,6,0,23,3.6581265926361084
100,detection,3,29,5,0.1724137931034483,4,0,0.0,5,68,7.760000000011496,0.22000000000061845,2.086111111111052,100.0,100.0,0.0,2.800000000000001,29,6,4,4,1,26,3.649491310119629
100,detection,4,29,5,0.1724137931034483,5,1,0.2,5,68,9.10000000001935,0.1399999999999409,2.0847222222221635,100.0,100.0,0.0,1.8000000000000005,29,5,5,6,1,24,3.7268099784851074
100,detection,5,29,5,0.1724137931034483,5,1,0.2,5,69,9.820000000004347,0.47999999999992726,2.087499999999941,100.0,100.0,0.0,1.0999999999999999,29,5,5,5,1,24,3.7066097259521484
100,detection,6,29,6,0.20689655172413793,6,2,0.3333333333333333,6,79,10.133333333342895,0.18333333333339397,2.504166666666584,100.0,100.0,0.0,0.0,29,6,6,6,0,23,3.7560770511627197
100,detection,7,29,10,0.3448275862068966,10,1,0.1,10,137,8.630000000012776,0.46000000000101693,4.170833333333331,100.0,100.0,0.0,7.999999999999988,29,11,10,12,3,19,3.720616579055786
100,detection,8,29,7,0.2413793103448276,6,2,0.3333333333333333,7,97,7.114285714298213,0.20000000000030532,2.9180555555554495,100.0,100.0,0.0,0.0,29,7,6,6,0,23,3.5557303428649902
100,detection,9,29,9,0.3103448275862069,9,0,0.0,9,124,7.76666666667448,0.37777777777850474,3.755555555555458,100.0,100.0,0.0,3.4000000000000017,29,9,9,10,1,20,3.5024831295013428
100,detection,10,29,7,0.2413793103448276,7,1,0.14285714285714285,7,94,8.628571428578002,0.30000000000044175,2.9236111111110046,100.0,100.0,0.0,0.0,29,8,7,7,0,22,3.485653877258301
100,detection,11,29,7,0.2413793103448276,7,2,0.2857142857142857,7,95,7.371428571426691,0.42857142857136765,2.9236111111110046,100.0,100.0,0.0,2.2000000000000006,29,7,7,7,1,23,3.4390735626220703
100,detection,12,29,4,0.13793103448275862,4,0,0.0,4,56,9.174999999995059,0.09999999999995879,1.669444444444409,100.0,100.0,0.0,0.0,29,6,4,4,0,25,3.552572011947632
100,detection,13,29,4,0.13793103448275862,4,0,0.0,4,55,9.900000000007758,0.2999999999998124,1.66805555555552,100.0,100.0,0.0,0.0,29,5,4,4,0,25,3.5262887477874756
100,detection,14,29,8,0.27586206896551724,8,1,0.125,8,111,9.349999999997692,0.26249999999987494,3.3416666666665362,100.0,100.0,0.0,0.0,29,9,8,8,0,21,3.543470621109009
100,aware,0,29,4,0.13793103448275862,4,0,0.0,4,55,10.175000000024916,0.300000000000999,1.6666666666666312,100.0,100.0,0.0,0.0,29,4,4,4,0,25,3.4639880657196045
100,aware,1,29,7,0.2413793103448276,7,0,0.0,7,97,8.900000000008665,0.31428571428562335,2.9222222222221155,100.0,100.0,0.0,2.500000000000001,29,7,7,7,1,23,3.565288543701172
100,aware,2,29,6,0.20689655172413793,6,0,0.0,6,84,7.966666666666583,0.250000000000379,2.504166666666584,100.0,100.0,0.0,0.0,29,6,6,6,0,23,3.643524408340454
100,aware,3,29,5,0.1724137931034483,4,0,0.0,5,68,7.760000000011496,0.22000000000061845,2.086111111111052,100.0,100.0,0.0,2.800000000000001,29,6,4,4,1,26,3.510261297225952
100,aware,4,29,5,0.1724137931034483,5,1,0.2,5,68,9.10000000001935,0.1399999999999409,2.0847222222221635,100.0,100.0,0.0,1.8000000000000005,29,5,5,6,1,24,3.52653431892395
100,aware,5,29,5,0.1724137931034483,5,1,0.2,5,69,9.820000000004347,0.47999999999992726,2.087499999999941,100.0,100.0,0.0,1.0999999999999999,29,5,5,5,1,24,3.606215715408325
100,aware,6,29,6,0.20689655172413793,6,2,0.3333333333333333,6,79,10.133333333342895,0.18333333333339397,2.504166666666584,100.0,100.0,0.0,0.0,29,6,6,6,0,23,3.4722766876220703
100,aware,7,29,10,0.3448275862068966,10,1,0.1,10,137,8.630000000012776,0.46000000000101693,4.170833333333331,100.0,100.0,0.0,7.999999999999988,29,11,10,12,3,19,3.6704087257385254
100,aware,8,29,7,0.2413793103448276,6,2,0.3333333333333333,7,97,7.114285714298213,0.20000000000030532,2.9180555555554495,100.0,100.0,0.0,0.0,29,7,6,6,0,23,3.723869800567627
100,aware,9,29,9,0.3103448275862069,9,0,0.0,9,124,7.76666666667448,0.37777777777850474,3.755555555555458,100.0,100.0,0.0,3.4000000000000017,29,9,9,10,1,20,3.364281415939331
100,aware,10,29,7,0.2413793103448276,7,1,0.14285714285714285,7,94,8.628571428578002,0.30000000000044175,2.9236111111110046,100.0,100.0,0.0,0.0,29,8,7,7,0,22,3.29474139213562
100,aware,11,29,7,0.2413793103448276,7,2,0.2857142857142857,7,95,7.371428571426691,0.42857142857136765,2.9236111111110046,100.0,100.0,0.0,2.2000000000000006,29,7,7,7,1,23,3.4128847122192383
100,aware,12,29,4,0.13793103448275862,4,0,0.0,4,56,9.174999999995059,0.09999999999995879,1.669444444444409,100.0,100.0,0.0,0.0,29,6,4,4,0,25,3.3081746101379395
100,aware,13,29,4,0.13793103448275862,4,0,0.0,4,55,9.900000000007758,0.2999999999998124,1.66805555555552,100.0,100.0,0.0,0.0,29,5,4,4,0,25,3.2356598377227783
100,aware,14,29,8,0.27586206896551724,8,1,0.125,8,111,9.349999999997692,0.26249999999987494,3.3416666666665362,100.0,100.0,0.0,0.0,29,9,8,8,0,21,3.236659288406372
100,control,0,29,0,0.0,5,2,0.4,0,0,0.0,0.0,0.0,100.0,100.0,0.0,1.5000000000000002,29,9,5,5,1,25,1.9691433906555176
100,control,1,29,0,0.0,3,0,0.0,0,0,0.0,0.0,0.0,100.0,100.0,0.0,0.0,29,3,3,3,0,26,1.9733397960662842
100,control,2,29,0,0.0,4,0,0.0,0,0,0.0,0.0,0.0,100.0,100.0,0.0,3.4000000000000017,29,4,4,5,1,25,2.004859447479248
100,control,3,29,0,0.0,4,0,0.0,0,0,0.0,0.0,0.0,100.0,100.0,0.0,0.0,29,4,4,4,0,25,2.0138542652130127
100,control,4,29,0,0.0,5,1,0.2,0,0,0.0,0.0,0.0,100.0,100.0,0.0,0.0,29,5,5,5,0,24,1.9731791019439697
100,control,5,29,0,0.0,3,0,0.0,0,0,0.0,0.0,0.0,100.0,100.0,0.0,0.0,29,3,3,3,0,26,1.9882020950317383
100,control,6,29,0,0.0,7,2,0.2857142857142857,0,0,0.0,0.0,0.0,100.0,100.0,0.0,0.0,29,7,7,7,0,22,1.996265172958374
100,control,7,29,0,0.0,9,0,0.0,0,0,0.0,0.0,0.0,100.0,100.0,0.0,7.499999999999989,29,10,9,10,3,22,2.0187437534332275
100,control,8,29,0,0.0,4,1,0.25,0,0,0.0,0.0,0.0,100.0,100.0,0.0,0.0,29,5,4,4,0,25,1.933318853378296
100,control,9,29,0,0.0,6,1,0.16666666666666666,0,0,0.0,0.0,0.0,100.0,100.0,0.0,0.6,29,7,6,6,1,23,1.923975944519043
100,control,10,29,0,0.0,4,1,0.25,0,0,0.0,0.0,0.0,100.0,100.0,0.0,0.0,29,4,4,4,0,25,1.9078757762908936
100,control,11,29,0,0.0,5,1,0.2,0,0,0.0,0.0,0.0,100.0,100.0,0.0,0.0,29,5,5,5,0,24,1.877000093460083
100,control,12,29,0,0.0,4,0,0.0,0,0,0.0,0.0,0.0,100.0,100.0,0.0,0.0,29,5,4,4,0,25,1.9248402118682861
100,control,13,29,0,0.0,10,0,0.0,0,0,0.0,0.0,0.0,100.0,100.0,0.0,0.0,29,11,10,10,0,19,1.8599834442138672
100,control,14,29,0,0.0,3,0,0.0,0,0,0.0,0.0,0.0,100.0,100.0,0.0,0.0,29,3,3,3,0,26,1.837977647781372
